block,spatial_ref,quantile,current_radiance,matched_baseline_radiance,recovery_pct,recovery_low_pct,recovery_high_pct,spatial_coverage_pct,valid_pixel_count,date_start,date_end,date_mid,mean_ntl,observation_status,unit_name,unit_type,method,aggregation_days,ghsl_mask,sc_threshold_pct
-45,0,0.95,1014.5653,688.39746,147.38075,125.12393188476562,174.9707489013672,100.0,147,2013-05-12,2013-05-15,2013-05-13 12:00:00,6.9018048137223635,observed,Tacloban City,City/municipality,Reliability-qualified DNB-BRDF,4,G2,10.0
-44,0,0.95,698.3037,688.39746,101.43903,86.12014770507812,120.42864990234375,100.0,147,2013-05-16,2013-05-19,2013-05-17 12:00:00,4.750365380527211,observed,Tacloban City,City/municipality,Reliability-qualified DNB-BRDF,4,G2,10.0
-43,0,0.95,759.4459,688.39746,110.320854,93.6606674194336,130.97315979003906,100.0,147,2013-05-20,2013-05-23,2013-05-21 12:00:00,5.166298794908588,observed,Tacloban City,City/municipality,Reliability-qualified DNB-BRDF,4,G2,10.0
-42,0,0.95,872.0381,685.0232,127.30052,108.19630432128906,151.05792236328125,98.63945578231292,145,2013-05-24,2013-05-27,2013-05-25 12:00:00,6.014055765086207,observed,Tacloban City,City/municipality,Reliability-qualified DNB-BRDF,4,G2,10.0
-41,0,0.95,1009.3856,562.54974,179.43047,153.77719116210938,211.0416259765625,71.42857142857143,105,2013-05-28,2013-05-31,2013-05-29 12:00:00,9.613196382068452,observed,Tacloban City,City/municipality,Reliability-qualified DNB-BRDF,4,G2,10.0
-40,0,0.95,147.84802,173.44182,85.24358,76.27910614013672,98.51238250732422,17.687074829931973,26,2013-06-01,2013-06-04,2013-06-02 12:00:00,5.68646240234375,observed,Tacloban City,City/municipality,Reliability-qualified DNB-BRDF,4,G2,10.0
-39,0,0.95,,,,,,0.0,0,2013-06-05,2013-06-08,2013-06-06 12:00:00,,not observable,Tacloban City,City/municipality,Reliability-qualified DNB-BRDF,4,G2,10.0
-38,0,0.95,,,,,,0.0,0,2013-06-09,2013-06-12,2013-06-10 12:00:00,,not observable,Tacloban City,City/municipality,Reliability-qualified DNB-BRDF,4,G2,10.0
-37,0,0.95,,,,,,0.0,0,2013-06-13,2013-06-16,2013-06-14 12:00:00,,not observable,Tacloban City,City/municipality,Reliability-qualified DNB-BRDF,4,G2,10.0
-36,0,0.95,,,,,,0.0,0,2013-06-17,2013-06-20,2013-06-18 12:00:00,,not observable,Tacloban City,City/municipality,Reliability-qualified DNB-BRDF,4,G2,10.0
-35,0,0.95,574.35565,653.78204,87.85124,74.23828887939453,104.85481262207031,95.91836734693878,141,2013-06-21,2013-06-24,2013-06-22 12:00:00,4.073444339400488,observed,Tacloban City,City/municipality,Reliability-qualified DNB-BRDF,4,G2,10.0
-34,0,0.95,,,,,,0.0,0,2013-06-25,2013-06-28,2013-06-26 12:00:00,,not observable,Tacloban City,City/municipality,Reliability-qualified DNB-BRDF,4,G2,10.0
-33,0,0.95,799.0495,682.07294,117.15016,99.48318481445312,138.58859252929688,99.31972789115646,146,2013-06-29,2013-07-02,2013-06-30 12:00:00,5.4729417774775255,observed,Tacloban City,City/municipality,Reliability-qualified DNB-BRDF,4,G2,10.0
-32,0,0.95,586.7427,675.9187,86.806694,73.73236846923828,102.57141876220703,95.23809523809524,140,2013-07-03,2013-07-06,2013-07-04 12:00:00,4.191019112723215,observed,Tacloban City,City/municipality,Reliability-qualified DNB-BRDF,4,G2,10.0
-31,0,0.95,752.49414,688.39746,109.311,92.80331420898438,129.77426147460938,100.0,147,2013-07-07,2013-07-10,2013-07-08 12:00:00,5.1190077593537415,observed,Tacloban City,City/municipality,Reliability-qualified DNB-BRDF,4,G2,10.0
-30,0,0.95,19.51735,25.755283,75.77998,49.28654479980469,112.00665283203125,15.646258503401361,23,2013-07-11,2013-07-14,2013-07-12 12:00:00,0.8485804018766984,observed,Tacloban City,City/municipality,Reliability-qualified DNB-BRDF,4,G2,10.0
-29,0,0.95,537.8368,688.39746,78.128815,66.33013916015625,92.75470733642578,100.0,147,2013-07-15,2013-07-18,2013-07-16 12:00:00,3.6587536870216835,observed,Tacloban City,City/municipality,Reliability-qualified DNB-BRDF,4,G2,10.0
-28,0,0.95,541.4827,579.56274,93.42953,79.75992584228516,110.90315246582031,85.03401360544218,125,2013-07-19,2013-07-22,2013-07-20 12:00:00,4.33186181640625,observed,Tacloban City,City/municipality,Reliability-qualified DNB-BRDF,4,G2,10.0
-27,0,0.95,78.727135,136.3605,57.73456,48.93442153930664,69.5506591796875,20.408163265306122,30,2013-07-23,2013-07-26,2013-07-24 12:00:00,2.624237823486328,observed,Tacloban City,City/municipality,Reliability-qualified DNB-BRDF,4,G2,10.0
-26,0,0.95,,,,,,0.0,0,2013-07-27,2013-07-30,2013-07-28 12:00:00,,not observable,Tacloban City,City/municipality,Reliability-qualified DNB-BRDF,4,G2,10.0
-25,0,0.95,,,,,,0.0,0,2013-07-31,2013-08-03,2013-08-01 12:00:00,,not observable,Tacloban City,City/municipality,Reliability-qualified DNB-BRDF,4,G2,10.0
-24,0,0.95,24.656307,35.35134,69.74645,53.233577728271484,95.23231506347656,17.006802721088434,25,2013-08-04,2013-08-07,2013-08-05 12:00:00,0.9862522888183594,observed,Tacloban City,City/municipality,Reliability-qualified DNB-BRDF,4,G2,10.0
-23,0,0.95,,,,,,0.0,0,2013-08-08,2013-08-11,2013-08-09 12:00:00,,not observable,Tacloban City,City/municipality,Reliability-qualified DNB-BRDF,4,G2,10.0
-22,0,0.95,,,,,,0.0,0,2013-08-12,2013-08-15,2013-08-13 12:00:00,,not observable,Tacloban City,City/municipality,Reliability-qualified DNB-BRDF,4,G2,10.0
-21,0,0.95,,,,,,0.0,0,2013-08-16,2013-08-19,2013-08-17 12:00:00,,not observable,Tacloban City,City/municipality,Reliability-qualified DNB-BRDF,4,G2,10.0
-20,0,0.95,,,,,,0.0,0,2013-08-20,2013-08-23,2013-08-21 12:00:00,,not observable,Tacloban City,City/municipality,Reliability-qualified DNB-BRDF,4,G2,10.0
-19,0,0.95,,,,,,0.0,0,2013-08-24,2013-08-27,2013-08-25 12:00:00,,not observable,Tacloban City,City/municipality,Reliability-qualified DNB-BRDF,4,G2,10.0
-18,0,0.95,741.0,688.39746,107.641304,91.38577270507812,127.79199981689453,100.0,147,2013-08-28,2013-08-31,2013-08-29 12:00:00,5.040816326530612,observed,Tacloban City,City/municipality,Reliability-qualified DNB-BRDF,4,G2,10.0
-17,0,0.95,705.63196,688.39746,102.50357,87.02391052246094,121.69246673583984,100.0,147,2013-09-01,2013-09-04,2013-09-02 12:00:00,4.800217401413691,observed,Tacloban City,City/municipality,Reliability-qualified DNB-BRDF,4,G2,10.0
-16,0,0.95,704.1322,688.39746,102.285706,86.83895111083984,121.4338150024414,100.0,147,2013-09-05,2013-09-08,2013-09-06 12:00:00,4.790014980601615,observed,Tacloban City,City/municipality,Reliability-qualified DNB-BRDF,4,G2,10.0
-15,0,0.95,68.645004,56.59528,121.291046,86.49364471435547,172.82785034179688,26.53061224489796,39,2013-09-09,2013-09-12,2013-09-10 12:00:00,1.7601283146784856,observed,Tacloban City,City/municipality,Reliability-qualified DNB-BRDF,4,G2,10.0
-14,0,0.95,649.77966,680.9683,95.41995,81.09568786621094,113.13043212890625,98.63945578231292,145,2013-09-13,2013-09-16,2013-09-14 12:00:00,4.481239055765086,observed,Tacloban City,City/municipality,Reliability-qualified DNB-BRDF,4,G2,10.0
-13,0,0.95,,,,,,0.0,0,2013-09-17,2013-09-20,2013-09-18 12:00:00,,not observable,Tacloban City,City/municipality,Reliability-qualified DNB-BRDF,4,G2,10.0
-12,0,0.95,,,,,,0.0,0,2013-09-21,2013-09-24,2013-09-22 12:00:00,,not observable,Tacloban City,City/municipality,Reliability-qualified DNB-BRDF,4,G2,10.0
-11,0,0.95,626.143,646.1127,96.90926,81.87786865234375,115.83000946044922,95.91836734693878,141,2013-09-25,2013-09-28,2013-09-26 12:00:00,4.4407305345467645,observed,Tacloban City,City/municipality,Reliability-qualified DNB-BRDF,4,G2,10.0
-10,0,0.95,,,,,,0.0,0,2013-09-29,2013-10-02,2013-09-30 12:00:00,,not observable,Tacloban City,City/municipality,Reliability-qualified DNB-BRDF,4,G2,10.0
-9,0,0.95,861.4335,551.7725,156.12112,131.19107055664062,187.2642364501953,83.6734693877551,123,2013-10-03,2013-10-06,2013-10-04 12:00:00,7.003524159997459,observed,Tacloban City,City/municipality,Reliability-qualified DNB-BRDF,4,G2,10.0
-8,0,0.95,35.17078,21.596943,162.85074,114.60138702392578,247.8064422607422,13.605442176870747,20,2013-10-07,2013-10-10,2013-10-08 12:00:00,1.7585390090942383,observed,Tacloban City,City/municipality,Reliability-qualified DNB-BRDF,4,G2,10.0
-7,0,0.95,639.1639,688.39746,92.84808,78.8265609741211,110.22945404052734,100.0,147,2013-10-11,2013-10-14,2013-10-12 12:00:00,4.3480536013233415,observed,Tacloban City,City/municipality,Reliability-qualified DNB-BRDF,4,G2,10.0
-6,0,0.95,694.0535,686.9563,101.03314,85.93265533447266,119.92961120605469,99.31972789115646,146,2013-10-15,2013-10-18,2013-10-16 12:00:00,4.753791286520762,observed,Tacloban City,City/municipality,Reliability-qualified DNB-BRDF,4,G2,10.0
-5,0,0.95,,,,,,0.0,0,2013-10-19,2013-10-22,2013-10-20 12:00:00,,not observable,Tacloban City,City/municipality,Reliability-qualified DNB-BRDF,4,G2,10.0
-4,0,0.95,262.99948,381.70087,68.901985,58.79587936401367,83.93560028076172,58.50340136054422,86,2013-10-23,2013-10-26,2013-10-24 12:00:00,3.0581335023392078,observed,Tacloban City,City/municipality,Reliability-qualified DNB-BRDF,4,G2,10.0
-3,0,0.95,80.20335,119.96907,66.853355,52.48716354370117,83.05432891845703,17.687074829931973,26,2013-10-27,2013-10-30,2013-10-28 12:00:00,3.084744086632362,observed,Tacloban City,City/municipality,Reliability-qualified DNB-BRDF,4,G2,10.0
-2,0,0.95,745.3967,666.9607,111.760216,94.52466583251953,133.30386352539062,97.95918367346938,144,2013-10-31,2013-11-03,2013-11-01 12:00:00,5.1763661702473955,observed,Tacloban City,City/municipality,Reliability-qualified DNB-BRDF,4,G2,10.0
-1,0,0.95,,,,,,7.482993197278912,11,2013-11-04,2013-11-07,2013-11-05 12:00:00,,not observable,Tacloban City,City/municipality,Reliability-qualified DNB-BRDF,4,G2,10.0
0,0,0.95,45.376194,683.4968,6.6388307,5.640312194824219,7.877984046936035,98.63945578231292,145,2013-11-08,2013-11-11,2013-11-09 12:00:00,0.312939268967201,observed,Tacloban City,City/municipality,Reliability-qualified DNB-BRDF,4,G2,10.0
1,0,0.95,97.68242,564.568,17.302155,14.572285652160645,20.872709274291992,88.43537414965986,130,2013-11-12,2013-11-15,2013-11-13 12:00:00,0.7514032217172476,observed,Tacloban City,City/municipality,Reliability-qualified DNB-BRDF,4,G2,10.0
2,0,0.95,106.30263,573.4793,18.536436,15.781131744384766,22.016284942626953,87.07482993197279,128,2013-11-16,2013-11-19,2013-11-17 12:00:00,0.8304892778396606,observed,Tacloban City,City/municipality,Reliability-qualified DNB-BRDF,4,G2,10.0
3,0,0.95,,,,,,0.0,0,2013-11-20,2013-11-23,2013-11-21 12:00:00,,not observable,Tacloban City,City/municipality,Reliability-qualified DNB-BRDF,4,G2,10.0
4,0,0.95,6.321911,49.281967,12.828041,9.722872734069824,17.49173927307129,18.367346938775512,27,2013-11-24,2013-11-27,2013-11-25 12:00:00,0.23414484659830728,observed,Tacloban City,City/municipality,Reliability-qualified DNB-BRDF,4,G2,10.0
5,0,0.95,143.79494,688.39746,20.888361,17.733888626098633,24.798707962036133,100.0,147,2013-11-28,2013-12-01,2013-11-29 12:00:00,0.9781968512502658,observed,Tacloban City,City/municipality,Reliability-qualified DNB-BRDF,4,G2,10.0
6,0,0.95,178.44179,688.39746,25.921333,22.006803512573242,30.77386474609375,100.0,147,2013-12-02,2013-12-05,2013-12-03 12:00:00,1.2138897123790922,observed,Tacloban City,City/municipality,Reliability-qualified DNB-BRDF,4,G2,10.0
7,0,0.95,156.69083,688.39746,22.76168,19.324308395385742,27.02271842956543,100.0,147,2013-12-06,2013-12-09,2013-12-07 12:00:00,1.0659239892245962,observed,Tacloban City,City/municipality,Reliability-qualified DNB-BRDF,4,G2,10.0
8,0,0.95,166.48181,687.13855,24.228275,20.5764102935791,28.749502182006836,98.63945578231292,145,2013-12-10,2013-12-13,2013-12-11 12:00:00,1.148150424299569,observed,Tacloban City,City/municipality,Reliability-qualified DNB-BRDF,4,G2,10.0
9,0,0.95,96.35131,559.13855,17.2321,14.732816696166992,20.341815948486328,76.87074829931973,113,2013-12-14,2013-12-17,2013-12-15 12:00:00,0.8526664666369953,observed,Tacloban City,City/municipality,Reliability-qualified DNB-BRDF,4,G2,10.0
10,0,0.95,,,,,,0.0,0,2013-12-18,2013-12-21,2013-12-19 12:00:00,,not observable,Tacloban City,City/municipality,Reliability-qualified DNB-BRDF,4,G2,10.0
11,0,0.95,138.6441,546.1655,25.384996,21.612735748291016,30.291122436523438,79.59183673469387,117,2013-12-22,2013-12-25,2013-12-23 12:00:00,1.1849923419137287,observed,Tacloban City,City/municipality,Reliability-qualified DNB-BRDF,4,G2,10.0
12,0,0.95,146.8644,672.1857,21.848782,18.533456802368164,26.012413024902344,97.95918367346938,144,2013-12-26,2013-12-29,2013-12-27 12:00:00,1.0198916329277887,observed,Tacloban City,City/municipality,Reliability-qualified DNB-BRDF,4,G2,10.0
13,0,0.95,25.701548,309.04083,8.316554,7.043880939483643,9.953400611877441,44.21768707482993,65,2013-12-30,2014-01-02,2013-12-31 12:00:00,0.3954084249643179,observed,Tacloban City,City/municipality,Reliability-qualified DNB-BRDF,4,G2,10.0
14,0,0.95,164.66913,688.39746,23.920647,20.308252334594727,28.398645401000977,100.0,147,2014-01-03,2014-01-06,2014-01-04 12:00:00,1.1201981525031888,observed,Tacloban City,City/municipality,Reliability-qualified DNB-BRDF,4,G2,10.0
15,0,0.95,,,,,,0.0,0,2014-01-07,2014-01-10,2014-01-08 12:00:00,,not observable,Tacloban City,City/municipality,Reliability-qualified DNB-BRDF,4,G2,10.0
16,0,0.95,,,,,,0.0,0,2014-01-11,2014-01-14,2014-01-12 12:00:00,,not observable,Tacloban City,City/municipality,Reliability-qualified DNB-BRDF,4,G2,10.0
17,0,0.95,,,,,,0.0,0,2014-01-15,2014-01-18,2014-01-16 12:00:00,,not observable,Tacloban City,City/municipality,Reliability-qualified DNB-BRDF,4,G2,10.0
18,0,0.95,,,,,,0.0,0,2014-01-19,2014-01-22,2014-01-20 12:00:00,,not observable,Tacloban City,City/municipality,Reliability-qualified DNB-BRDF,4,G2,10.0
19,0,0.95,187.71295,681.03564,27.562866,23.404287338256836,32.786094665527344,99.31972789115646,146,2014-01-23,2014-01-26,2014-01-24 12:00:00,1.2857051483572346,observed,Tacloban City,City/municipality,Reliability-qualified DNB-BRDF,4,G2,10.0
20,0,0.95,164.69894,688.39746,23.924978,20.31192970275879,28.403789520263672,100.0,147,2014-01-27,2014-01-30,2014-01-28 12:00:00,1.1204009802163053,observed,Tacloban City,City/municipality,Reliability-qualified DNB-BRDF,4,G2,10.0
21,0,0.95,144.02776,688.39746,20.92218,17.762601852416992,24.83885955810547,100.0,147,2014-01-31,2014-02-03,2014-02-01 12:00:00,0.9797806512741816,observed,Tacloban City,City/municipality,Reliability-qualified DNB-BRDF,4,G2,10.0
22,0,0.95,266.7773,688.39746,38.753384,32.9010124206543,46.00810241699219,100.0,147,2014-02-04,2014-02-07,2014-02-05 12:00:00,1.8148116546423256,observed,Tacloban City,City/municipality,Reliability-qualified DNB-BRDF,4,G2,10.0
23,0,0.95,44.282555,249.81467,17.726162,14.839705467224121,21.294607162475586,34.01360544217687,50,2014-02-08,2014-02-11,2014-02-09 12:00:00,0.8856510925292969,observed,Tacloban City,City/municipality,Reliability-qualified DNB-BRDF,4,G2,10.0
24,0,0.95,90.82595,667.36835,13.609568,11.540902137756348,16.1374568939209,97.95918367346938,144,2014-02-12,2014-02-15,2014-02-13 12:00:00,0.6307357682122124,observed,Tacloban City,City/municipality,Reliability-qualified DNB-BRDF,4,G2,10.0
25,0,0.95,138.7239,688.39746,20.151716,17.108489990234375,23.924163818359375,100.0,147,2014-02-16,2014-02-19,2014-02-17 12:00:00,0.9437000508211097,observed,Tacloban City,City/municipality,Reliability-qualified DNB-BRDF,4,G2,10.0
26,0,0.95,65.5893,236.26633,27.76075,23.78449249267578,32.83306884765625,36.734693877551024,54,2014-02-20,2014-02-23,2014-02-21 12:00:00,1.2146167048701533,observed,Tacloban City,City/municipality,Reliability-qualified DNB-BRDF,4,G2,10.0
27,0,0.95,268.48987,688.39746,39.00216,33.11221694946289,46.30345153808594,100.0,147,2014-02-24,2014-02-27,2014-02-25 12:00:00,1.8264616881909013,observed,Tacloban City,City/municipality,Reliability-qualified DNB-BRDF,4,G2,10.0
28,0,0.95,236.12605,688.39746,34.30083,29.120866775512695,40.722023010253906,100.0,147,2014-02-28,2014-03-03,2014-03-01 12:00:00,1.6062996792955464,observed,Tacloban City,City/municipality,Reliability-qualified DNB-BRDF,4,G2,10.0
29,0,0.95,279.46613,688.39746,40.596626,34.46589660644531,48.19640350341797,100.0,147,2014-03-04,2014-03-07,2014-03-05 12:00:00,1.9011301053624574,observed,Tacloban City,City/municipality,Reliability-qualified DNB-BRDF,4,G2,10.0
30,0,0.95,273.8429,688.39746,39.779766,33.77239227294922,47.226627349853516,100.0,147,2014-03-08,2014-03-11,2014-03-09 12:00:00,1.8628768401892006,observed,Tacloban City,City/municipality,Reliability-qualified DNB-BRDF,4,G2,10.0
31,0,0.95,185.47807,566.8919,32.71842,27.873689651489258,38.68043518066406,85.71428571428571,126,2014-03-12,2014-03-15,2014-03-13 12:00:00,1.4720481993660095,observed,Tacloban City,City/municipality,Reliability-qualified DNB-BRDF,4,G2,10.0
32,0,0.95,149.7893,674.11725,22.220068,18.83319664001465,26.404346466064453,98.63945578231292,145,2014-03-16,2014-03-19,2014-03-17 12:00:00,1.0330297009698275,observed,Tacloban City,City/municipality,Reliability-qualified DNB-BRDF,4,G2,10.0
33,0,0.95,4.295697,28.68526,14.975277,11.089399337768555,21.108064651489258,14.285714285714286,21,2014-03-20,2014-03-23,2014-03-21 12:00:00,0.204557010105678,observed,Tacloban City,City/municipality,Reliability-qualified DNB-BRDF,4,G2,10.0
34,0,0.95,217.40552,688.39746,31.581392,26.812105178833008,37.493499755859375,100.0,147,2014-03-24,2014-03-27,2014-03-25 12:00:00,1.4789490991709184,observed,Tacloban City,City/municipality,Reliability-qualified DNB-BRDF,4,G2,10.0
35,0,0.95,461.70972,688.39746,67.07023,56.941566467285156,79.62592315673828,100.0,147,2014-03-28,2014-03-31,2014-03-29 12:00:00,3.140882427189626,observed,Tacloban City,City/municipality,Reliability-qualified DNB-BRDF,4,G2,10.0
36,0,0.95,308.43976,688.39746,44.805477,38.03914260864258,53.19316482543945,100.0,147,2014-04-01,2014-04-04,2014-04-02 12:00:00,2.0982296483046343,observed,Tacloban City,City/municipality,Reliability-qualified DNB-BRDF,4,G2,10.0
37,0,0.95,604.5113,688.39746,87.814285,74.55294036865234,104.25331115722656,100.0,147,2014-04-05,2014-04-08,2014-04-06 12:00:00,4.112321710910927,observed,Tacloban City,City/municipality,Reliability-qualified DNB-BRDF,4,G2,10.0
38,0,0.95,156.7357,222.59207,70.41387,60.66158676147461,82.23908996582031,28.571428571428573,42,2014-04-09,2014-04-12,2014-04-10 12:00:00,3.731802440824963,observed,Tacloban City,City/municipality,Reliability-qualified DNB-BRDF,4,G2,10.0
39,0,0.95,,,,,,0.0,0,2014-04-13,2014-04-16,2014-04-14 12:00:00,,not observable,Tacloban City,City/municipality,Reliability-qualified DNB-BRDF,4,G2,10.0
40,0,0.95,242.5627,614.799,39.453983,33.38882064819336,46.772159576416016,91.15646258503402,134,2014-04-17,2014-04-20,2014-04-18 12:00:00,1.8101693907780434,observed,Tacloban City,City/municipality,Reliability-qualified DNB-BRDF,4,G2,10.0
41,0,0.95,357.67615,688.39746,51.957794,44.11134719848633,61.684410095214844,100.0,147,2014-04-21,2014-04-24,2014-04-22 12:00:00,2.4331710711628403,observed,Tacloban City,City/municipality,Reliability-qualified DNB-BRDF,4,G2,10.0
42,0,0.95,368.7136,688.39746,53.56115,45.472572326660156,63.58791732788086,100.0,147,2014-04-25,2014-04-28,2014-04-26 12:00:00,2.5082557314918157,observed,Tacloban City,City/municipality,Reliability-qualified DNB-BRDF,4,G2,10.0
43,0,0.95,475.06186,688.39746,69.00983,58.588253021240234,81.92861938476562,100.0,147,2014-04-29,2014-05-02,2014-04-30 12:00:00,3.231713327420812,observed,Tacloban City,City/municipality,Reliability-qualified DNB-BRDF,4,G2,10.0
44,0,0.95,304.72363,688.39746,44.26565,37.580841064453125,52.552284240722656,100.0,147,2014-05-03,2014-05-06,2014-05-04 12:00:00,2.0729498830782314,observed,Tacloban City,City/municipality,Reliability-qualified DNB-BRDF,4,G2,10.0
45,0,0.95,490.51578,688.39746,71.25474,60.49414825439453,84.59378051757812,100.0,147,2014-05-07,2014-05-10,2014-05-08 12:00:00,3.336842024407419,observed,Tacloban City,City/municipality,Reliability-qualified DNB-BRDF,4,G2,10.0
46,0,0.95,337.77142,688.39746,49.066334,41.65654754638672,58.25166320800781,100.0,147,2014-05-11,2014-05-14,2014-05-12 12:00:00,2.2977647846247873,observed,Tacloban City,City/municipality,Reliability-qualified DNB-BRDF,4,G2,10.0
47,0,0.95,384.55148,676.59326,56.836433,48.28949737548828,67.38201141357422,98.63945578231292,145,2014-05-15,2014-05-18,2014-05-16 12:00:00,2.6520791941675648,observed,Tacloban City,City/municipality,Reliability-qualified DNB-BRDF,4,G2,10.0
48,0,0.95,377.66574,688.39746,54.861584,46.57661819458008,65.13179779052734,100.0,147,2014-05-19,2014-05-22,2014-05-20 12:00:00,2.5691547004544004,observed,Tacloban City,City/municipality,Reliability-qualified DNB-BRDF,4,G2,10.0
49,0,0.95,525.9558,688.39746,76.40293,64.86488342285156,90.70572662353516,100.0,147,2014-05-23,2014-05-26,2014-05-24 12:00:00,3.577930683992347,observed,Tacloban City,City/municipality,Reliability-qualified DNB-BRDF,4,G2,10.0
50,0,0.95,445.6261,682.07294,65.33408,55.481292724609375,77.29019165039062,99.31972789115646,146,2014-05-27,2014-05-30,2014-05-28 12:00:00,3.052233552279538,observed,Tacloban City,City/municipality,Reliability-qualified DNB-BRDF,4,G2,10.0
51,0,0.95,469.17166,688.39746,68.15418,57.86183166503906,80.91280364990234,100.0,147,2014-05-31,2014-06-03,2014-06-01 12:00:00,3.1916439549452593,observed,Tacloban City,City/municipality,Reliability-qualified DNB-BRDF,4,G2,10.0
52,0,0.95,319.3598,688.39746,46.391777,39.385887145996094,55.076419830322266,100.0,147,2014-06-04,2014-06-07,2014-06-05 12:00:00,2.1725156615380525,observed,Tacloban City,City/municipality,Reliability-qualified DNB-BRDF,4,G2,10.0
53,0,0.95,,,,,,0.0,0,2014-06-08,2014-06-11,2014-06-09 12:00:00,,not observable,Tacloban City,City/municipality,Reliability-qualified DNB-BRDF,4,G2,10.0
54,0,0.95,,,,,,2.7210884353741496,4,2014-06-12,2014-06-15,2014-06-13 12:00:00,,not observable,Tacloban City,City/municipality,Reliability-qualified DNB-BRDF,4,G2,10.0
55,0,0.95,263.56757,609.5296,43.241142,36.873443603515625,51.49675750732422,89.1156462585034,131,2014-06-16,2014-06-19,2014-06-17 12:00:00,2.011966152045563,observed,Tacloban City,City/municipality,Reliability-qualified DNB-BRDF,4,G2,10.0
56,0,0.95,404.01605,688.39746,58.689358,49.82633972167969,69.67613983154297,100.0,147,2014-06-20,2014-06-23,2014-06-21 12:00:00,2.7484085186809097,observed,Tacloban City,City/municipality,Reliability-qualified DNB-BRDF,4,G2,10.0
57,0,0.95,,,,,,2.0408163265306123,3,2014-06-24,2014-06-27,2014-06-25 12:00:00,,not observable,Tacloban City,City/municipality,Reliability-qualified DNB-BRDF,4,G2,10.0
58,0,0.95,96.10159,177.5488,54.12686,43.17085266113281,72.16242218017578,46.25850340136054,68,2014-06-28,2014-07-01,2014-06-29 12:00:00,1.413258720846737,observed,Tacloban City,City/municipality,Reliability-qualified DNB-BRDF,4,G2,10.0
59,0,0.95,217.80623,581.9367,37.427822,31.573795318603516,44.5787467956543,85.71428571428571,126,2014-07-02,2014-07-05,2014-07-03 12:00:00,1.728620862203931,observed,Tacloban City,City/municipality,Reliability-qualified DNB-BRDF,4,G2,10.0
60,0,0.95,,,,,,0.0,0,2014-07-06,2014-07-09,2014-07-07 12:00:00,,not observable,Tacloban City,City/municipality,Reliability-qualified DNB-BRDF,4,G2,10.0
61,0,0.95,305.6375,635.1633,48.119514,40.76103973388672,56.97108840942383,94.5578231292517,139,2014-07-10,2014-07-13,2014-07-11 12:00:00,2.198831023072167,observed,Tacloban City,City/municipality,Reliability-qualified DNB-BRDF,4,G2,10.0
62,0,0.95,463.94836,675.4554,68.68675,58.29326629638672,81.25579071044922,96.59863945578232,142,2014-07-14,2014-07-17,2014-07-15 12:00:00,3.267242001815581,observed,Tacloban City,City/municipality,Reliability-qualified DNB-BRDF,4,G2,10.0
63,0,0.95,,,,,,0.0,0,2014-07-18,2014-07-21,2014-07-19 12:00:00,,not observable,Tacloban City,City/municipality,Reliability-qualified DNB-BRDF,4,G2,10.0
64,0,0.95,,,,,,1.3605442176870748,2,2014-07-22,2014-07-25,2014-07-23 12:00:00,,not observable,Tacloban City,City/municipality,Reliability-qualified DNB-BRDF,4,G2,10.0
65,0,0.95,,,,,,0.0,0,2014-07-26,2014-07-29,2014-07-27 12:00:00,,not observable,Tacloban City,City/municipality,Reliability-qualified DNB-BRDF,4,G2,10.0
66,0,0.95,,,,,,0.0,0,2014-07-30,2014-08-02,2014-07-31 12:00:00,,not observable,Tacloban City,City/municipality,Reliability-qualified DNB-BRDF,4,G2,10.0
67,0,0.95,623.90894,688.39746,90.63208,76.9452133178711,107.5986099243164,100.0,147,2014-08-03,2014-08-06,2014-08-04 12:00:00,4.244278473107993,observed,Tacloban City,City/municipality,Reliability-qualified DNB-BRDF,4,G2,10.0
68,0,0.95,287.37683,659.8057,43.554764,36.90848922729492,51.852176666259766,97.27891156462584,143,2014-08-07,2014-08-10,2014-08-08 12:00:00,2.0096281891936187,observed,Tacloban City,City/municipality,Reliability-qualified DNB-BRDF,4,G2,10.0
69,0,0.95,329.43427,635.3596,51.850048,43.82595443725586,61.40827560424805,93.19727891156462,137,2014-08-11,2014-08-14,2014-08-12 12:00:00,2.4046296725307936,observed,Tacloban City,City/municipality,Reliability-qualified DNB-BRDF,4,G2,10.0
70,0,0.95,374.24753,663.8278,56.3772,48.00023651123047,66.58147430419922,95.23809523809524,140,2014-08-15,2014-08-18,2014-08-16 12:00:00,2.6731966291155134,observed,Tacloban City,City/municipality,Reliability-qualified DNB-BRDF,4,G2,10.0
71,0,0.95,73.01375,126.51999,57.70926,49.538448333740234,66.36737823486328,25.85034013605442,38,2014-08-19,2014-08-22,2014-08-20 12:00:00,1.9214144254985608,observed,Tacloban City,City/municipality,Reliability-qualified DNB-BRDF,4,G2,10.0
72,0,0.95,500.36493,679.74646,73.61052,62.64669418334961,87.073974609375,98.63945578231292,145,2014-08-23,2014-08-26,2014-08-24 12:00:00,3.450792615167026,observed,Tacloban City,City/municipality,Reliability-qualified DNB-BRDF,4,G2,10.0
73,0,0.95,,,,,,0.0,0,2014-08-27,2014-08-30,2014-08-28 12:00:00,,not observable,Tacloban City,City/municipality,Reliability-qualified DNB-BRDF,4,G2,10.0
74,0,0.95,,,,,,0.0,0,2014-08-31,2014-09-03,2014-09-01 12:00:00,,not observable,Tacloban City,City/municipality,Reliability-qualified DNB-BRDF,4,G2,10.0
75,0,0.95,,,,,,0.0,0,2014-09-04,2014-09-07,2014-09-05 12:00:00,,not observable,Tacloban City,City/municipality,Reliability-qualified DNB-BRDF,4,G2,10.0
76,0,0.95,165.25037,495.1518,33.37368,28.428466796875,39.46522521972656,72.78911564625851,107,2014-09-08,2014-09-11,2014-09-09 12:00:00,1.544395945896612,observed,Tacloban City,City/municipality,Reliability-qualified DNB-BRDF,4,G2,10.0
77,0,0.95,271.34274,577.5169,46.98438,39.83350372314453,55.62040710449219,86.39455782312925,127,2014-09-12,2014-09-15,2014-09-13 12:00:00,2.1365570308655264,observed,Tacloban City,City/municipality,Reliability-qualified DNB-BRDF,4,G2,10.0
78,0,0.95,,,,,,0.0,0,2014-09-16,2014-09-19,2014-09-17 12:00:00,,not observable,Tacloban City,City/municipality,Reliability-qualified DNB-BRDF,4,G2,10.0
79,0,0.95,698.26,674.049,103.59187,87.73388671875,123.3218765258789,98.63945578231292,145,2014-09-20,2014-09-23,2014-09-21 12:00:00,4.81558627424569,observed,Tacloban City,City/municipality,Reliability-qualified DNB-BRDF,4,G2,10.0
80,0,0.95,64.693726,110.41225,58.592888,45.26041793823242,82.67295837402344,36.734693877551024,54,2014-09-24,2014-09-27,2014-09-25 12:00:00,1.1980319552951388,observed,Tacloban City,City/municipality,Reliability-qualified DNB-BRDF,4,G2,10.0
81,0,0.95,341.00275,594.853,57.325542,48.38701248168945,68.16057586669922,89.1156462585034,131,2014-09-28,2014-10-01,2014-09-29 12:00:00,2.6030744013895517,observed,Tacloban City,City/municipality,Reliability-qualified DNB-BRDF,4,G2,10.0
82,0,0.95,,,,,,0.0,0,2014-10-02,2014-10-05,2014-10-03 12:00:00,,not observable,Tacloban City,City/municipality,Reliability-qualified DNB-BRDF,4,G2,10.0
83,0,0.95,50.347797,135.62885,37.121746,32.890960693359375,43.05400466918945,14.285714285714286,21,2014-10-06,2014-10-09,2014-10-07 12:00:00,2.397514161609468,observed,Tacloban City,City/municipality,Reliability-qualified DNB-BRDF,4,G2,10.0
84,0,0.95,370.92465,644.1929,57.57975,48.91032028198242,67.93168640136719,94.5578231292517,139,2014-10-10,2014-10-13,2014-10-11 12:00:00,2.668522676975607,observed,Tacloban City,City/municipality,Reliability-qualified DNB-BRDF,4,G2,10.0
85,0,0.95,372.99203,639.1366,58.358734,49.93788146972656,68.62670135498047,87.75510204081633,129,2014-10-14,2014-10-17,2014-10-15 12:00:00,2.891411123349685,observed,Tacloban City,City/municipality,Reliability-qualified DNB-BRDF,4,G2,10.0
86,0,0.95,405.49384,688.39746,58.904026,50.00859069824219,69.93099212646484,100.0,147,2014-10-18,2014-10-21,2014-10-19 12:00:00,2.758461465640944,observed,Tacloban City,City/municipality,Reliability-qualified DNB-BRDF,4,G2,10.0
87,0,0.95,534.5319,688.39746,77.648735,65.92255401611328,92.18475341796875,100.0,147,2014-10-22,2014-10-25,2014-10-23 12:00:00,3.636271574059311,observed,Tacloban City,City/municipality,Reliability-qualified DNB-BRDF,4,G2,10.0
88,0,0.95,,,,,,0.0,0,2014-10-26,2014-10-29,2014-10-27 12:00:00,,not observable,Tacloban City,City/municipality,Reliability-qualified DNB-BRDF,4,G2,10.0
89,0,0.95,798.896,680.47327,117.403,99.59752655029297,139.53897094726562,99.31972789115646,146,2014-10-30,2014-11-02,2014-10-31 12:00:00,5.471890384203767,observed,Tacloban City,City/municipality,Reliability-qualified DNB-BRDF,4,G2,10.0
90,0,0.95,531.0573,673.5134,78.84881,66.94239807128906,93.76261901855469,97.95918367346938,144,2014-11-03,2014-11-06,2014-11-04 12:00:00,3.6878980000813804,observed,Tacloban City,City/municipality,Reliability-qualified DNB-BRDF,4,G2,10.0
-45,0,0.95,305.262,195.22655,156.36295,116.65556335449219,212.23861694335938,99.01960784313725,101,2013-05-12,2013-05-15,2013-05-13 12:00:00,3.022395974338645,observed,Palo,City/municipality,Reliability-qualified DNB-BRDF,4,G2,10.0
-44,0,0.95,206.61935,196.1124,105.35762,78.30513000488281,142.97352600097656,100.0,102,2013-05-16,2013-05-19,2013-05-17 12:00:00,2.025679943608303,observed,Palo,City/municipality,Reliability-qualified DNB-BRDF,4,G2,10.0
-43,0,0.95,237.2773,196.1124,120.99047,89.92396545410156,164.1877899169922,100.0,102,2013-05-20,2013-05-23,2013-05-21 12:00:00,2.3262480193493413,observed,Palo,City/municipality,Reliability-qualified DNB-BRDF,4,G2,10.0
-42,0,0.95,199.64612,193.87323,102.97766,76.82459259033203,139.34092712402344,99.01960784313725,101,2013-05-24,2013-05-27,2013-05-25 12:00:00,1.9766942392481435,observed,Palo,City/municipality,Reliability-qualified DNB-BRDF,4,G2,10.0
-41,0,0.95,289.58136,179.34457,161.46648,122.33377075195312,217.81236267089844,83.33333333333333,85,2013-05-28,2013-05-31,2013-05-29 12:00:00,3.406839527803309,observed,Palo,City/municipality,Reliability-qualified DNB-BRDF,4,G2,10.0
-40,0,0.95,78.12152,65.88257,118.57693,91.4266586303711,155.90562438964844,51.96078431372549,53,2013-06-01,2013-06-04,2013-06-02 12:00:00,1.4739909621904481,observed,Palo,City/municipality,Reliability-qualified DNB-BRDF,4,G2,10.0
-39,0,0.95,26.170805,11.90603,219.81136,164.76092529296875,298.51690673828125,19.607843137254903,20,2013-06-05,2013-06-08,2013-06-06 12:00:00,1.3085402488708495,observed,Palo,City/municipality,Reliability-qualified DNB-BRDF,4,G2,10.0
-38,0,0.95,,,,,,0.0,0,2013-06-09,2013-06-12,2013-06-10 12:00:00,,not observable,Palo,City/municipality,Reliability-qualified DNB-BRDF,4,G2,10.0
-37,0,0.95,,,,,,0.0,0,2013-06-13,2013-06-16,2013-06-14 12:00:00,,not observable,Palo,City/municipality,Reliability-qualified DNB-BRDF,4,G2,10.0
-36,0,0.95,,,,,,0.0,0,2013-06-17,2013-06-20,2013-06-18 12:00:00,,not observable,Palo,City/municipality,Reliability-qualified DNB-BRDF,4,G2,10.0
-35,0,0.95,133.82198,162.06204,82.57453,62.095577239990234,111.36109924316406,88.23529411764706,90,2013-06-21,2013-06-24,2013-06-22 12:00:00,1.4869108412000869,observed,Palo,City/municipality,Reliability-qualified DNB-BRDF,4,G2,10.0
-34,0,0.95,,,,,,0.0,0,2013-06-25,2013-06-28,2013-06-26 12:00:00,,not observable,Palo,City/municipality,Reliability-qualified DNB-BRDF,4,G2,10.0
-33,0,0.95,267.11807,191.11536,139.76797,103.47981262207031,186.16033935546875,99.01960784313725,101,2013-06-29,2013-07-02,2013-06-30 12:00:00,2.6447333911857984,observed,Palo,City/municipality,Reliability-qualified DNB-BRDF,4,G2,10.0
-32,0,0.95,188.12231,196.1124,95.92576,71.29507446289062,130.17420959472656,100.0,102,2013-07-03,2013-07-06,2013-07-04 12:00:00,1.8443364162071079,observed,Palo,City/municipality,Reliability-qualified DNB-BRDF,4,G2,10.0
-31,0,0.95,235.99557,196.1124,120.33689,89.43820190429688,163.30087280273438,100.0,102,2013-07-07,2013-07-10,2013-07-08 12:00:00,2.3136821073644303,observed,Palo,City/municipality,Reliability-qualified DNB-BRDF,4,G2,10.0
-30,0,0.95,,,,,,0.0,0,2013-07-11,2013-07-14,2013-07-12 12:00:00,,not observable,Palo,City/municipality,Reliability-qualified DNB-BRDF,4,G2,10.0
-29,0,0.95,260.17102,196.1124,132.66423,98.60028076171875,180.02944946289062,100.0,102,2013-07-15,2013-07-18,2013-07-16 12:00:00,2.5506962794883576,observed,Palo,City/municipality,Reliability-qualified DNB-BRDF,4,G2,10.0
-28,0,0.95,108.16037,132.72585,81.49157,60.756614685058594,108.1998291015625,74.50980392156863,76,2013-07-19,2013-07-22,2013-07-20 12:00:00,1.423162761487459,observed,Palo,City/municipality,Reliability-qualified DNB-BRDF,4,G2,10.0
-27,0,0.95,,,,,,0.0,0,2013-07-23,2013-07-26,2013-07-24 12:00:00,,not observable,Palo,City/municipality,Reliability-qualified DNB-BRDF,4,G2,10.0
-26,0,0.95,,,,,,0.0,0,2013-07-27,2013-07-30,2013-07-28 12:00:00,,not observable,Palo,City/municipality,Reliability-qualified DNB-BRDF,4,G2,10.0
-25,0,0.95,,,,,,0.0,0,2013-07-31,2013-08-03,2013-08-01 12:00:00,,not observable,Palo,City/municipality,Reliability-qualified DNB-BRDF,4,G2,10.0
-24,0,0.95,15.870255,21.215687,74.804344,51.470394134521484,100.81394958496094,34.31372549019608,35,2013-08-04,2013-08-07,2013-08-05 12:00:00,0.45343587057931084,observed,Palo,City/municipality,Reliability-qualified DNB-BRDF,4,G2,10.0
-23,0,0.95,,,,,,0.0,0,2013-08-08,2013-08-11,2013-08-09 12:00:00,,not observable,Palo,City/municipality,Reliability-qualified DNB-BRDF,4,G2,10.0
-22,0,0.95,,,,,,0.0,0,2013-08-12,2013-08-15,2013-08-13 12:00:00,,not observable,Palo,City/municipality,Reliability-qualified DNB-BRDF,4,G2,10.0
-21,0,0.95,,,,,,0.0,0,2013-08-16,2013-08-19,2013-08-17 12:00:00,,not observable,Palo,City/municipality,Reliability-qualified DNB-BRDF,4,G2,10.0
-20,0,0.95,,,,,,0.0,0,2013-08-20,2013-08-23,2013-08-21 12:00:00,,not observable,Palo,City/municipality,Reliability-qualified DNB-BRDF,4,G2,10.0
-19,0,0.95,,,,,,0.0,0,2013-08-24,2013-08-27,2013-08-25 12:00:00,,not observable,Palo,City/municipality,Reliability-qualified DNB-BRDF,4,G2,10.0
-18,0,0.95,221.12357,196.1124,112.753494,83.8019790649414,153.00994873046875,100.0,102,2013-08-28,2013-08-31,2013-08-29 12:00:00,2.167878094841452,observed,Palo,City/municipality,Reliability-qualified DNB-BRDF,4,G2,10.0
-17,0,0.95,201.36713,196.1124,102.67945,76.31462860107422,139.33917236328125,100.0,102,2013-09-01,2013-09-04,2013-09-02 12:00:00,1.9741875143612133,observed,Palo,City/municipality,Reliability-qualified DNB-BRDF,4,G2,10.0
-16,0,0.95,208.81226,196.1124,106.475815,79.1362075805664,144.49095153808594,100.0,102,2013-09-05,2013-09-08,2013-09-06 12:00:00,2.0471789790134802,observed,Palo,City/municipality,Reliability-qualified DNB-BRDF,4,G2,10.0
-15,0,0.95,47.346176,63.651817,74.38307,51.16965866088867,110.20954132080078,65.68627450980392,67,2013-09-09,2013-09-12,2013-09-10 12:00:00,0.7066593454844916,observed,Palo,City/municipality,Reliability-qualified DNB-BRDF,4,G2,10.0
-14,0,0.95,181.46555,188.21402,96.41447,71.1238021850586,132.1480712890625,99.01960784313725,101,2013-09-13,2013-09-16,2013-09-14 12:00:00,1.7966885708346225,observed,Palo,City/municipality,Reliability-qualified DNB-BRDF,4,G2,10.0
-13,0,0.95,,,,,,0.0,0,2013-09-17,2013-09-20,2013-09-18 12:00:00,,not observable,Palo,City/municipality,Reliability-qualified DNB-BRDF,4,G2,10.0
-12,0,0.95,,,,,,0.0,0,2013-09-21,2013-09-24,2013-09-22 12:00:00,,not observable,Palo,City/municipality,Reliability-qualified DNB-BRDF,4,G2,10.0
-11,0,0.95,149.43811,149.7323,99.80352,73.71480560302734,136.69358825683594,71.56862745098039,73,2013-09-25,2013-09-28,2013-09-26 12:00:00,2.0470974020761985,observed,Palo,City/municipality,Reliability-qualified DNB-BRDF,4,G2,10.0
-10,0,0.95,,,,,,0.0,0,2013-09-29,2013-10-02,2013-09-30 12:00:00,,not observable,Palo,City/municipality,Reliability-qualified DNB-BRDF,4,G2,10.0
-9,0,0.95,355.6129,187.76414,189.39342,140.10028076171875,257.85400390625,98.03921568627452,100,2013-10-03,2013-10-06,2013-10-04 12:00:00,3.556129150390625,observed,Palo,City/municipality,Reliability-qualified DNB-BRDF,4,G2,10.0
-8,0,0.95,,,,,,0.0,0,2013-10-07,2013-10-10,2013-10-08 12:00:00,,not observable,Palo,City/municipality,Reliability-qualified DNB-BRDF,4,G2,10.0
-7,0,0.95,198.49336,196.1124,101.21408,75.22552490234375,137.35061645507812,100.0,102,2013-10-11,2013-10-14,2013-10-12 12:00:00,1.9460133571250766,observed,Palo,City/municipality,Reliability-qualified DNB-BRDF,4,G2,10.0
-6,0,0.95,179.98018,196.1124,91.773994,68.2093505859375,124.54013061523438,100.0,102,2013-10-15,2013-10-18,2013-10-16 12:00:00,1.764511557186351,observed,Palo,City/municipality,Reliability-qualified DNB-BRDF,4,G2,10.0
-5,0,0.95,,,,,,0.0,0,2013-10-19,2013-10-22,2013-10-20 12:00:00,,not observable,Palo,City/municipality,Reliability-qualified DNB-BRDF,4,G2,10.0
-4,0,0.95,175.60483,177.22461,99.08603,73.72139739990234,134.721435546875,82.3529411764706,84,2013-10-23,2013-10-26,2013-10-24 12:00:00,2.090533665248326,observed,Palo,City/municipality,Reliability-qualified DNB-BRDF,4,G2,10.0
-3,0,0.95,88.34144,117.10605,75.437126,54.40687561035156,102.71180725097656,76.47058823529412,78,2013-10-27,2013-10-30,2013-10-28 12:00:00,1.132582542223808,observed,Palo,City/municipality,Reliability-qualified DNB-BRDF,4,G2,10.0
-2,0,0.95,243.69907,179.63017,135.66711,100.37305450439453,183.11557006835938,96.07843137254902,98,2013-10-31,2013-11-03,2013-11-01 12:00:00,2.4867251649194833,observed,Palo,City/municipality,Reliability-qualified DNB-BRDF,4,G2,10.0
-1,0,0.95,46.857502,41.076645,114.07334,77.36004638671875,153.80538940429688,50.98039215686274,52,2013-11-04,2013-11-07,2013-11-05 12:00:00,0.9011058073777419,observed,Palo,City/municipality,Reliability-qualified DNB-BRDF,4,G2,10.0
0,0,0.95,22.98893,175.73698,13.081442,9.63582706451416,17.774240493774414,87.25490196078431,89,2013-11-08,2013-11-11,2013-11-09 12:00:00,0.25830258144421525,observed,Palo,City/municipality,Reliability-qualified DNB-BRDF,4,G2,10.0
1,0,0.95,53.285072,196.1124,27.170681,20.194114685058594,36.8714485168457,100.0,102,2013-11-12,2013-11-15,2013-11-13 12:00:00,0.5224026698692172,observed,Palo,City/municipality,Reliability-qualified DNB-BRDF,4,G2,10.0
2,0,0.95,32.526764,173.10751,18.789919,13.74124526977539,25.530532836914062,96.07843137254902,98,2013-11-16,2013-11-19,2013-11-17 12:00:00,0.3319057542450574,observed,Palo,City/municipality,Reliability-qualified DNB-BRDF,4,G2,10.0
3,0,0.95,,,,,,0.0,0,2013-11-20,2013-11-23,2013-11-21 12:00:00,,not observable,Palo,City/municipality,Reliability-qualified DNB-BRDF,4,G2,10.0
4,0,0.95,24.044739,53.410522,45.01873,32.431949615478516,59.85067367553711,51.96078431372549,53,2013-11-24,2013-11-27,2013-11-25 12:00:00,0.45367431640625,observed,Palo,City/municipality,Reliability-qualified DNB-BRDF,4,G2,10.0
5,0,0.95,66.107925,196.1124,33.7092,25.05375099182129,45.744422912597656,100.0,102,2013-11-28,2013-12-01,2013-11-29 12:00:00,0.6481169158337163,observed,Palo,City/municipality,Reliability-qualified DNB-BRDF,4,G2,10.0
6,0,0.95,82.46652,196.1124,42.050644,31.253374099731445,57.06401443481445,100.0,102,2013-12-02,2013-12-05,2013-12-03 12:00:00,0.8084953158509498,observed,Palo,City/municipality,Reliability-qualified DNB-BRDF,4,G2,10.0
7,0,0.95,86.83529,196.1124,44.278328,32.909061431884766,60.08705520629883,100.0,102,2013-12-06,2013-12-09,2013-12-07 12:00:00,0.8513263627594593,observed,Palo,City/municipality,Reliability-qualified DNB-BRDF,4,G2,10.0
8,0,0.95,74.95607,191.62585,39.115845,29.2403564453125,53.030494689941406,93.13725490196079,95,2013-12-10,2013-12-13,2013-12-11 12:00:00,0.7890112625925164,observed,Palo,City/municipality,Reliability-qualified DNB-BRDF,4,G2,10.0
9,0,0.95,50.211002,150.47427,33.368496,24.324058532714844,44.18486022949219,85.29411764705883,87,2013-12-14,2013-12-17,2013-12-15 12:00:00,0.5771379580442932,observed,Palo,City/municipality,Reliability-qualified DNB-BRDF,4,G2,10.0
10,0,0.95,,,,,,0.0,0,2013-12-18,2013-12-21,2013-12-19 12:00:00,,not observable,Palo,City/municipality,Reliability-qualified DNB-BRDF,4,G2,10.0
11,0,0.95,79.94812,159.437,50.14402,36.51390838623047,68.9856185913086,91.17647058823529,93,2013-12-22,2013-12-25,2013-12-23 12:00:00,0.8596572055611559,observed,Palo,City/municipality,Reliability-qualified DNB-BRDF,4,G2,10.0
12,0,0.95,62.10961,167.25328,37.135063,27.36983299255371,50.390628814697266,95.09803921568627,97,2013-12-26,2013-12-29,2013-12-27 12:00:00,0.6403052733116543,observed,Palo,City/municipality,Reliability-qualified DNB-BRDF,4,G2,10.0
13,0,0.95,24.555428,114.63344,21.420824,15.706768989562988,27.9053897857666,71.56862745098039,73,2013-12-30,2014-01-02,2013-12-31 12:00:00,0.33637571988040454,observed,Palo,City/municipality,Reliability-qualified DNB-BRDF,4,G2,10.0
14,0,0.95,89.200386,196.1124,45.48432,33.80539321899414,61.7236213684082,100.0,102,2014-01-03,2014-01-06,2014-01-04 12:00:00,0.87451358869964,observed,Palo,City/municipality,Reliability-qualified DNB-BRDF,4,G2,10.0
15,0,0.95,,,,,,0.0,0,2014-01-07,2014-01-10,2014-01-08 12:00:00,,not observable,Palo,City/municipality,Reliability-qualified DNB-BRDF,4,G2,10.0
16,0,0.95,,,,,,0.0,0,2014-01-11,2014-01-14,2014-01-12 12:00:00,,not observable,Palo,City/municipality,Reliability-qualified DNB-BRDF,4,G2,10.0
17,0,0.95,,,,,,0.0,0,2014-01-15,2014-01-18,2014-01-16 12:00:00,,not observable,Palo,City/municipality,Reliability-qualified DNB-BRDF,4,G2,10.0
18,0,0.95,,,,,,0.0,0,2014-01-19,2014-01-22,2014-01-20 12:00:00,,not observable,Palo,City/municipality,Reliability-qualified DNB-BRDF,4,G2,10.0
19,0,0.95,66.708435,187.90073,35.501957,26.416210174560547,47.90945816040039,98.03921568627452,100,2014-01-23,2014-01-26,2014-01-24 12:00:00,0.6670843505859375,observed,Palo,City/municipality,Reliability-qualified DNB-BRDF,4,G2,10.0
20,0,0.95,74.740234,196.1124,38.110916,28.325246810913086,51.717689514160156,100.0,102,2014-01-27,2014-01-30,2014-01-28 12:00:00,0.7327473958333334,observed,Palo,City/municipality,Reliability-qualified DNB-BRDF,4,G2,10.0
21,0,0.95,53.695892,196.1124,27.380163,20.349807739257812,37.155723571777344,100.0,102,2014-01-31,2014-02-03,2014-02-01 12:00:00,0.5264303169998468,observed,Palo,City/municipality,Reliability-qualified DNB-BRDF,4,G2,10.0
22,0,0.95,109.888084,196.1124,56.03322,41.645668029785156,76.03880310058594,100.0,102,2014-02-04,2014-02-07,2014-02-05 12:00:00,1.077334160898246,observed,Palo,City/municipality,Reliability-qualified DNB-BRDF,4,G2,10.0
23,0,0.95,28.312128,127.75455,22.161346,16.113388061523438,30.98025131225586,75.49019607843137,77,2014-02-08,2014-02-11,2014-02-09 12:00:00,0.3676899748963195,observed,Palo,City/municipality,Reliability-qualified DNB-BRDF,4,G2,10.0
24,0,0.95,37.333504,196.1124,19.036789,14.148746490478516,25.833507537841797,100.0,102,2014-02-12,2014-02-15,2014-02-13 12:00:00,0.3660147423837699,observed,Palo,City/municipality,Reliability-qualified DNB-BRDF,4,G2,10.0
25,0,0.95,41.758793,196.1124,21.293297,15.825855255126953,28.895658493041992,100.0,102,2014-02-16,2014-02-19,2014-02-17 12:00:00,0.40939993016860066,observed,Palo,City/municipality,Reliability-qualified DNB-BRDF,4,G2,10.0
26,0,0.95,78.87239,118.38205,66.6253,49.56581497192383,92.52068328857422,68.62745098039215,70,2014-02-20,2014-02-23,2014-02-21 12:00:00,1.1267484392438616,observed,Palo,City/municipality,Reliability-qualified DNB-BRDF,4,G2,10.0
27,0,0.95,117.96169,196.1124,60.150043,44.70542526245117,81.62545776367188,100.0,102,2014-02-24,2014-02-27,2014-02-25 12:00:00,1.1564871844123392,observed,Palo,City/municipality,Reliability-qualified DNB-BRDF,4,G2,10.0
28,0,0.95,103.658676,196.1124,52.856766,39.284828186035156,71.72825622558594,100.0,102,2014-02-28,2014-03-03,2014-03-01 12:00:00,1.01626153085746,observed,Palo,City/municipality,Reliability-qualified DNB-BRDF,4,G2,10.0
29,0,0.95,132.5837,196.1124,67.60597,50.24690628051758,91.7433853149414,100.0,102,2014-03-04,2014-03-07,2014-03-05 12:00:00,1.2998401417451746,observed,Palo,City/municipality,Reliability-qualified DNB-BRDF,4,G2,10.0
30,0,0.95,127.76439,196.1124,65.14855,48.420475006103516,88.40858459472656,100.0,102,2014-03-08,2014-03-11,2014-03-09 12:00:00,1.2525920493929994,observed,Palo,City/municipality,Reliability-qualified DNB-BRDF,4,G2,10.0
31,0,0.95,56.158527,181.63522,30.9183,22.9847469329834,42.094322204589844,94.11764705882354,96,2014-03-12,2014-03-15,2014-03-13 12:00:00,0.5849846601486206,observed,Palo,City/municipality,Reliability-qualified DNB-BRDF,4,G2,10.0
32,0,0.95,43.291214,191.21289,22.640324,16.80504608154297,30.791399002075195,99.01960784313725,101,2014-03-16,2014-03-19,2014-03-17 12:00:00,0.42862588108176053,observed,Palo,City/municipality,Reliability-qualified DNB-BRDF,4,G2,10.0
33,0,0.95,,,,,,0.0,0,2014-03-20,2014-03-23,2014-03-21 12:00:00,,not observable,Palo,City/municipality,Reliability-qualified DNB-BRDF,4,G2,10.0
34,0,0.95,110.43766,196.1124,56.31345,41.853946685791016,76.41908264160156,100.0,102,2014-03-24,2014-03-27,2014-03-25 12:00:00,1.0827221589929916,observed,Palo,City/municipality,Reliability-qualified DNB-BRDF,4,G2,10.0
35,0,0.95,172.4154,196.1124,87.91663,65.34243774414062,119.30557250976562,100.0,102,2014-03-28,2014-03-31,2014-03-29 12:00:00,1.690347110523897,observed,Palo,City/municipality,Reliability-qualified DNB-BRDF,4,G2,10.0
36,0,0.95,134.50244,196.1124,68.584366,50.97407913208008,93.07109069824219,100.0,102,2014-04-01,2014-04-04,2014-04-02 12:00:00,1.3186513863357843,observed,Palo,City/municipality,Reliability-qualified DNB-BRDF,4,G2,10.0
37,0,0.95,272.21643,196.1124,138.80634,103.165283203125,188.3644561767578,100.0,102,2014-04-05,2014-04-08,2014-04-06 12:00:00,2.6687885359221815,observed,Palo,City/municipality,Reliability-qualified DNB-BRDF,4,G2,10.0
38,0,0.95,109.195465,91.43379,119.42573,92.53953552246094,161.44195556640625,20.58823529411765,21,2014-04-09,2014-04-12,2014-04-10 12:00:00,5.199784051804316,observed,Palo,City/municipality,Reliability-qualified DNB-BRDF,4,G2,10.0
39,0,0.95,,,,,,0.0,0,2014-04-13,2014-04-16,2014-04-14 12:00:00,,not observable,Palo,City/municipality,Reliability-qualified DNB-BRDF,4,G2,10.0
40,0,0.95,83.39072,175.70766,47.45992,35.20406723022461,64.60492706298828,94.11764705882354,96,2014-04-17,2014-04-20,2014-04-18 12:00:00,0.8686532974243164,observed,Palo,City/municipality,Reliability-qualified DNB-BRDF,4,G2,10.0
41,0,0.95,146.90369,196.1124,74.907906,55.6739387512207,101.65233612060547,100.0,102,2014-04-21,2014-04-24,2014-04-22 12:00:00,1.4402322208180147,observed,Palo,City/municipality,Reliability-qualified DNB-BRDF,4,G2,10.0
42,0,0.95,174.57187,196.1124,89.016235,66.15969848632812,120.79776763916016,100.0,102,2014-04-25,2014-04-28,2014-04-26 12:00:00,1.7114889107498468,observed,Palo,City/municipality,Reliability-qualified DNB-BRDF,4,G2,10.0
43,0,0.95,207.63751,196.1124,105.87679,78.69100189208984,143.67807006835938,100.0,102,2014-04-29,2014-05-02,2014-04-30 12:00:00,2.0356618843826593,observed,Palo,City/municipality,Reliability-qualified DNB-BRDF,4,G2,10.0
44,0,0.95,139.49634,196.1124,71.13081,52.86668014526367,96.52669525146484,100.0,102,2014-05-03,2014-05-06,2014-05-04 12:00:00,1.3676111557904411,observed,Palo,City/municipality,Reliability-qualified DNB-BRDF,4,G2,10.0
45,0,0.95,213.61108,196.1124,108.92279,80.95487976074219,147.8115692138672,100.0,102,2014-05-07,2014-05-10,2014-05-08 12:00:00,2.094226313572304,observed,Palo,City/municipality,Reliability-qualified DNB-BRDF,4,G2,10.0
46,0,0.95,134.10063,192.30353,69.73384,51.76341247558594,94.4937744140625,99.01960784313725,101,2014-05-11,2014-05-14,2014-05-12 12:00:00,1.3277290268699722,observed,Palo,City/municipality,Reliability-qualified DNB-BRDF,4,G2,10.0
47,0,0.95,130.38437,196.1124,66.48451,49.41340255737305,90.22152709960938,100.0,102,2014-05-15,2014-05-18,2014-05-16 12:00:00,1.2782781264361214,observed,Palo,City/municipality,Reliability-qualified DNB-BRDF,4,G2,10.0
48,0,0.95,152.80762,196.1124,77.91839,57.91142272949219,105.7376480102539,100.0,102,2014-05-19,2014-05-22,2014-05-20 12:00:00,1.498113893995098,observed,Palo,City/municipality,Reliability-qualified DNB-BRDF,4,G2,10.0
49,0,0.95,237.88132,196.1124,121.298454,90.15287017822266,164.60572814941406,100.0,102,2014-05-23,2014-05-26,2014-05-24 12:00:00,2.3321697758693323,observed,Palo,City/municipality,Reliability-qualified DNB-BRDF,4,G2,10.0
50,0,0.95,198.87404,196.1124,101.408195,75.36979675292969,137.61404418945312,100.0,102,2014-05-27,2014-05-30,2014-05-28 12:00:00,1.9497454774145986,observed,Palo,City/municipality,Reliability-qualified DNB-BRDF,4,G2,10.0
51,0,0.95,207.31502,196.1124,105.71235,78.56877899169922,143.4549102783203,100.0,102,2014-05-31,2014-06-03,2014-06-01 12:00:00,2.0325001735313264,observed,Palo,City/municipality,Reliability-qualified DNB-BRDF,4,G2,10.0
52,0,0.95,136.28163,196.1124,69.49159,51.64836120605469,94.30223083496094,100.0,102,2014-06-04,2014-06-07,2014-06-05 12:00:00,1.33609442617379,observed,Palo,City/municipality,Reliability-qualified DNB-BRDF,4,G2,10.0
53,0,0.95,,,,,,0.0,0,2014-06-08,2014-06-11,2014-06-09 12:00:00,,not observable,Palo,City/municipality,Reliability-qualified DNB-BRDF,4,G2,10.0
54,0,0.95,,,,,,2.9411764705882355,3,2014-06-12,2014-06-15,2014-06-13 12:00:00,,not observable,Palo,City/municipality,Reliability-qualified DNB-BRDF,4,G2,10.0
55,0,0.95,65.68396,148.46136,44.243134,32.92329406738281,61.13981246948242,87.25490196078431,89,2014-06-16,2014-06-19,2014-06-17 12:00:00,0.7380220220330056,observed,Palo,City/municipality,Reliability-qualified DNB-BRDF,4,G2,10.0
56,0,0.95,168.46951,196.1124,85.90457,63.847007751464844,116.57514190673828,100.0,102,2014-06-20,2014-06-23,2014-06-21 12:00:00,1.651661891563266,observed,Palo,City/municipality,Reliability-qualified DNB-BRDF,4,G2,10.0
57,0,0.95,65.515915,87.100334,75.2189,54.0063591003418,102.6388931274414,69.6078431372549,71,2014-06-24,2014-06-27,2014-06-25 12:00:00,0.922759365028059,observed,Palo,City/municipality,Reliability-qualified DNB-BRDF,4,G2,10.0
58,0,0.95,64.892654,85.91593,75.53041,54.21456527709961,104.5240249633789,61.76470588235294,63,2014-06-28,2014-07-01,2014-06-29 12:00:00,1.0300421336340526,observed,Palo,City/municipality,Reliability-qualified DNB-BRDF,4,G2,10.0
59,0,0.95,106.934875,182.00905,58.752502,43.769798278808594,80.1467056274414,96.07843137254902,98,2014-07-02,2014-07-05,2014-07-03 12:00:00,1.0911721988600127,observed,Palo,City/municipality,Reliability-qualified DNB-BRDF,4,G2,10.0
60,0,0.95,,,,,,0.0,0,2014-07-06,2014-07-09,2014-07-07 12:00:00,,not observable,Palo,City/municipality,Reliability-qualified DNB-BRDF,4,G2,10.0
61,0,0.95,106.75795,181.52121,58.812935,44.11186599731445,80.10427856445312,95.09803921568627,97,2014-07-10,2014-07-13,2014-07-11 12:00:00,1.1005974209185727,observed,Palo,City/municipality,Reliability-qualified DNB-BRDF,4,G2,10.0
62,0,0.95,168.24944,188.89302,89.07128,67.02757263183594,120.65840148925781,96.07843137254902,98,2014-07-14,2014-07-17,2014-07-15 12:00:00,1.7168309737224967,observed,Palo,City/municipality,Reliability-qualified DNB-BRDF,4,G2,10.0
63,0,0.95,,,,,,0.0,0,2014-07-18,2014-07-21,2014-07-19 12:00:00,,not observable,Palo,City/municipality,Reliability-qualified DNB-BRDF,4,G2,10.0
64,0,0.95,33.151424,41.269463,80.329185,60.64858627319336,108.44774627685547,24.50980392156863,25,2014-07-22,2014-07-25,2014-07-23 12:00:00,1.3260569763183594,observed,Palo,City/municipality,Reliability-qualified DNB-BRDF,4,G2,10.0
65,0,0.95,,,,,,0.0,0,2014-07-26,2014-07-29,2014-07-27 12:00:00,,not observable,Palo,City/municipality,Reliability-qualified DNB-BRDF,4,G2,10.0
66,0,0.95,,,,,,0.0,0,2014-07-30,2014-08-02,2014-07-31 12:00:00,,not observable,Palo,City/municipality,Reliability-qualified DNB-BRDF,4,G2,10.0
67,0,0.95,265.76254,196.1124,135.51543,100.71936798095703,183.89859008789062,100.0,102,2014-08-03,2014-08-06,2014-08-04 12:00:00,2.605515124751072,observed,Palo,City/municipality,Reliability-qualified DNB-BRDF,4,G2,10.0
68,0,0.95,107.61317,184.935,58.189724,43.37458419799805,79.02596282958984,96.07843137254902,98,2014-08-07,2014-08-10,2014-08-08 12:00:00,1.098093538868184,observed,Palo,City/municipality,Reliability-qualified DNB-BRDF,4,G2,10.0
69,0,0.95,122.67477,180.93341,67.801056,50.634910583496094,91.67001342773438,95.09803921568627,97,2014-08-11,2014-08-14,2014-08-12 12:00:00,1.2646883148507975,observed,Palo,City/municipality,Reliability-qualified DNB-BRDF,4,G2,10.0
70,0,0.95,147.67328,193.27731,76.40487,56.99049377441406,103.76470184326172,96.07843137254902,98,2014-08-15,2014-08-18,2014-08-16 12:00:00,1.506870191924426,observed,Palo,City/municipality,Reliability-qualified DNB-BRDF,4,G2,10.0
71,0,0.95,238.73419,188.02261,126.971,93.93059539794922,172.9276123046875,98.03921568627452,100,2014-08-19,2014-08-22,2014-08-20 12:00:00,2.3873419189453124,observed,Palo,City/municipality,Reliability-qualified DNB-BRDF,4,G2,10.0
72,0,0.95,224.18033,196.1124,114.312164,84.96043395996094,155.1251220703125,100.0,102,2014-08-23,2014-08-26,2014-08-24 12:00:00,2.197846356560202,observed,Palo,City/municipality,Reliability-qualified DNB-BRDF,4,G2,10.0
73,0,0.95,,,,,,0.0,0,2014-08-27,2014-08-30,2014-08-28 12:00:00,,not observable,Palo,City/municipality,Reliability-qualified DNB-BRDF,4,G2,10.0
74,0,0.95,,,,,,0.0,0,2014-08-31,2014-09-03,2014-09-01 12:00:00,,not observable,Palo,City/municipality,Reliability-qualified DNB-BRDF,4,G2,10.0
75,0,0.95,,,,,,0.0,0,2014-09-04,2014-09-07,2014-09-05 12:00:00,,not observable,Palo,City/municipality,Reliability-qualified DNB-BRDF,4,G2,10.0
76,0,0.95,45.70572,124.37385,36.748657,26.882322311401367,48.736202239990234,80.3921568627451,82,2014-09-08,2014-09-11,2014-09-09 12:00:00,0.5573868170017149,observed,Palo,City/municipality,Reliability-qualified DNB-BRDF,4,G2,10.0
77,0,0.95,111.63765,173.55185,64.32524,47.796897888183594,85.71113586425781,91.17647058823529,93,2014-09-12,2014-09-15,2014-09-13 12:00:00,1.2004048337218582,observed,Palo,City/municipality,Reliability-qualified DNB-BRDF,4,G2,10.0
78,0,0.95,,,,,,0.0,0,2014-09-16,2014-09-19,2014-09-17 12:00:00,,not observable,Palo,City/municipality,Reliability-qualified DNB-BRDF,4,G2,10.0
79,0,0.95,298.1309,196.1124,152.02043,112.98641204833984,206.29638671875,100.0,102,2014-09-20,2014-09-23,2014-09-21 12:00:00,2.9228518616919423,observed,Palo,City/municipality,Reliability-qualified DNB-BRDF,4,G2,10.0
80,0,0.95,70.185425,54.902664,127.8361,87.77371215820312,173.73216247558594,53.92156862745098,55,2014-09-24,2014-09-27,2014-09-25 12:00:00,1.2760986328125,observed,Palo,City/municipality,Reliability-qualified DNB-BRDF,4,G2,10.0
81,0,0.95,83.74344,104.108,80.439,59.86979675292969,112.45881652832031,40.19607843137255,41,2014-09-28,2014-10-01,2014-09-29 12:00:00,2.0425228956269055,observed,Palo,City/municipality,Reliability-qualified DNB-BRDF,4,G2,10.0
82,0,0.95,,,,,,0.0,0,2014-10-02,2014-10-05,2014-10-03 12:00:00,,not observable,Palo,City/municipality,Reliability-qualified DNB-BRDF,4,G2,10.0
83,0,0.95,44.4965,95.49721,46.594555,33.612735748291016,63.46339797973633,63.72549019607843,65,2014-10-06,2014-10-09,2014-10-07 12:00:00,0.684561509352464,observed,Palo,City/municipality,Reliability-qualified DNB-BRDF,4,G2,10.0
84,0,0.95,151.70755,190.1221,79.7948,59.56989288330078,108.06013488769531,98.03921568627452,100,2014-10-10,2014-10-13,2014-10-11 12:00:00,1.5170755004882812,observed,Palo,City/municipality,Reliability-qualified DNB-BRDF,4,G2,10.0
85,0,0.95,146.63664,155.84334,94.09234,69.76140594482422,128.8358154296875,81.37254901960785,83,2014-10-14,2014-10-17,2014-10-15 12:00:00,1.7667065356151168,observed,Palo,City/municipality,Reliability-qualified DNB-BRDF,4,G2,10.0
86,0,0.95,162.39883,196.1124,82.80907,61.546329498291016,112.37444305419922,100.0,102,2014-10-18,2014-10-21,2014-10-19 12:00:00,1.5921454336128982,observed,Palo,City/municipality,Reliability-qualified DNB-BRDF,4,G2,10.0
87,0,0.95,253.49493,196.1124,129.26003,96.07015991210938,175.4098358154297,100.0,102,2014-10-22,2014-10-25,2014-10-23 12:00:00,2.48524445178462,observed,Palo,City/municipality,Reliability-qualified DNB-BRDF,4,G2,10.0
88,0,0.95,,,,,,0.0,0,2014-10-26,2014-10-29,2014-10-27 12:00:00,,not observable,Palo,City/municipality,Reliability-qualified DNB-BRDF,4,G2,10.0
89,0,0.95,323.6801,184.01077,175.9028,129.4458465576172,238.6215057373047,98.03921568627452,100,2014-10-30,2014-11-02,2014-10-31 12:00:00,3.2368011474609375,observed,Palo,City/municipality,Reliability-qualified DNB-BRDF,4,G2,10.0
90,0,0.95,198.99731,191.58669,103.86803,77.07183837890625,140.79232788085938,98.03921568627452,100,2014-11-03,2014-11-06,2014-11-04 12:00:00,1.98997314453125,observed,Palo,City/municipality,Reliability-qualified DNB-BRDF,4,G2,10.0
-45,0,0.95,44.371964,18.373577,241.49876,184.84954833984375,335.5791931152344,100.0,24,2013-05-12,2013-05-15,2013-05-13 12:00:00,1.8488318125406902,observed,Tolosa,City/municipality,Reliability-qualified DNB-BRDF,4,G2,10.0
-44,0,0.95,24.104305,18.373577,131.19005,100.41633605957031,182.297607421875,100.0,24,2013-05-16,2013-05-19,2013-05-17 12:00:00,1.0043460528055828,observed,Tolosa,City/municipality,Reliability-qualified DNB-BRDF,4,G2,10.0
-43,0,0.95,21.221222,18.373577,115.49858,88.40567016601562,160.4932403564453,100.0,24,2013-05-20,2013-05-23,2013-05-21 12:00:00,0.8842175801595052,observed,Tolosa,City/municipality,Reliability-qualified DNB-BRDF,4,G2,10.0
-42,0,0.95,11.606711,16.029865,72.40679,55.0225944519043,100.27261352539062,91.66666666666667,22,2013-05-24,2013-05-27,2013-05-25 12:00:00,0.5275777903470126,observed,Tolosa,City/municipality,Reliability-qualified DNB-BRDF,4,G2,10.0
-41,0,0.95,17.190586,8.213846,209.2879,160.6850128173828,274.1788330078125,45.833333333333336,11,2013-05-28,2013-05-31,2013-05-29 12:00:00,1.5627805536443538,observed,Tolosa,City/municipality,Reliability-qualified DNB-BRDF,4,G2,10.0
-40,0,0.95,27.09843,17.681522,153.25847,117.92351531982422,210.60345458984375,95.83333333333333,23,2013-06-01,2013-06-04,2013-06-02 12:00:00,1.1781926362410835,observed,Tolosa,City/municipality,Reliability-qualified DNB-BRDF,4,G2,10.0
-39,0,0.95,,,,,,0.0,0,2013-06-05,2013-06-08,2013-06-06 12:00:00,,not observable,Tolosa,City/municipality,Reliability-qualified DNB-BRDF,4,G2,10.0
-38,0,0.95,,,,,,0.0,0,2013-06-09,2013-06-12,2013-06-10 12:00:00,,not observable,Tolosa,City/municipality,Reliability-qualified DNB-BRDF,4,G2,10.0
-37,0,0.95,,,,,,8.333333333333334,2,2013-06-13,2013-06-16,2013-06-14 12:00:00,,not observable,Tolosa,City/municipality,Reliability-qualified DNB-BRDF,4,G2,10.0
-36,0,0.95,,,,,,0.0,0,2013-06-17,2013-06-20,2013-06-18 12:00:00,,not observable,Tolosa,City/municipality,Reliability-qualified DNB-BRDF,4,G2,10.0
-35,0,0.95,8.76664,17.631735,49.7208,38.08179473876953,68.77306365966797,95.83333333333333,23,2013-06-21,2013-06-24,2013-06-22 12:00:00,0.3811582482379416,observed,Tolosa,City/municipality,Reliability-qualified DNB-BRDF,4,G2,10.0
-34,0,0.95,,,,,,0.0,0,2013-06-25,2013-06-28,2013-06-26 12:00:00,,not observable,Tolosa,City/municipality,Reliability-qualified DNB-BRDF,4,G2,10.0
-33,0,0.95,32.39988,14.114246,229.55444,178.33892822265625,311.4978332519531,75.0,18,2013-06-29,2013-07-02,2013-06-30 12:00:00,1.7999933030870225,observed,Tolosa,City/municipality,Reliability-qualified DNB-BRDF,4,G2,10.0
-32,0,0.95,2.1615376,3.9006023,55.41548,42.325138092041016,80.78970336914062,20.833333333333332,5,2013-07-03,2013-07-06,2013-07-04 12:00:00,0.4323075294494629,observed,Tolosa,City/municipality,Reliability-qualified DNB-BRDF,4,G2,10.0
-31,0,0.95,24.59651,18.373577,133.86891,102.46681213378906,186.02008056640625,100.0,24,2013-07-07,2013-07-10,2013-07-08 12:00:00,1.02485458056132,observed,Tolosa,City/municipality,Reliability-qualified DNB-BRDF,4,G2,10.0
-30,0,0.95,,,,,,0.0,0,2013-07-11,2013-07-14,2013-07-12 12:00:00,,not observable,Tolosa,City/municipality,Reliability-qualified DNB-BRDF,4,G2,10.0
-29,0,0.95,41.564953,18.373577,226.22133,173.15579223632812,314.3501281738281,100.0,24,2013-07-15,2013-07-18,2013-07-16 12:00:00,1.7318730354309082,observed,Tolosa,City/municipality,Reliability-qualified DNB-BRDF,4,G2,10.0
-28,0,0.95,6.7122,13.153869,51.028336,39.582828521728516,69.08653259277344,70.83333333333333,17,2013-07-19,2013-07-22,2013-07-20 12:00:00,0.394835303811466,observed,Tolosa,City/municipality,Reliability-qualified DNB-BRDF,4,G2,10.0
-27,0,0.95,3.7177935,9.718187,38.25604,29.83279037475586,53.2241325378418,45.833333333333336,11,2013-07-23,2013-07-26,2013-07-24 12:00:00,0.3379812240600586,observed,Tolosa,City/municipality,Reliability-qualified DNB-BRDF,4,G2,10.0
-26,0,0.95,,,,,,0.0,0,2013-07-27,2013-07-30,2013-07-28 12:00:00,,not observable,Tolosa,City/municipality,Reliability-qualified DNB-BRDF,4,G2,10.0
-25,0,0.95,,,,,,0.0,0,2013-07-31,2013-08-03,2013-08-01 12:00:00,,not observable,Tolosa,City/municipality,Reliability-qualified DNB-BRDF,4,G2,10.0
-24,0,0.95,,,,,,0.0,0,2013-08-04,2013-08-07,2013-08-05 12:00:00,,not observable,Tolosa,City/municipality,Reliability-qualified DNB-BRDF,4,G2,10.0
-23,0,0.95,,,,,,0.0,0,2013-08-08,2013-08-11,2013-08-09 12:00:00,,not observable,Tolosa,City/municipality,Reliability-qualified DNB-BRDF,4,G2,10.0
-22,0,0.95,,,,,,0.0,0,2013-08-12,2013-08-15,2013-08-13 12:00:00,,not observable,Tolosa,City/municipality,Reliability-qualified DNB-BRDF,4,G2,10.0
-21,0,0.95,,,,,,0.0,0,2013-08-16,2013-08-19,2013-08-17 12:00:00,,not observable,Tolosa,City/municipality,Reliability-qualified DNB-BRDF,4,G2,10.0
-20,0,0.95,,,,,,0.0,0,2013-08-20,2013-08-23,2013-08-21 12:00:00,,not observable,Tolosa,City/municipality,Reliability-qualified DNB-BRDF,4,G2,10.0
-19,0,0.95,5.5003986,9.747122,56.431004,42.110347747802734,80.61905670166016,45.833333333333336,11,2013-08-24,2013-08-27,2013-08-25 12:00:00,0.5000362396240234,observed,Tolosa,City/municipality,Reliability-qualified DNB-BRDF,4,G2,10.0
-18,0,0.95,25.13142,18.373577,136.78023,104.69520568847656,190.0655517578125,100.0,24,2013-08-28,2013-08-31,2013-08-29 12:00:00,1.047142505645752,observed,Tolosa,City/municipality,Reliability-qualified DNB-BRDF,4,G2,10.0
-17,0,0.95,31.745483,18.373577,172.77791,132.24879455566406,240.08682250976562,100.0,24,2013-09-01,2013-09-04,2013-09-02 12:00:00,1.3227284749348958,observed,Tolosa,City/municipality,Reliability-qualified DNB-BRDF,4,G2,10.0
-16,0,0.95,21.866335,17.072992,128.07559,96.9708023071289,178.10401916503906,95.83333333333333,23,2013-09-05,2013-09-08,2013-09-06 12:00:00,0.950710213702658,observed,Tolosa,City/municipality,Reliability-qualified DNB-BRDF,4,G2,10.0
-15,0,0.95,13.378356,11.897009,112.45142,86.0140609741211,150.82711791992188,66.66666666666667,16,2013-09-09,2013-09-12,2013-09-10 12:00:00,0.8361472487449646,observed,Tolosa,City/municipality,Reliability-qualified DNB-BRDF,4,G2,10.0
-14,0,0.95,21.159554,16.380938,129.17181,98.30358123779297,177.4859161376953,91.66666666666667,22,2013-09-13,2013-09-16,2013-09-14 12:00:00,0.9617978876287286,observed,Tolosa,City/municipality,Reliability-qualified DNB-BRDF,4,G2,10.0
-13,0,0.95,,,,,,0.0,0,2013-09-17,2013-09-20,2013-09-18 12:00:00,,not observable,Tolosa,City/municipality,Reliability-qualified DNB-BRDF,4,G2,10.0
-12,0,0.95,6.2734466,7.093591,88.43823,66.79069519042969,125.6947250366211,33.333333333333336,8,2013-09-21,2013-09-24,2013-09-22 12:00:00,0.7841808199882507,observed,Tolosa,City/municipality,Reliability-qualified DNB-BRDF,4,G2,10.0
-11,0,0.95,,,,,,0.0,0,2013-09-25,2013-09-28,2013-09-26 12:00:00,,not observable,Tolosa,City/municipality,Reliability-qualified DNB-BRDF,4,G2,10.0
-10,0,0.95,,,,,,0.0,0,2013-09-29,2013-10-02,2013-09-30 12:00:00,,not observable,Tolosa,City/municipality,Reliability-qualified DNB-BRDF,4,G2,10.0
-9,0,0.95,31.789165,16.635424,191.09322,144.7000732421875,266.2142028808594,91.66666666666667,22,2013-10-03,2013-10-06,2013-10-04 12:00:00,1.4449620680375532,observed,Tolosa,City/municipality,Reliability-qualified DNB-BRDF,4,G2,10.0
-8,0,0.95,,,,,,0.0,0,2013-10-07,2013-10-10,2013-10-08 12:00:00,,not observable,Tolosa,City/municipality,Reliability-qualified DNB-BRDF,4,G2,10.0
-7,0,0.95,15.069116,17.681522,85.22522,65.57587432861328,117.11408996582031,95.83333333333333,23,2013-10-11,2013-10-14,2013-10-12 12:00:00,0.6551789408144744,observed,Tolosa,City/municipality,Reliability-qualified DNB-BRDF,4,G2,10.0
-6,0,0.95,8.149633,18.373577,44.35518,33.95063018798828,61.634578704833984,100.0,24,2013-10-15,2013-10-18,2013-10-16 12:00:00,0.3395680586496989,observed,Tolosa,City/municipality,Reliability-qualified DNB-BRDF,4,G2,10.0
-5,0,0.95,,,,,,0.0,0,2013-10-19,2013-10-22,2013-10-20 12:00:00,,not observable,Tolosa,City/municipality,Reliability-qualified DNB-BRDF,4,G2,10.0
-4,0,0.95,10.582667,11.655578,90.794876,69.96878814697266,125.87715911865234,58.333333333333336,14,2013-10-23,2013-10-26,2013-10-24 12:00:00,0.7559048107692173,observed,Tolosa,City/municipality,Reliability-qualified DNB-BRDF,4,G2,10.0
-3,0,0.95,,,,,,0.0,0,2013-10-27,2013-10-30,2013-10-28 12:00:00,,not observable,Tolosa,City/municipality,Reliability-qualified DNB-BRDF,4,G2,10.0
-2,0,0.95,23.501009,18.373577,127.90655,97.90306091308594,177.73495483398438,100.0,24,2013-10-31,2013-11-03,2013-11-01 12:00:00,0.9792087078094482,observed,Tolosa,City/municipality,Reliability-qualified DNB-BRDF,4,G2,10.0
-1,0,0.95,3.7574527,4.3320184,86.73677,63.07893753051758,112.1384048461914,37.5,9,2013-11-04,2013-11-07,2013-11-05 12:00:00,0.4174947473737929,observed,Tolosa,City/municipality,Reliability-qualified DNB-BRDF,4,G2,10.0
0,0,0.95,5.745592,18.373577,31.27095,23.935611724853516,43.45314025878906,100.0,24,2013-11-08,2013-11-11,2013-11-09 12:00:00,0.23939967155456543,observed,Tolosa,City/municipality,Reliability-qualified DNB-BRDF,4,G2,10.0
1,0,0.95,7.625345,18.373577,41.501694,31.766494750976562,57.66946029663086,100.0,24,2013-11-12,2013-11-15,2013-11-13 12:00:00,0.31772271792093915,observed,Tolosa,City/municipality,Reliability-qualified DNB-BRDF,4,G2,10.0
2,0,0.95,1.7003613,18.373577,9.254384,7.083550453186035,12.859603881835938,100.0,24,2013-11-16,2013-11-19,2013-11-17 12:00:00,0.07084838549296062,observed,Tolosa,City/municipality,Reliability-qualified DNB-BRDF,4,G2,10.0
3,0,0.95,,,,,,0.0,0,2013-11-20,2013-11-23,2013-11-21 12:00:00,,not observable,Tolosa,City/municipality,Reliability-qualified DNB-BRDF,4,G2,10.0
4,0,0.95,4.1319265,18.373577,22.488417,17.21323013305664,31.249204635620117,100.0,24,2013-11-24,2013-11-27,2013-11-25 12:00:00,0.17216360569000244,observed,Tolosa,City/municipality,Reliability-qualified DNB-BRDF,4,G2,10.0
5,0,0.95,3.5269852,15.345914,22.983221,17.557373046875,32.172630310058594,79.16666666666667,19,2013-11-28,2013-12-01,2013-11-29 12:00:00,0.18563079833984375,observed,Tolosa,City/municipality,Reliability-qualified DNB-BRDF,4,G2,10.0
6,0,0.95,7.929202,18.373577,43.155464,33.03233337402344,59.96748733520508,100.0,24,2013-12-02,2013-12-05,2013-12-03 12:00:00,0.33038341999053955,observed,Tolosa,City/municipality,Reliability-qualified DNB-BRDF,4,G2,10.0
7,0,0.95,24.855495,18.373577,135.27847,103.54573059082031,187.978759765625,100.0,24,2013-12-06,2013-12-09,2013-12-07 12:00:00,1.0356456438700359,observed,Tolosa,City/municipality,Reliability-qualified DNB-BRDF,4,G2,10.0
8,0,0.95,7.153743,17.810404,40.16609,30.590721130371094,56.336177825927734,95.83333333333333,23,2013-12-10,2013-12-13,2013-12-11 12:00:00,0.3110322952270508,observed,Tolosa,City/municipality,Reliability-qualified DNB-BRDF,4,G2,10.0
9,0,0.95,5.6615767,13.126675,43.130318,32.652565002441406,61.39333724975586,66.66666666666667,16,2013-12-14,2013-12-17,2013-12-15 12:00:00,0.35384854674339294,observed,Tolosa,City/municipality,Reliability-qualified DNB-BRDF,4,G2,10.0
10,0,0.95,,,,,,0.0,0,2013-12-18,2013-12-21,2013-12-19 12:00:00,,not observable,Tolosa,City/municipality,Reliability-qualified DNB-BRDF,4,G2,10.0
11,0,0.95,7.1198993,5.937299,119.91816,86.95561218261719,192.8718719482422,33.333333333333336,8,2013-12-22,2013-12-25,2013-12-23 12:00:00,0.8899874091148376,observed,Tolosa,City/municipality,Reliability-qualified DNB-BRDF,4,G2,10.0
12,0,0.95,8.946021,18.373577,48.689598,37.268306732177734,67.65755462646484,100.0,24,2013-12-26,2013-12-29,2013-12-27 12:00:00,0.3727508783340454,observed,Tolosa,City/municipality,Reliability-qualified DNB-BRDF,4,G2,10.0
13,0,0.95,2.553304,16.554348,15.423766,11.705240249633789,21.427268981933594,91.66666666666667,22,2013-12-30,2014-01-02,2013-12-31 12:00:00,0.11605927077206699,observed,Tolosa,City/municipality,Reliability-qualified DNB-BRDF,4,G2,10.0
14,0,0.95,9.135538,18.373577,49.721066,38.05781936645508,69.0908432006836,100.0,24,2014-01-03,2014-01-06,2014-01-04 12:00:00,0.3806474208831787,observed,Tolosa,City/municipality,Reliability-qualified DNB-BRDF,4,G2,10.0
15,0,0.95,,,,,,0.0,0,2014-01-07,2014-01-10,2014-01-08 12:00:00,,not observable,Tolosa,City/municipality,Reliability-qualified DNB-BRDF,4,G2,10.0
16,0,0.95,,,,,,0.0,0,2014-01-11,2014-01-14,2014-01-12 12:00:00,,not observable,Tolosa,City/municipality,Reliability-qualified DNB-BRDF,4,G2,10.0
17,0,0.95,,,,,,0.0,0,2014-01-15,2014-01-18,2014-01-16 12:00:00,,not observable,Tolosa,City/municipality,Reliability-qualified DNB-BRDF,4,G2,10.0
18,0,0.95,,,,,,0.0,0,2014-01-19,2014-01-22,2014-01-20 12:00:00,,not observable,Tolosa,City/municipality,Reliability-qualified DNB-BRDF,4,G2,10.0
19,0,0.95,6.5005374,18.373577,35.379814,27.080644607543945,49.16268539428711,100.0,24,2014-01-23,2014-01-26,2014-01-24 12:00:00,0.27085572481155396,observed,Tolosa,City/municipality,Reliability-qualified DNB-BRDF,4,G2,10.0
20,0,0.95,5.7224817,18.373577,31.145168,23.839336395263672,43.278358459472656,100.0,24,2014-01-27,2014-01-30,2014-01-28 12:00:00,0.23843673865000406,observed,Tolosa,City/municipality,Reliability-qualified DNB-BRDF,4,G2,10.0
21,0,0.95,6.7703176,18.373577,36.848118,28.204524993896484,51.202999114990234,100.0,24,2014-01-31,2014-02-03,2014-02-01 12:00:00,0.2820965647697449,observed,Tolosa,City/municipality,Reliability-qualified DNB-BRDF,4,G2,10.0
22,0,0.95,10.913989,18.373577,59.40046,45.46668243408203,82.54103088378906,100.0,24,2014-02-04,2014-02-07,2014-02-05 12:00:00,0.4547495444615682,observed,Tolosa,City/municipality,Reliability-qualified DNB-BRDF,4,G2,10.0
23,0,0.95,15.301773,14.913664,102.60237,79.39107513427734,141.68385314941406,83.33333333333333,20,2014-02-08,2014-02-11,2014-02-09 12:00:00,0.7650886535644531,observed,Tolosa,City/municipality,Reliability-qualified DNB-BRDF,4,G2,10.0
24,0,0.95,2.243312,18.373577,12.209446,9.345433235168457,16.965866088867188,100.0,24,2014-02-12,2014-02-15,2014-02-13 12:00:00,0.09347132841746013,observed,Tolosa,City/municipality,Reliability-qualified DNB-BRDF,4,G2,10.0
25,0,0.95,1.246222,18.373577,6.7826858,5.191647052764893,9.425008773803711,100.0,24,2014-02-16,2014-02-19,2014-02-17 12:00:00,0.05192591746648153,observed,Tolosa,City/municipality,Reliability-qualified DNB-BRDF,4,G2,10.0
26,0,0.95,16.156265,18.373577,87.93206,67.30552673339844,122.18765258789062,100.0,24,2014-02-20,2014-02-23,2014-02-21 12:00:00,0.6731777191162109,observed,Tolosa,City/municipality,Reliability-qualified DNB-BRDF,4,G2,10.0
27,0,0.95,11.842475,18.373577,64.453835,49.33466720581055,89.56304168701172,100.0,24,2014-02-24,2014-02-27,2014-02-25 12:00:00,0.49343645572662354,observed,Tolosa,City/municipality,Reliability-qualified DNB-BRDF,4,G2,10.0
28,0,0.95,7.525636,18.373577,40.959015,31.35111427307129,56.91537094116211,100.0,24,2014-02-28,2014-03-03,2014-03-01 12:00:00,0.3135681748390198,observed,Tolosa,City/municipality,Reliability-qualified DNB-BRDF,4,G2,10.0
29,0,0.95,15.542383,18.373577,84.59095,64.7481460571289,117.5449447631836,100.0,24,2014-03-04,2014-03-07,2014-03-05 12:00:00,0.6475992997487386,observed,Tolosa,City/municipality,Reliability-qualified DNB-BRDF,4,G2,10.0
30,0,0.95,14.786367,18.373577,80.47626,61.59865951538086,111.82730102539062,100.0,24,2014-03-08,2014-03-11,2014-03-09 12:00:00,0.6160986423492432,observed,Tolosa,City/municipality,Reliability-qualified DNB-BRDF,4,G2,10.0
31,0,0.95,4.872607,8.284622,58.81508,43.58047866821289,80.54560089111328,54.166666666666664,13,2014-03-12,2014-03-15,2014-03-13 12:00:00,0.3748159408569336,observed,Tolosa,City/municipality,Reliability-qualified DNB-BRDF,4,G2,10.0
32,0,0.95,1.8026218,18.373577,9.810946,7.509557723999023,13.632986068725586,100.0,24,2014-03-16,2014-03-19,2014-03-17 12:00:00,0.07510924339294434,observed,Tolosa,City/municipality,Reliability-qualified DNB-BRDF,4,G2,10.0
33,0,0.95,,,,,,0.0,0,2014-03-20,2014-03-23,2014-03-21 12:00:00,,not observable,Tolosa,City/municipality,Reliability-qualified DNB-BRDF,4,G2,10.0
34,0,0.95,15.541495,18.373577,84.58611,64.74445343017578,117.53823852539062,100.0,24,2014-03-24,2014-03-27,2014-03-25 12:00:00,0.647562305132548,observed,Tolosa,City/municipality,Reliability-qualified DNB-BRDF,4,G2,10.0
35,0,0.95,23.058197,18.373577,125.49651,96.058349609375,174.38604736328125,100.0,24,2014-03-28,2014-03-31,2014-03-29 12:00:00,0.9607582092285156,observed,Tolosa,City/municipality,Reliability-qualified DNB-BRDF,4,G2,10.0
36,0,0.95,13.506049,16.029865,84.25553,64.02655792236328,116.68135070800781,91.66666666666667,22,2014-04-01,2014-04-04,2014-04-02 12:00:00,0.6139113252813165,observed,Tolosa,City/municipality,Reliability-qualified DNB-BRDF,4,G2,10.0
37,0,0.95,27.693716,18.373577,150.72577,115.36949157714844,209.44384765625,100.0,24,2014-04-05,2014-04-08,2014-04-06 12:00:00,1.1539048353830974,observed,Tolosa,City/municipality,Reliability-qualified DNB-BRDF,4,G2,10.0
38,0,0.95,,,,,,0.0,0,2014-04-09,2014-04-12,2014-04-10 12:00:00,,not observable,Tolosa,City/municipality,Reliability-qualified DNB-BRDF,4,G2,10.0
39,0,0.95,,,,,,0.0,0,2014-04-13,2014-04-16,2014-04-14 12:00:00,,not observable,Tolosa,City/municipality,Reliability-qualified DNB-BRDF,4,G2,10.0
40,0,0.95,1.469948,15.7493105,9.333412,7.116886138916016,13.137897491455078,83.33333333333333,20,2014-04-17,2014-04-20,2014-04-18 12:00:00,0.07349740266799927,observed,Tolosa,City/municipality,Reliability-qualified DNB-BRDF,4,G2,10.0
41,0,0.95,20.276718,17.213984,117.79214,91.35084533691406,162.04078674316406,95.83333333333333,23,2014-04-21,2014-04-24,2014-04-22 12:00:00,0.8815964408542799,observed,Tolosa,City/municipality,Reliability-qualified DNB-BRDF,4,G2,10.0
42,0,0.95,23.072397,18.373577,125.57379,96.11750793457031,174.49343872070312,100.0,24,2014-04-25,2014-04-28,2014-04-26 12:00:00,0.961349884668986,observed,Tolosa,City/municipality,Reliability-qualified DNB-BRDF,4,G2,10.0
43,0,0.95,24.84689,18.373577,135.23164,103.50988006591797,187.91368103027344,100.0,24,2014-04-29,2014-05-02,2014-04-30 12:00:00,1.0352870623270671,observed,Tolosa,City/municipality,Reliability-qualified DNB-BRDF,4,G2,10.0
44,0,0.95,18.399052,18.373577,100.13865,76.64877319335938,139.14955139160156,100.0,24,2014-05-03,2014-05-06,2014-05-04 12:00:00,0.7666271527608236,observed,Tolosa,City/municipality,Reliability-qualified DNB-BRDF,4,G2,10.0
45,0,0.95,22.469484,18.373577,122.29238,93.60582733154297,169.93368530273438,100.0,24,2014-05-07,2014-05-10,2014-05-08 12:00:00,0.9362285137176514,observed,Tolosa,City/municipality,Reliability-qualified DNB-BRDF,4,G2,10.0
46,0,0.95,7.0563064,18.373577,38.40464,29.39592742919922,53.36589431762695,100.0,24,2014-05-11,2014-05-14,2014-05-12 12:00:00,0.29401276508967084,observed,Tolosa,City/municipality,Reliability-qualified DNB-BRDF,4,G2,10.0
47,0,0.95,5.318883,18.373577,28.948544,22.157981872558594,40.22599792480469,100.0,24,2014-05-15,2014-05-18,2014-05-16 12:00:00,0.22162012259165445,observed,Tolosa,City/municipality,Reliability-qualified DNB-BRDF,4,G2,10.0
48,0,0.95,14.201299,17.681522,80.31717,61.799415588378906,110.36959075927734,95.83333333333333,23,2014-05-19,2014-05-22,2014-05-20 12:00:00,0.6174477701601775,observed,Tolosa,City/municipality,Reliability-qualified DNB-BRDF,4,G2,10.0
49,0,0.95,31.402365,18.373577,170.91046,130.81939697265625,237.4918670654297,100.0,24,2014-05-23,2014-05-26,2014-05-24 12:00:00,1.30843186378479,observed,Tolosa,City/municipality,Reliability-qualified DNB-BRDF,4,G2,10.0
50,0,0.95,18.730534,18.373577,101.94277,78.02969360351562,141.65650939941406,100.0,24,2014-05-27,2014-05-30,2014-05-28 12:00:00,0.7804388999938965,observed,Tolosa,City/municipality,Reliability-qualified DNB-BRDF,4,G2,10.0
51,0,0.95,22.18549,18.373577,120.74671,92.4227294921875,167.78587341308594,100.0,24,2014-05-31,2014-06-03,2014-06-01 12:00:00,0.9243954022725424,observed,Tolosa,City/municipality,Reliability-qualified DNB-BRDF,4,G2,10.0
52,0,0.95,13.061359,18.373577,71.08774,54.41243362426758,98.78130340576172,100.0,24,2014-06-04,2014-06-07,2014-06-05 12:00:00,0.5442233085632324,observed,Tolosa,City/municipality,Reliability-qualified DNB-BRDF,4,G2,10.0
53,0,0.95,,,,,,0.0,0,2014-06-08,2014-06-11,2014-06-09 12:00:00,,not observable,Tolosa,City/municipality,Reliability-qualified DNB-BRDF,4,G2,10.0
54,0,0.95,,,,,,0.0,0,2014-06-12,2014-06-15,2014-06-13 12:00:00,,not observable,Tolosa,City/municipality,Reliability-qualified DNB-BRDF,4,G2,10.0
55,0,0.95,4.1830716,16.626665,25.158813,19.3670597076416,34.40385818481445,91.66666666666667,22,2014-06-16,2014-06-19,2014-06-17 12:00:00,0.19013961878689853,observed,Tolosa,City/municipality,Reliability-qualified DNB-BRDF,4,G2,10.0
56,0,0.95,18.008398,18.373577,98.01248,75.02134704589844,136.19509887695312,100.0,24,2014-06-20,2014-06-23,2014-06-21 12:00:00,0.7503499190012614,observed,Tolosa,City/municipality,Reliability-qualified DNB-BRDF,4,G2,10.0
57,0,0.95,,,,,,0.0,0,2014-06-24,2014-06-27,2014-06-25 12:00:00,,not observable,Tolosa,City/municipality,Reliability-qualified DNB-BRDF,4,G2,10.0
58,0,0.95,2.1442823,1.8165457,118.04175,102.5077896118164,138.00350952148438,16.666666666666668,4,2014-06-28,2014-07-01,2014-06-29 12:00:00,0.5360705852508545,observed,Tolosa,City/municipality,Reliability-qualified DNB-BRDF,4,G2,10.0
59,0,0.95,4.659222,6.3693323,73.15087,55.75288772583008,101.5279769897461,41.666666666666664,10,2014-07-02,2014-07-05,2014-07-03 12:00:00,0.465922212600708,observed,Tolosa,City/municipality,Reliability-qualified DNB-BRDF,4,G2,10.0
60,0,0.95,,,,,,0.0,0,2014-07-06,2014-07-09,2014-07-07 12:00:00,,not observable,Tolosa,City/municipality,Reliability-qualified DNB-BRDF,4,G2,10.0
61,0,0.95,8.030396,17.681522,45.416885,34.94566345214844,62.41059875488281,95.83333333333333,23,2014-07-10,2014-07-13,2014-07-11 12:00:00,0.34914767223855725,observed,Tolosa,City/municipality,Reliability-qualified DNB-BRDF,4,G2,10.0
62,0,0.95,10.647234,18.373577,57.948616,44.355403900146484,80.52359771728516,100.0,24,2014-07-14,2014-07-17,2014-07-15 12:00:00,0.4436347484588623,observed,Tolosa,City/municipality,Reliability-qualified DNB-BRDF,4,G2,10.0
63,0,0.95,,,,,,0.0,0,2014-07-18,2014-07-21,2014-07-19 12:00:00,,not observable,Tolosa,City/municipality,Reliability-qualified DNB-BRDF,4,G2,10.0
64,0,0.95,,,,,,4.166666666666667,1,2014-07-22,2014-07-25,2014-07-23 12:00:00,,not observable,Tolosa,City/municipality,Reliability-qualified DNB-BRDF,4,G2,10.0
65,0,0.95,,,,,,0.0,0,2014-07-26,2014-07-29,2014-07-27 12:00:00,,not observable,Tolosa,City/municipality,Reliability-qualified DNB-BRDF,4,G2,10.0
66,0,0.95,,,,,,0.0,0,2014-07-30,2014-08-02,2014-07-31 12:00:00,,not observable,Tolosa,City/municipality,Reliability-qualified DNB-BRDF,4,G2,10.0
67,0,0.95,21.880722,18.373577,119.08798,91.1530990600586,165.48095703125,100.0,24,2014-08-03,2014-08-06,2014-08-04 12:00:00,0.9116967519124349,observed,Tolosa,City/municipality,Reliability-qualified DNB-BRDF,4,G2,10.0
68,0,0.95,1.4871703,18.373577,8.094071,6.195416450500488,11.247269630432129,100.0,24,2014-08-07,2014-08-10,2014-08-08 12:00:00,0.061965430776278176,observed,Tolosa,City/municipality,Reliability-qualified DNB-BRDF,4,G2,10.0
69,0,0.95,7.7558274,17.31872,44.782917,34.28202438354492,61.97626876831055,95.83333333333333,23,2014-08-11,2014-08-14,2014-08-12 12:00:00,0.3372098881265391,observed,Tolosa,City/municipality,Reliability-qualified DNB-BRDF,4,G2,10.0
70,0,0.95,12.817664,17.681522,72.49185,55.77828598022461,99.61625671386719,95.83333333333333,23,2014-08-15,2014-08-18,2014-08-16 12:00:00,0.557289745496667,observed,Tolosa,City/municipality,Reliability-qualified DNB-BRDF,4,G2,10.0
71,0,0.95,32.892395,18.373577,179.0201,137.02671813964844,248.76075744628906,100.0,24,2014-08-19,2014-08-22,2014-08-20 12:00:00,1.3705164591471355,observed,Tolosa,City/municipality,Reliability-qualified DNB-BRDF,4,G2,10.0
72,0,0.95,22.788189,18.373577,124.026955,94.93351745605469,172.343994140625,100.0,24,2014-08-23,2014-08-26,2014-08-24 12:00:00,0.9495078722635905,observed,Tolosa,City/municipality,Reliability-qualified DNB-BRDF,4,G2,10.0
73,0,0.95,,,,,,0.0,0,2014-08-27,2014-08-30,2014-08-28 12:00:00,,not observable,Tolosa,City/municipality,Reliability-qualified DNB-BRDF,4,G2,10.0
74,0,0.95,,,,,,0.0,0,2014-08-31,2014-09-03,2014-09-01 12:00:00,,not observable,Tolosa,City/municipality,Reliability-qualified DNB-BRDF,4,G2,10.0
75,0,0.95,,,,,,8.333333333333334,2,2014-09-04,2014-09-07,2014-09-05 12:00:00,,not observable,Tolosa,City/municipality,Reliability-qualified DNB-BRDF,4,G2,10.0
76,0,0.95,0.3629027,14.448725,2.5116591,1.8901766538619995,3.5427985191345215,79.16666666666667,19,2014-09-08,2014-09-11,2014-09-09 12:00:00,0.019100142152685868,observed,Tolosa,City/municipality,Reliability-qualified DNB-BRDF,4,G2,10.0
77,0,0.95,8.558008,16.197609,52.83501,40.35681915283203,73.8568115234375,87.5,21,2014-09-12,2014-09-15,2014-09-13 12:00:00,0.40752419971284415,observed,Tolosa,City/municipality,Reliability-qualified DNB-BRDF,4,G2,10.0
78,0,0.95,,,,,,0.0,0,2014-09-16,2014-09-19,2014-09-17 12:00:00,,not observable,Tolosa,City/municipality,Reliability-qualified DNB-BRDF,4,G2,10.0
79,0,0.95,37.28598,18.373577,202.93262,155.3300018310547,281.9888610839844,100.0,24,2014-09-20,2014-09-23,2014-09-21 12:00:00,1.5535825093587239,observed,Tolosa,City/municipality,Reliability-qualified DNB-BRDF,4,G2,10.0
80,0,0.95,,,,,,0.0,0,2014-09-24,2014-09-27,2014-09-25 12:00:00,,not observable,Tolosa,City/municipality,Reliability-qualified DNB-BRDF,4,G2,10.0
81,0,0.95,6.763699,5.2557764,128.69078,99.09882354736328,171.89781188964844,37.5,9,2014-09-28,2014-10-01,2014-09-29 12:00:00,0.7515221171908908,observed,Tolosa,City/municipality,Reliability-qualified DNB-BRDF,4,G2,10.0
82,0,0.95,,,,,,0.0,0,2014-10-02,2014-10-05,2014-10-03 12:00:00,,not observable,Tolosa,City/municipality,Reliability-qualified DNB-BRDF,4,G2,10.0
83,0,0.95,3.2634776,12.807297,25.481392,19.49800682067871,35.568058013916016,66.66666666666667,16,2014-10-06,2014-10-09,2014-10-07 12:00:00,0.20396734774112701,observed,Tolosa,City/municipality,Reliability-qualified DNB-BRDF,4,G2,10.0
84,0,0.95,3.648066,18.373577,19.854958,15.197510719299316,27.589832305908203,100.0,24,2014-10-10,2014-10-13,2014-10-11 12:00:00,0.15200275182724,observed,Tolosa,City/municipality,Reliability-qualified DNB-BRDF,4,G2,10.0
85,0,0.95,14.999325,18.373577,81.6353,62.48582077026367,113.43787384033203,100.0,24,2014-10-14,2014-10-17,2014-10-15 12:00:00,0.624971866607666,observed,Tolosa,City/municipality,Reliability-qualified DNB-BRDF,4,G2,10.0
86,0,0.95,18.989532,18.373577,103.352394,79.10865783691406,143.6152801513672,100.0,24,2014-10-18,2014-10-21,2014-10-19 12:00:00,0.7912305196126302,observed,Tolosa,City/municipality,Reliability-qualified DNB-BRDF,4,G2,10.0
87,0,0.95,30.542078,18.373577,166.22826,127.23551177978516,230.98562622070312,100.0,24,2014-10-22,2014-10-25,2014-10-23 12:00:00,1.2725865840911865,observed,Tolosa,City/municipality,Reliability-qualified DNB-BRDF,4,G2,10.0
88,0,0.95,,,,,,0.0,0,2014-10-26,2014-10-29,2014-10-27 12:00:00,,not observable,Tolosa,City/municipality,Reliability-qualified DNB-BRDF,4,G2,10.0
89,0,0.95,30.076702,18.373577,163.6954,125.29679870605469,227.46604919433594,100.0,24,2014-10-30,2014-11-02,2014-10-31 12:00:00,1.2531959215799968,observed,Tolosa,City/municipality,Reliability-qualified DNB-BRDF,4,G2,10.0
90,0,0.95,4.7830777,18.373577,26.032372,19.925865173339844,36.173770904541016,100.0,24,2014-11-03,2014-11-06,2014-11-04 12:00:00,0.19929490486780801,observed,Tolosa,City/municipality,Reliability-qualified DNB-BRDF,4,G2,10.0
-45,0,0.95,26.141706,17.800764,146.85722,104.82555389404297,201.1005859375,100.0,18,2013-05-12,2013-05-15,2013-05-13 12:00:00,1.452317025926378,observed,Dulag,City/municipality,Reliability-qualified DNB-BRDF,4,G2,10.0
-44,0,0.95,16.242126,17.800764,91.24399,65.12925720214844,124.94597625732422,100.0,18,2013-05-16,2013-05-19,2013-05-17 12:00:00,0.9023403591579862,observed,Dulag,City/municipality,Reliability-qualified DNB-BRDF,4,G2,10.0
-43,0,0.95,14.243987,16.543337,86.10105,64.28339385986328,116.53329467773438,94.44444444444444,17,2013-05-20,2013-05-23,2013-05-21 12:00:00,0.8378815931432387,observed,Dulag,City/municipality,Reliability-qualified DNB-BRDF,4,G2,10.0
-42,0,0.95,11.077012,17.800764,62.227734,44.41767883300781,85.21224212646484,100.0,18,2013-05-24,2013-05-27,2013-05-25 12:00:00,0.6153895590040419,observed,Dulag,City/municipality,Reliability-qualified DNB-BRDF,4,G2,10.0
-41,0,0.95,18.013474,9.893729,182.06961,138.7571258544922,234.15963745117188,50.0,9,2013-05-28,2013-05-31,2013-05-29 12:00:00,2.001497056749132,observed,Dulag,City/municipality,Reliability-qualified DNB-BRDF,4,G2,10.0
-40,0,0.95,14.663805,14.119923,103.851875,85.37179565429688,139.62167358398438,77.77777777777777,14,2013-06-01,2013-06-04,2013-06-02 12:00:00,1.0474146434238978,observed,Dulag,City/municipality,Reliability-qualified DNB-BRDF,4,G2,10.0
-39,0,0.95,,,,,,0.0,0,2013-06-05,2013-06-08,2013-06-06 12:00:00,,not observable,Dulag,City/municipality,Reliability-qualified DNB-BRDF,4,G2,10.0
-38,0,0.95,,,,,,0.0,0,2013-06-09,2013-06-12,2013-06-10 12:00:00,,not observable,Dulag,City/municipality,Reliability-qualified DNB-BRDF,4,G2,10.0
-37,0,0.95,3.5434513,3.2785306,108.08047,70.0671157836914,162.1802520751953,33.333333333333336,6,2013-06-13,2013-06-16,2013-06-14 12:00:00,0.5905752182006836,observed,Dulag,City/municipality,Reliability-qualified DNB-BRDF,4,G2,10.0
-36,0,0.95,,,,,,0.0,0,2013-06-17,2013-06-20,2013-06-18 12:00:00,,not observable,Dulag,City/municipality,Reliability-qualified DNB-BRDF,4,G2,10.0
-35,0,0.95,6.815944,16.647234,40.943405,30.04750633239746,55.45631408691406,94.44444444444444,17,2013-06-21,2013-06-24,2013-06-22 12:00:00,0.40093789381139416,observed,Dulag,City/municipality,Reliability-qualified DNB-BRDF,4,G2,10.0
-34,0,0.95,,,,,,0.0,0,2013-06-25,2013-06-28,2013-06-26 12:00:00,,not observable,Dulag,City/municipality,Reliability-qualified DNB-BRDF,4,G2,10.0
-33,0,0.95,,,,,,0.0,0,2013-06-29,2013-07-02,2013-06-30 12:00:00,,not observable,Dulag,City/municipality,Reliability-qualified DNB-BRDF,4,G2,10.0
-32,0,0.95,,,,,,0.0,0,2013-07-03,2013-07-06,2013-07-04 12:00:00,,not observable,Dulag,City/municipality,Reliability-qualified DNB-BRDF,4,G2,10.0
-31,0,0.95,19.173964,17.800764,107.71427,76.8856201171875,147.499755859375,100.0,18,2013-07-07,2013-07-10,2013-07-08 12:00:00,1.0652201970418294,observed,Dulag,City/municipality,Reliability-qualified DNB-BRDF,4,G2,10.0
-30,0,0.95,,,,,,0.0,0,2013-07-11,2013-07-14,2013-07-12 12:00:00,,not observable,Dulag,City/municipality,Reliability-qualified DNB-BRDF,4,G2,10.0
-29,0,0.95,28.682821,17.800764,161.13254,115.01516723632812,220.64865112304688,100.0,18,2013-07-15,2013-07-18,2013-07-16 12:00:00,1.5934900707668729,observed,Dulag,City/municipality,Reliability-qualified DNB-BRDF,4,G2,10.0
-28,0,0.95,11.41012,12.037271,94.789925,73.68920135498047,123.28594207763672,61.111111111111114,11,2013-07-19,2013-07-22,2013-07-20 12:00:00,1.037283637306907,observed,Dulag,City/municipality,Reliability-qualified DNB-BRDF,4,G2,10.0
-27,0,0.95,,,,,,0.0,0,2013-07-23,2013-07-26,2013-07-24 12:00:00,,not observable,Dulag,City/municipality,Reliability-qualified DNB-BRDF,4,G2,10.0
-26,0,0.95,,,,,,0.0,0,2013-07-27,2013-07-30,2013-07-28 12:00:00,,not observable,Dulag,City/municipality,Reliability-qualified DNB-BRDF,4,G2,10.0
-25,0,0.95,,,,,,0.0,0,2013-07-31,2013-08-03,2013-08-01 12:00:00,,not observable,Dulag,City/municipality,Reliability-qualified DNB-BRDF,4,G2,10.0
-24,0,0.95,,,,,,5.555555555555555,1,2013-08-04,2013-08-07,2013-08-05 12:00:00,,not observable,Dulag,City/municipality,Reliability-qualified DNB-BRDF,4,G2,10.0
-23,0,0.95,,,,,,0.0,0,2013-08-08,2013-08-11,2013-08-09 12:00:00,,not observable,Dulag,City/municipality,Reliability-qualified DNB-BRDF,4,G2,10.0
-22,0,0.95,,,,,,0.0,0,2013-08-12,2013-08-15,2013-08-13 12:00:00,,not observable,Dulag,City/municipality,Reliability-qualified DNB-BRDF,4,G2,10.0
-21,0,0.95,,,,,,0.0,0,2013-08-16,2013-08-19,2013-08-17 12:00:00,,not observable,Dulag,City/municipality,Reliability-qualified DNB-BRDF,4,G2,10.0
-20,0,0.95,,,,,,0.0,0,2013-08-20,2013-08-23,2013-08-21 12:00:00,,not observable,Dulag,City/municipality,Reliability-qualified DNB-BRDF,4,G2,10.0
-19,0,0.95,2.9459968,3.282853,89.73892,51.97737121582031,129.5707244873047,33.333333333333336,6,2013-08-24,2013-08-27,2013-08-25 12:00:00,0.4909994602203369,observed,Dulag,City/municipality,Reliability-qualified DNB-BRDF,4,G2,10.0
-18,0,0.95,15.620965,16.543337,94.424515,70.49772644042969,127.79867553710938,94.44444444444444,17,2013-08-28,2013-08-31,2013-08-29 12:00:00,0.9188802943510168,observed,Dulag,City/municipality,Reliability-qualified DNB-BRDF,4,G2,10.0
-17,0,0.95,20.260527,17.800764,113.8183,81.24263000488281,155.85836791992188,100.0,18,2013-09-01,2013-09-04,2013-09-02 12:00:00,1.125584814283583,observed,Dulag,City/municipality,Reliability-qualified DNB-BRDF,4,G2,10.0
-16,0,0.95,21.577724,17.800764,121.21797,86.52445983886719,165.99119567871094,100.0,18,2013-09-05,2013-09-08,2013-09-06 12:00:00,1.198762469821506,observed,Dulag,City/municipality,Reliability-qualified DNB-BRDF,4,G2,10.0
-15,0,0.95,29.466206,16.853003,174.84247,123.81437683105469,241.71226501464844,88.88888888888889,16,2013-09-09,2013-09-12,2013-09-10 12:00:00,1.8416378498077393,observed,Dulag,City/municipality,Reliability-qualified DNB-BRDF,4,G2,10.0
-14,0,0.95,9.643505,8.30867,116.06557,77.14807891845703,170.5620880126953,55.55555555555556,10,2013-09-13,2013-09-16,2013-09-14 12:00:00,0.9643505096435547,observed,Dulag,City/municipality,Reliability-qualified DNB-BRDF,4,G2,10.0
-13,0,0.95,,,,,,0.0,0,2013-09-17,2013-09-20,2013-09-18 12:00:00,,not observable,Dulag,City/municipality,Reliability-qualified DNB-BRDF,4,G2,10.0
-12,0,0.95,9.9910965,12.183506,82.0051,64.02137756347656,107.748046875,55.55555555555556,10,2013-09-21,2013-09-24,2013-09-22 12:00:00,0.9991096496582031,observed,Dulag,City/municipality,Reliability-qualified DNB-BRDF,4,G2,10.0
-11,0,0.95,,,,,,0.0,0,2013-09-25,2013-09-28,2013-09-26 12:00:00,,not observable,Dulag,City/municipality,Reliability-qualified DNB-BRDF,4,G2,10.0
-10,0,0.95,,,,,,0.0,0,2013-09-29,2013-10-02,2013-09-30 12:00:00,,not observable,Dulag,City/municipality,Reliability-qualified DNB-BRDF,4,G2,10.0
-9,0,0.95,13.154368,5.6938076,231.02939,122.91014099121094,349.9864807128906,44.44444444444444,8,2013-10-03,2013-10-06,2013-10-04 12:00:00,1.6442960500717163,observed,Dulag,City/municipality,Reliability-qualified DNB-BRDF,4,G2,10.0
-8,0,0.95,,,,,,0.0,0,2013-10-07,2013-10-10,2013-10-08 12:00:00,,not observable,Dulag,City/municipality,Reliability-qualified DNB-BRDF,4,G2,10.0
-7,0,0.95,17.699085,17.800764,99.428795,70.97151184082031,136.15394592285156,100.0,18,2013-10-11,2013-10-14,2013-10-12 12:00:00,0.9832825130886502,observed,Dulag,City/municipality,Reliability-qualified DNB-BRDF,4,G2,10.0
-6,0,0.95,11.459002,17.800764,64.37365,45.94941711425781,88.1507797241211,100.0,18,2013-10-15,2013-10-18,2013-10-16 12:00:00,0.636611196729872,observed,Dulag,City/municipality,Reliability-qualified DNB-BRDF,4,G2,10.0
-5,0,0.95,,,,,,0.0,0,2013-10-19,2013-10-22,2013-10-20 12:00:00,,not observable,Dulag,City/municipality,Reliability-qualified DNB-BRDF,4,G2,10.0
-4,0,0.95,,,,,,0.0,0,2013-10-23,2013-10-26,2013-10-24 12:00:00,,not observable,Dulag,City/municipality,Reliability-qualified DNB-BRDF,4,G2,10.0
-3,0,0.95,,,,,,0.0,0,2013-10-27,2013-10-30,2013-10-28 12:00:00,,not observable,Dulag,City/municipality,Reliability-qualified DNB-BRDF,4,G2,10.0
-2,0,0.95,19.563864,17.800764,109.904625,78.44908142089844,150.4991455078125,100.0,18,2013-10-31,2013-11-03,2013-11-01 12:00:00,1.0868813196818035,observed,Dulag,City/municipality,Reliability-qualified DNB-BRDF,4,G2,10.0
-1,0,0.95,3.1623588,5.6938076,55.540314,29.548049926757812,84.1380386352539,44.44444444444444,8,2013-11-04,2013-11-07,2013-11-05 12:00:00,0.39529484510421753,observed,Dulag,City/municipality,Reliability-qualified DNB-BRDF,4,G2,10.0
0,0,0.95,5.472826,17.800764,30.744894,21.94546890258789,42.10086441040039,100.0,18,2013-11-08,2013-11-11,2013-11-09 12:00:00,0.3040458891126845,observed,Dulag,City/municipality,Reliability-qualified DNB-BRDF,4,G2,10.0
1,0,0.95,2.2085488,17.800764,12.407044,8.856053352355957,16.989727020263672,100.0,18,2013-11-12,2013-11-15,2013-11-13 12:00:00,0.12269715468088786,observed,Dulag,City/municipality,Reliability-qualified DNB-BRDF,4,G2,10.0
2,0,0.95,0.2843458,17.800764,1.5973797,1.1401973962783813,2.187389850616455,100.0,18,2013-11-16,2013-11-19,2013-11-17 12:00:00,0.01579698920249939,observed,Dulag,City/municipality,Reliability-qualified DNB-BRDF,4,G2,10.0
3,0,0.95,,,,,,0.0,0,2013-11-20,2013-11-23,2013-11-21 12:00:00,,not observable,Dulag,City/municipality,Reliability-qualified DNB-BRDF,4,G2,10.0
4,0,0.95,3.7525797,15.389808,24.38354,18.853668212890625,32.59020233154297,88.88888888888889,16,2013-11-24,2013-11-27,2013-11-25 12:00:00,0.23453623056411743,observed,Dulag,City/municipality,Reliability-qualified DNB-BRDF,4,G2,10.0
5,0,0.95,9.201159,17.800764,51.689682,36.89569854736328,70.78185272216797,100.0,18,2013-11-28,2013-12-01,2013-11-29 12:00:00,0.5111754735310873,observed,Dulag,City/municipality,Reliability-qualified DNB-BRDF,4,G2,10.0
6,0,0.95,7.5653954,17.800764,42.500397,30.336458206176758,58.19839859008789,100.0,18,2013-12-02,2013-12-05,2013-12-03 12:00:00,0.42029974195692277,observed,Dulag,City/municipality,Reliability-qualified DNB-BRDF,4,G2,10.0
7,0,0.95,10.111735,17.800764,56.80506,40.547019958496094,77.78665161132812,100.0,18,2013-12-06,2013-12-09,2013-12-07 12:00:00,0.5617630746629503,observed,Dulag,City/municipality,Reliability-qualified DNB-BRDF,4,G2,10.0
8,0,0.95,4.444559,17.800764,24.96836,17.82222557067871,34.19070816040039,100.0,18,2013-12-10,2013-12-13,2013-12-11 12:00:00,0.24691994984944662,observed,Dulag,City/municipality,Reliability-qualified DNB-BRDF,4,G2,10.0
9,0,0.95,1.1303866,2.330326,48.507656,37.23689651489258,68.8785629272461,16.666666666666668,3,2013-12-14,2013-12-17,2013-12-15 12:00:00,0.37679553031921387,observed,Dulag,City/municipality,Reliability-qualified DNB-BRDF,4,G2,10.0
10,0,0.95,,,,,,0.0,0,2013-12-18,2013-12-21,2013-12-19 12:00:00,,not observable,Dulag,City/municipality,Reliability-qualified DNB-BRDF,4,G2,10.0
11,0,0.95,,,,,,0.0,0,2013-12-22,2013-12-25,2013-12-23 12:00:00,,not observable,Dulag,City/municipality,Reliability-qualified DNB-BRDF,4,G2,10.0
12,0,0.95,6.6709356,15.389808,43.34645,33.51604080200195,57.935386657714844,88.88888888888889,16,2013-12-26,2013-12-29,2013-12-27 12:00:00,0.41693347692489624,observed,Dulag,City/municipality,Reliability-qualified DNB-BRDF,4,G2,10.0
13,0,0.95,2.6349194,12.125952,21.72959,16.068920135498047,31.442289352416992,83.33333333333333,15,2013-12-30,2014-01-02,2013-12-31 12:00:00,0.17566129366556804,observed,Dulag,City/municipality,Reliability-qualified DNB-BRDF,4,G2,10.0
14,0,0.95,8.418754,14.536906,57.912968,39.28086853027344,85.33914184570312,94.44444444444444,17,2014-01-03,2014-01-06,2014-01-04 12:00:00,0.4952208014095531,observed,Dulag,City/municipality,Reliability-qualified DNB-BRDF,4,G2,10.0
15,0,0.95,,,,,,0.0,0,2014-01-07,2014-01-10,2014-01-08 12:00:00,,not observable,Dulag,City/municipality,Reliability-qualified DNB-BRDF,4,G2,10.0
16,0,0.95,,,,,,0.0,0,2014-01-11,2014-01-14,2014-01-12 12:00:00,,not observable,Dulag,City/municipality,Reliability-qualified DNB-BRDF,4,G2,10.0
17,0,0.95,,,,,,0.0,0,2014-01-15,2014-01-18,2014-01-16 12:00:00,,not observable,Dulag,City/municipality,Reliability-qualified DNB-BRDF,4,G2,10.0
18,0,0.95,,,,,,0.0,0,2014-01-19,2014-01-22,2014-01-20 12:00:00,,not observable,Dulag,City/municipality,Reliability-qualified DNB-BRDF,4,G2,10.0
19,0,0.95,11.660548,17.800764,65.50588,46.757598876953125,89.70122528076172,100.0,18,2014-01-23,2014-01-26,2014-01-24 12:00:00,0.6478082338968912,observed,Dulag,City/municipality,Reliability-qualified DNB-BRDF,4,G2,10.0
20,0,0.95,7.699978,16.647234,46.2538,33.94469451904297,62.649044036865234,94.44444444444444,17,2014-01-27,2014-01-30,2014-01-28 12:00:00,0.4529398749856388,observed,Dulag,City/municipality,Reliability-qualified DNB-BRDF,4,G2,10.0
21,0,0.95,13.451624,17.800764,75.56767,53.93962860107422,103.47944641113281,100.0,18,2014-01-31,2014-02-03,2014-02-01 12:00:00,0.7473124398125542,observed,Dulag,City/municipality,Reliability-qualified DNB-BRDF,4,G2,10.0
22,0,0.95,15.934215,17.800764,89.51422,63.89456558227539,122.57730865478516,100.0,18,2014-02-04,2014-02-07,2014-02-05 12:00:00,0.8852341439988878,observed,Dulag,City/municipality,Reliability-qualified DNB-BRDF,4,G2,10.0
23,0,0.95,9.707315,13.5028515,71.890854,53.4537239074707,98.27306365966797,55.55555555555556,10,2014-02-08,2014-02-11,2014-02-09 12:00:00,0.970731544494629,observed,Dulag,City/municipality,Reliability-qualified DNB-BRDF,4,G2,10.0
24,0,0.95,1.8378991,14.536906,12.642986,8.575410842895508,18.63039779663086,94.44444444444444,17,2014-02-12,2014-02-15,2014-02-13 12:00:00,0.10811171110938578,observed,Dulag,City/municipality,Reliability-qualified DNB-BRDF,4,G2,10.0
25,0,0.95,5.136073,17.800764,28.853104,20.595125198364258,39.51032257080078,100.0,18,2014-02-16,2014-02-19,2014-02-17 12:00:00,0.2853373951382107,observed,Dulag,City/municipality,Reliability-qualified DNB-BRDF,4,G2,10.0
26,0,0.95,3.8500476,8.496709,45.31222,33.477516174316406,64.85347747802734,72.22222222222223,13,2014-02-20,2014-02-23,2014-02-21 12:00:00,0.2961575067960299,observed,Dulag,City/municipality,Reliability-qualified DNB-BRDF,4,G2,10.0
27,0,0.95,16.107895,17.800764,90.489914,64.59100341796875,123.91337585449219,100.0,18,2014-02-24,2014-02-27,2014-02-25 12:00:00,0.894883049858941,observed,Dulag,City/municipality,Reliability-qualified DNB-BRDF,4,G2,10.0
28,0,0.95,15.806648,17.800764,88.797585,63.383033752441406,121.5959701538086,100.0,18,2014-02-28,2014-03-03,2014-03-01 12:00:00,0.8781471252441406,observed,Dulag,City/municipality,Reliability-qualified DNB-BRDF,4,G2,10.0
29,0,0.95,16.278555,17.800764,91.44863,65.27532958984375,125.22621154785156,100.0,18,2014-03-04,2014-03-07,2014-03-05 12:00:00,0.9043641620212131,observed,Dulag,City/municipality,Reliability-qualified DNB-BRDF,4,G2,10.0
30,0,0.95,17.913683,17.800764,100.634346,71.83202362060547,137.80477905273438,100.0,18,2014-03-08,2014-03-11,2014-03-09 12:00:00,0.9952046076456705,observed,Dulag,City/municipality,Reliability-qualified DNB-BRDF,4,G2,10.0
31,0,0.95,4.890301,14.58709,33.52486,26.06920051574707,44.764923095703125,77.77777777777777,14,2014-03-12,2014-03-15,2014-03-13 12:00:00,0.3493072305406843,observed,Dulag,City/municipality,Reliability-qualified DNB-BRDF,4,G2,10.0
32,0,0.95,7.6737075,15.668131,48.976532,35.823089599609375,65.42921447753906,88.88888888888889,16,2014-03-16,2014-03-19,2014-03-17 12:00:00,0.4796067178249359,observed,Dulag,City/municipality,Reliability-qualified DNB-BRDF,4,G2,10.0
33,0,0.95,,,,,,0.0,0,2014-03-20,2014-03-23,2014-03-21 12:00:00,,not observable,Dulag,City/municipality,Reliability-qualified DNB-BRDF,4,G2,10.0
34,0,0.95,13.123187,17.800764,73.7226,52.62263107299805,100.952880859375,100.0,18,2014-03-24,2014-03-27,2014-03-25 12:00:00,0.7290659480624728,observed,Dulag,City/municipality,Reliability-qualified DNB-BRDF,4,G2,10.0
35,0,0.95,9.84167,15.448405,63.706703,45.30257797241211,85.42002868652344,83.33333333333333,15,2014-03-28,2014-03-31,2014-03-29 12:00:00,0.6561113357543945,observed,Dulag,City/municipality,Reliability-qualified DNB-BRDF,4,G2,10.0
36,0,0.95,20.819138,16.715384,124.550766,87.8957290649414,170.36390686035156,94.44444444444444,17,2014-04-01,2014-04-04,2014-04-02 12:00:00,1.2246551513671875,observed,Dulag,City/municipality,Reliability-qualified DNB-BRDF,4,G2,10.0
37,0,0.95,34.59377,17.800764,194.33868,138.7174530029297,266.119873046875,100.0,18,2014-04-05,2014-04-08,2014-04-06 12:00:00,1.9218760596381292,observed,Dulag,City/municipality,Reliability-qualified DNB-BRDF,4,G2,10.0
38,0,0.95,,,,,,0.0,0,2014-04-09,2014-04-12,2014-04-10 12:00:00,,not observable,Dulag,City/municipality,Reliability-qualified DNB-BRDF,4,G2,10.0
39,0,0.95,,,,,,0.0,0,2014-04-13,2014-04-16,2014-04-14 12:00:00,,not observable,Dulag,City/municipality,Reliability-qualified DNB-BRDF,4,G2,10.0
40,0,0.95,3.7975695,17.800764,21.333744,15.227863311767578,29.213603973388672,100.0,18,2014-04-17,2014-04-20,2014-04-18 12:00:00,0.2109760840733846,observed,Dulag,City/municipality,Reliability-qualified DNB-BRDF,4,G2,10.0
41,0,0.95,17.794779,17.800764,99.96638,71.35523223876953,136.8900909423828,100.0,18,2014-04-21,2014-04-24,2014-04-22 12:00:00,0.9885988235473633,observed,Dulag,City/municipality,Reliability-qualified DNB-BRDF,4,G2,10.0
42,0,0.95,15.28364,17.800764,85.85946,61.285823822021484,117.57262420654297,100.0,18,2014-04-25,2014-04-28,2014-04-26 12:00:00,0.8490911059909396,observed,Dulag,City/municipality,Reliability-qualified DNB-BRDF,4,G2,10.0
43,0,0.95,21.276995,17.800764,119.52855,85.31855773925781,163.67776489257812,100.0,18,2014-04-29,2014-05-02,2014-04-30 12:00:00,1.1820552614000108,observed,Dulag,City/municipality,Reliability-qualified DNB-BRDF,4,G2,10.0
44,0,0.95,13.644215,17.800764,76.649605,54.71189880371094,104.96099853515625,100.0,18,2014-05-03,2014-05-06,2014-05-04 12:00:00,0.7580119238959419,observed,Dulag,City/municipality,Reliability-qualified DNB-BRDF,4,G2,10.0
45,0,0.95,17.513256,17.800764,98.38485,70.22635650634766,134.7244110107422,100.0,18,2014-05-07,2014-05-10,2014-05-08 12:00:00,0.9729586707221137,observed,Dulag,City/municipality,Reliability-qualified DNB-BRDF,4,G2,10.0
46,0,0.95,4.1826515,16.647234,25.125204,18.438859939575195,34.031150817871094,94.44444444444444,17,2014-05-11,2014-05-14,2014-05-12 12:00:00,0.24603832469267004,observed,Dulag,City/municipality,Reliability-qualified DNB-BRDF,4,G2,10.0
47,0,0.95,10.071303,17.800764,56.577927,40.384891510009766,77.47562408447266,100.0,18,2014-05-15,2014-05-18,2014-05-16 12:00:00,0.5595168537563748,observed,Dulag,City/municipality,Reliability-qualified DNB-BRDF,4,G2,10.0
48,0,0.95,7.97942,17.800764,44.82628,31.996654510498047,61.38336944580078,100.0,18,2014-05-19,2014-05-22,2014-05-20 12:00:00,0.44330112139383954,observed,Dulag,City/municipality,Reliability-qualified DNB-BRDF,4,G2,10.0
49,0,0.95,22.19867,17.800764,124.706276,89.0143814086914,170.7679443359375,100.0,18,2014-05-23,2014-05-26,2014-05-24 12:00:00,1.2332594129774306,observed,Dulag,City/municipality,Reliability-qualified DNB-BRDF,4,G2,10.0
50,0,0.95,18.878984,17.800764,106.05716,75.70278930664062,145.23056030273438,100.0,18,2014-05-27,2014-05-30,2014-05-28 12:00:00,1.0488324695163302,observed,Dulag,City/municipality,Reliability-qualified DNB-BRDF,4,G2,10.0
51,0,0.95,19.480509,17.800764,109.43636,78.11483764648438,149.85792541503906,100.0,18,2014-05-31,2014-06-03,2014-06-01 12:00:00,1.0822504891289606,observed,Dulag,City/municipality,Reliability-qualified DNB-BRDF,4,G2,10.0
52,0,0.95,12.894453,17.800764,72.43764,51.7054328918457,99.19329833984375,100.0,18,2014-06-04,2014-06-07,2014-06-05 12:00:00,0.716358502705892,observed,Dulag,City/municipality,Reliability-qualified DNB-BRDF,4,G2,10.0
53,0,0.95,,,,,,0.0,0,2014-06-08,2014-06-11,2014-06-09 12:00:00,,not observable,Dulag,City/municipality,Reliability-qualified DNB-BRDF,4,G2,10.0
54,0,0.95,,,,,,0.0,0,2014-06-12,2014-06-15,2014-06-13 12:00:00,,not observable,Dulag,City/municipality,Reliability-qualified DNB-BRDF,4,G2,10.0
55,0,0.95,9.559682,17.800764,53.703773,38.333343505859375,73.53986358642578,100.0,18,2014-06-16,2014-06-19,2014-06-17 12:00:00,0.53109343846639,observed,Dulag,City/municipality,Reliability-qualified DNB-BRDF,4,G2,10.0
56,0,0.95,7.6120644,12.779201,59.566044,45.32895278930664,78.37898254394531,72.22222222222223,13,2014-06-20,2014-06-23,2014-06-21 12:00:00,0.5855434124286358,observed,Dulag,City/municipality,Reliability-qualified DNB-BRDF,4,G2,10.0
57,0,0.95,2.3956766,3.0711284,78.00639,57.16899108886719,117.14752960205078,27.77777777777778,5,2014-06-24,2014-06-27,2014-06-25 12:00:00,0.47913532257080077,observed,Dulag,City/municipality,Reliability-qualified DNB-BRDF,4,G2,10.0
58,0,0.95,6.22466,13.325325,46.71301,35.79690170288086,61.187339782714844,77.77777777777777,14,2014-06-28,2014-07-01,2014-06-29 12:00:00,0.4446185656956264,observed,Dulag,City/municipality,Reliability-qualified DNB-BRDF,4,G2,10.0
59,0,0.95,,,,,,0.0,0,2014-07-02,2014-07-05,2014-07-03 12:00:00,,not observable,Dulag,City/municipality,Reliability-qualified DNB-BRDF,4,G2,10.0
60,0,0.95,,,,,,0.0,0,2014-07-06,2014-07-09,2014-07-07 12:00:00,,not observable,Dulag,City/municipality,Reliability-qualified DNB-BRDF,4,G2,10.0
61,0,0.95,4.832904,16.543337,29.213596,21.810989379882812,39.539085388183594,94.44444444444444,17,2014-07-10,2014-07-13,2014-07-11 12:00:00,0.2842884624705595,observed,Dulag,City/municipality,Reliability-qualified DNB-BRDF,4,G2,10.0
62,0,0.95,4.3351965,9.064211,47.82762,34.242305755615234,70.61168670654297,72.22222222222223,13,2014-07-14,2014-07-17,2014-07-15 12:00:00,0.33347665346585786,observed,Dulag,City/municipality,Reliability-qualified DNB-BRDF,4,G2,10.0
63,0,0.95,,,,,,0.0,0,2014-07-18,2014-07-21,2014-07-19 12:00:00,,not observable,Dulag,City/municipality,Reliability-qualified DNB-BRDF,4,G2,10.0
64,0,0.95,,,,,,0.0,0,2014-07-22,2014-07-25,2014-07-23 12:00:00,,not observable,Dulag,City/municipality,Reliability-qualified DNB-BRDF,4,G2,10.0
65,0,0.95,,,,,,0.0,0,2014-07-26,2014-07-29,2014-07-27 12:00:00,,not observable,Dulag,City/municipality,Reliability-qualified DNB-BRDF,4,G2,10.0
66,0,0.95,,,,,,0.0,0,2014-07-30,2014-08-02,2014-07-31 12:00:00,,not observable,Dulag,City/municipality,Reliability-qualified DNB-BRDF,4,G2,10.0
67,0,0.95,27.192799,17.800764,152.76196,109.04032135009766,209.1863250732422,100.0,18,2014-08-03,2014-08-06,2014-08-04 12:00:00,1.5107110341389973,observed,Dulag,City/municipality,Reliability-qualified DNB-BRDF,4,G2,10.0
68,0,0.95,2.1010487,17.800764,11.803138,8.424989700317383,16.16275978088379,100.0,18,2014-08-07,2014-08-10,2014-08-08 12:00:00,0.11672492822011311,observed,Dulag,City/municipality,Reliability-qualified DNB-BRDF,4,G2,10.0
69,0,0.95,5.1778626,9.036153,57.30163,42.05975341796875,75.42081451416016,27.77777777777778,5,2014-08-11,2014-08-14,2014-08-12 12:00:00,1.0355725288391113,observed,Dulag,City/municipality,Reliability-qualified DNB-BRDF,4,G2,10.0
70,0,0.95,11.121237,11.858398,93.78363,71.54264068603516,122.59810638427734,77.77777777777777,14,2014-08-15,2014-08-18,2014-08-16 12:00:00,0.7943740572248187,observed,Dulag,City/municipality,Reliability-qualified DNB-BRDF,4,G2,10.0
71,0,0.95,27.215786,17.800764,152.89111,109.13250732421875,209.36317443847656,100.0,18,2014-08-19,2014-08-22,2014-08-20 12:00:00,1.5119881100124783,observed,Dulag,City/municipality,Reliability-qualified DNB-BRDF,4,G2,10.0
72,0,0.95,14.931566,11.937913,125.07686,85.82735443115234,184.3949432373047,66.66666666666667,12,2014-08-23,2014-08-26,2014-08-24 12:00:00,1.24429718653361,observed,Dulag,City/municipality,Reliability-qualified DNB-BRDF,4,G2,10.0
73,0,0.95,,,,,,0.0,0,2014-08-27,2014-08-30,2014-08-28 12:00:00,,not observable,Dulag,City/municipality,Reliability-qualified DNB-BRDF,4,G2,10.0
74,0,0.95,,,,,,0.0,0,2014-08-31,2014-09-03,2014-09-01 12:00:00,,not observable,Dulag,City/municipality,Reliability-qualified DNB-BRDF,4,G2,10.0
75,0,0.95,,,,,,0.0,0,2014-09-04,2014-09-07,2014-09-05 12:00:00,,not observable,Dulag,City/municipality,Reliability-qualified DNB-BRDF,4,G2,10.0
76,0,0.95,2.759048,12.190043,22.633617,15.482439994812012,33.7442741394043,77.77777777777777,14,2014-09-08,2014-09-11,2014-09-09 12:00:00,0.19707485607692174,observed,Dulag,City/municipality,Reliability-qualified DNB-BRDF,4,G2,10.0
77,0,0.95,8.3398695,14.536906,57.37032,38.91280746459961,84.53951263427734,94.44444444444444,17,2014-09-12,2014-09-15,2014-09-13 12:00:00,0.49058055877685547,observed,Dulag,City/municipality,Reliability-qualified DNB-BRDF,4,G2,10.0
78,0,0.95,,,,,,0.0,0,2014-09-16,2014-09-19,2014-09-17 12:00:00,,not observable,Dulag,City/municipality,Reliability-qualified DNB-BRDF,4,G2,10.0
79,0,0.95,40.040546,17.800764,224.93724,160.5584716796875,308.0203552246094,100.0,18,2014-09-20,2014-09-23,2014-09-21 12:00:00,2.224474800957574,observed,Dulag,City/municipality,Reliability-qualified DNB-BRDF,4,G2,10.0
80,0,0.95,,,,,,0.0,0,2014-09-24,2014-09-27,2014-09-25 12:00:00,,not observable,Dulag,City/municipality,Reliability-qualified DNB-BRDF,4,G2,10.0
81,0,0.95,20.909563,15.389808,135.8663,105.0535888671875,181.59425354003906,88.88888888888889,16,2014-09-28,2014-10-01,2014-09-29 12:00:00,1.3068476915359497,observed,Dulag,City/municipality,Reliability-qualified DNB-BRDF,4,G2,10.0
82,0,0.95,,,,,,0.0,0,2014-10-02,2014-10-05,2014-10-03 12:00:00,,not observable,Dulag,City/municipality,Reliability-qualified DNB-BRDF,4,G2,10.0
83,0,0.95,4.6671734,12.361675,37.755184,28.934385299682617,50.162174224853516,61.111111111111114,11,2014-10-06,2014-10-09,2014-10-07 12:00:00,0.42428848960182886,observed,Dulag,City/municipality,Reliability-qualified DNB-BRDF,4,G2,10.0
84,0,0.95,2.4806652,14.536906,17.064602,11.574479103088379,25.145984649658203,94.44444444444444,17,2014-10-10,2014-10-13,2014-10-11 12:00:00,0.1459214827593635,observed,Dulag,City/municipality,Reliability-qualified DNB-BRDF,4,G2,10.0
85,0,0.95,15.671677,16.543337,94.73106,70.7265853881836,128.21356201171875,94.44444444444444,17,2014-10-14,2014-10-17,2014-10-15 12:00:00,0.9218633315142464,observed,Dulag,City/municipality,Reliability-qualified DNB-BRDF,4,G2,10.0
86,0,0.95,20.253557,17.800764,113.779144,81.21468353271484,155.80474853515625,100.0,18,2014-10-18,2014-10-21,2014-10-19 12:00:00,1.125197622511122,observed,Dulag,City/municipality,Reliability-qualified DNB-BRDF,4,G2,10.0
87,0,0.95,28.630953,17.800764,160.84114,114.80717468261719,220.2496337890625,100.0,18,2014-10-22,2014-10-25,2014-10-23 12:00:00,1.590608490837945,observed,Dulag,City/municipality,Reliability-qualified DNB-BRDF,4,G2,10.0
88,0,0.95,1.9060302,2.098432,90.831154,58.508514404296875,129.8480224609375,22.22222222222222,4,2014-10-26,2014-10-29,2014-10-27 12:00:00,0.4765075445175171,observed,Dulag,City/municipality,Reliability-qualified DNB-BRDF,4,G2,10.0
89,0,0.95,39.81056,17.800764,223.64523,159.63624572753906,306.2510986328125,100.0,18,2014-10-30,2014-11-02,2014-10-31 12:00:00,2.2116976843939886,observed,Dulag,City/municipality,Reliability-qualified DNB-BRDF,4,G2,10.0
90,0,0.95,11.86721,15.564233,76.24668,56.793575286865234,101.77095031738281,88.88888888888889,16,2014-11-03,2014-11-06,2014-11-04 12:00:00,0.7417006492614746,observed,Dulag,City/municipality,Reliability-qualified DNB-BRDF,4,G2,10.0
-45,0,0.95,22.489817,19.685837,114.243645,71.49308013916016,166.27088928222656,100.0,30,2013-05-12,2013-05-15,2013-05-13 12:00:00,0.7496605555216471,observed,Alangalang,City/municipality,Reliability-qualified DNB-BRDF,4,G2,10.0
-44,0,0.95,29.548704,19.685837,150.10133,93.9326400756836,218.45838928222656,100.0,30,2013-05-16,2013-05-19,2013-05-17 12:00:00,0.9849568049112956,observed,Alangalang,City/municipality,Reliability-qualified DNB-BRDF,4,G2,10.0
-43,0,0.95,14.603916,19.685837,74.18489,46.424522399902344,107.9691390991211,100.0,30,2013-05-20,2013-05-23,2013-05-21 12:00:00,0.48679720560709633,observed,Alangalang,City/municipality,Reliability-qualified DNB-BRDF,4,G2,10.0
-42,0,0.95,11.667296,19.685837,59.267464,37.08927536010742,86.25822448730469,100.0,30,2013-05-24,2013-05-27,2013-05-25 12:00:00,0.3889098803202311,observed,Alangalang,City/municipality,Reliability-qualified DNB-BRDF,4,G2,10.0
-41,0,0.95,11.72293,19.685837,59.55007,37.26612854003906,86.6695327758789,100.0,30,2013-05-28,2013-05-31,2013-05-29 12:00:00,0.39076433181762693,observed,Alangalang,City/municipality,Reliability-qualified DNB-BRDF,4,G2,10.0
-40,0,0.95,18.207304,15.89408,114.55399,70.01203155517578,170.50689697265625,86.66666666666667,26,2013-06-01,2013-06-04,2013-06-02 12:00:00,0.7002809231097882,observed,Alangalang,City/municipality,Reliability-qualified DNB-BRDF,4,G2,10.0
-39,0,0.95,47.637028,17.671255,269.57352,164.81443786621094,392.08636474609375,86.66666666666667,26,2013-06-05,2013-06-08,2013-06-06 12:00:00,1.832193374633789,observed,Alangalang,City/municipality,Reliability-qualified DNB-BRDF,4,G2,10.0
-38,0,0.95,,,,,,0.0,0,2013-06-09,2013-06-12,2013-06-10 12:00:00,,not observable,Alangalang,City/municipality,Reliability-qualified DNB-BRDF,4,G2,10.0
-37,0,0.95,,,,,,0.0,0,2013-06-13,2013-06-16,2013-06-14 12:00:00,,not observable,Alangalang,City/municipality,Reliability-qualified DNB-BRDF,4,G2,10.0
-36,0,0.95,,,,,,0.0,0,2013-06-17,2013-06-20,2013-06-18 12:00:00,,not observable,Alangalang,City/municipality,Reliability-qualified DNB-BRDF,4,G2,10.0
-35,0,0.95,1.591487,15.956742,9.97376,6.203551292419434,15.595633506774902,93.33333333333333,28,2013-06-21,2013-06-24,2013-06-22 12:00:00,0.056838823216302056,observed,Alangalang,City/municipality,Reliability-qualified DNB-BRDF,4,G2,10.0
-34,0,0.95,,,,,,0.0,0,2013-06-25,2013-06-28,2013-06-26 12:00:00,,not observable,Alangalang,City/municipality,Reliability-qualified DNB-BRDF,4,G2,10.0
-33,0,0.95,25.684044,19.685837,130.46965,81.6472396850586,189.88632202148438,100.0,30,2013-06-29,2013-07-02,2013-06-30 12:00:00,0.8561347961425781,observed,Alangalang,City/municipality,Reliability-qualified DNB-BRDF,4,G2,10.0
-32,0,0.95,20.640892,19.350708,106.667366,66.55187225341797,155.4779052734375,96.66666666666667,29,2013-07-03,2013-07-06,2013-07-04 12:00:00,0.7117548975451239,observed,Alangalang,City/municipality,Reliability-qualified DNB-BRDF,4,G2,10.0
-31,0,0.95,28.015524,19.685837,142.3131,89.05880737304688,207.12335205078125,100.0,30,2013-07-07,2013-07-10,2013-07-08 12:00:00,0.9338507970174154,observed,Alangalang,City/municipality,Reliability-qualified DNB-BRDF,4,G2,10.0
-30,0,0.95,,,,,,3.3333333333333335,1,2013-07-11,2013-07-14,2013-07-12 12:00:00,,not observable,Alangalang,City/municipality,Reliability-qualified DNB-BRDF,4,G2,10.0
-29,0,0.95,35.957817,19.685837,182.65831,114.30663299560547,265.8420104980469,100.0,30,2013-07-15,2013-07-18,2013-07-16 12:00:00,1.1985939025878907,observed,Alangalang,City/municipality,Reliability-qualified DNB-BRDF,4,G2,10.0
-28,0,0.95,,,,,,0.0,0,2013-07-19,2013-07-22,2013-07-20 12:00:00,,not observable,Alangalang,City/municipality,Reliability-qualified DNB-BRDF,4,G2,10.0
-27,0,0.95,4.630464,15.034962,30.797977,18.951509475708008,48.345542907714844,83.33333333333333,25,2013-07-23,2013-07-26,2013-07-24 12:00:00,0.18521856307983398,observed,Alangalang,City/municipality,Reliability-qualified DNB-BRDF,4,G2,10.0
-26,0,0.95,,,,,,0.0,0,2013-07-27,2013-07-30,2013-07-28 12:00:00,,not observable,Alangalang,City/municipality,Reliability-qualified DNB-BRDF,4,G2,10.0
-25,0,0.95,,,,,,0.0,0,2013-07-31,2013-08-03,2013-08-01 12:00:00,,not observable,Alangalang,City/municipality,Reliability-qualified DNB-BRDF,4,G2,10.0
-24,0,0.95,19.314001,19.685837,98.11115,61.39745330810547,142.79156494140625,100.0,30,2013-08-04,2013-08-07,2013-08-05 12:00:00,0.6438000361124675,observed,Alangalang,City/municipality,Reliability-qualified DNB-BRDF,4,G2,10.0
-23,0,0.95,,,,,,0.0,0,2013-08-08,2013-08-11,2013-08-09 12:00:00,,not observable,Alangalang,City/municipality,Reliability-qualified DNB-BRDF,4,G2,10.0
-22,0,0.95,,,,,,0.0,0,2013-08-12,2013-08-15,2013-08-13 12:00:00,,not observable,Alangalang,City/municipality,Reliability-qualified DNB-BRDF,4,G2,10.0
-21,0,0.95,,,,,,0.0,0,2013-08-16,2013-08-19,2013-08-17 12:00:00,,not observable,Alangalang,City/municipality,Reliability-qualified DNB-BRDF,4,G2,10.0
-20,0,0.95,,,,,,0.0,0,2013-08-20,2013-08-23,2013-08-21 12:00:00,,not observable,Alangalang,City/municipality,Reliability-qualified DNB-BRDF,4,G2,10.0
-19,0,0.95,4.6142597,9.500819,48.566967,31.683244705200195,75.4251937866211,50.0,15,2013-08-24,2013-08-27,2013-08-25 12:00:00,0.30761731465657555,observed,Alangalang,City/municipality,Reliability-qualified DNB-BRDF,4,G2,10.0
-18,0,0.95,23.105433,19.685837,117.37084,73.45006561279297,170.82223510742188,100.0,30,2013-08-28,2013-08-31,2013-08-29 12:00:00,0.7701810836791992,observed,Alangalang,City/municipality,Reliability-qualified DNB-BRDF,4,G2,10.0
-17,0,0.95,21.056355,19.685837,106.96195,66.93624114990234,155.67308044433594,100.0,30,2013-09-01,2013-09-04,2013-09-02 12:00:00,0.7018784840901693,observed,Alangalang,City/municipality,Reliability-qualified DNB-BRDF,4,G2,10.0
-16,0,0.95,23.13067,19.685837,117.499054,73.53030395507812,171.0088348388672,100.0,30,2013-09-05,2013-09-08,2013-09-06 12:00:00,0.771022351582845,observed,Alangalang,City/municipality,Reliability-qualified DNB-BRDF,4,G2,10.0
-15,0,0.95,26.263134,11.998039,218.89522,131.0345916748047,330.5022888183594,66.66666666666667,20,2013-09-09,2013-09-12,2013-09-10 12:00:00,1.3131567001342774,observed,Alangalang,City/municipality,Reliability-qualified DNB-BRDF,4,G2,10.0
-14,0,0.95,18.195263,19.685837,92.42819,57.84108352661133,134.5205535888672,100.0,30,2013-09-13,2013-09-16,2013-09-14 12:00:00,0.6065087636311849,observed,Alangalang,City/municipality,Reliability-qualified DNB-BRDF,4,G2,10.0
-13,0,0.95,,,,,,0.0,0,2013-09-17,2013-09-20,2013-09-18 12:00:00,,not observable,Alangalang,City/municipality,Reliability-qualified DNB-BRDF,4,G2,10.0
-12,0,0.95,,,,,,0.0,0,2013-09-21,2013-09-24,2013-09-22 12:00:00,,not observable,Alangalang,City/municipality,Reliability-qualified DNB-BRDF,4,G2,10.0
-11,0,0.95,13.521691,19.685837,68.687416,42.984230041503906,99.96807861328125,100.0,30,2013-09-25,2013-09-28,2013-09-26 12:00:00,0.4507230440775553,observed,Alangalang,City/municipality,Reliability-qualified DNB-BRDF,4,G2,10.0
-10,0,0.95,,,,,,0.0,0,2013-09-29,2013-10-02,2013-09-30 12:00:00,,not observable,Alangalang,City/municipality,Reliability-qualified DNB-BRDF,4,G2,10.0
-9,0,0.95,43.89693,15.956742,275.09958,171.10841369628906,430.1639709472656,93.33333333333333,28,2013-10-03,2013-10-06,2013-10-04 12:00:00,1.5677475248064314,observed,Alangalang,City/municipality,Reliability-qualified DNB-BRDF,4,G2,10.0
-8,0,0.95,19.41985,13.227845,146.81038,90.0820541381836,227.72439575195312,70.0,21,2013-10-07,2013-10-10,2013-10-08 12:00:00,0.9247547331310454,observed,Alangalang,City/municipality,Reliability-qualified DNB-BRDF,4,G2,10.0
-7,0,0.95,19.400515,19.685837,98.55062,61.6724739074707,143.43118286132812,100.0,30,2013-10-11,2013-10-14,2013-10-12 12:00:00,0.6466838200887044,observed,Alangalang,City/municipality,Reliability-qualified DNB-BRDF,4,G2,10.0
-6,0,0.95,14.489897,19.685837,73.60569,46.06206130981445,107.12617492675781,100.0,30,2013-10-15,2013-10-18,2013-10-16 12:00:00,0.4829965591430664,observed,Alangalang,City/municipality,Reliability-qualified DNB-BRDF,4,G2,10.0
-5,0,0.95,,,,,,0.0,0,2013-10-19,2013-10-22,2013-10-20 12:00:00,,not observable,Alangalang,City/municipality,Reliability-qualified DNB-BRDF,4,G2,10.0
-4,0,0.95,16.774784,17.93653,93.52302,58.09665298461914,134.49566650390625,93.33333333333333,28,2013-10-23,2013-10-26,2013-10-24 12:00:00,0.5990994317190987,observed,Alangalang,City/municipality,Reliability-qualified DNB-BRDF,4,G2,10.0
-3,0,0.95,19.841587,19.685837,100.791176,63.07460021972656,146.6920928955078,100.0,30,2013-10-27,2013-10-30,2013-10-28 12:00:00,0.661386235555013,observed,Alangalang,City/municipality,Reliability-qualified DNB-BRDF,4,G2,10.0
-2,0,0.95,27.765575,19.685837,141.04341,88.26424407958984,205.2754364013672,100.0,30,2013-10-31,2013-11-03,2013-11-01 12:00:00,0.9255191802978515,observed,Alangalang,City/municipality,Reliability-qualified DNB-BRDF,4,G2,10.0
-1,0,0.95,1.756433,2.6856482,65.40071,53.05175018310547,113.0938720703125,20.0,6,2013-11-04,2013-11-07,2013-11-05 12:00:00,0.2927388350168864,observed,Alangalang,City/municipality,Reliability-qualified DNB-BRDF,4,G2,10.0
0,0,0.95,4.8913054,19.685837,24.846827,15.549015998840332,36.1622200012207,100.0,30,2013-11-08,2013-11-11,2013-11-09 12:00:00,0.16304351488749186,observed,Alangalang,City/municipality,Reliability-qualified DNB-BRDF,4,G2,10.0
1,0,0.95,4.014094,19.685837,20.390772,12.7604398727417,29.67685317993164,100.0,30,2013-11-12,2013-11-15,2013-11-13 12:00:00,0.133803129196167,observed,Alangalang,City/municipality,Reliability-qualified DNB-BRDF,4,G2,10.0
2,0,0.95,1.4476352,19.685837,7.3536887,4.601900577545166,10.702603340148926,100.0,30,2013-11-16,2013-11-19,2013-11-17 12:00:00,0.048254505793253584,observed,Alangalang,City/municipality,Reliability-qualified DNB-BRDF,4,G2,10.0
3,0,0.95,,,,,,0.0,0,2013-11-20,2013-11-23,2013-11-21 12:00:00,,not observable,Alangalang,City/municipality,Reliability-qualified DNB-BRDF,4,G2,10.0
4,0,0.95,2.084234,10.108756,20.618105,12.211678504943848,28.287012100219727,50.0,15,2013-11-24,2013-11-27,2013-11-25 12:00:00,0.13894893328348795,observed,Alangalang,City/municipality,Reliability-qualified DNB-BRDF,4,G2,10.0
5,0,0.95,10.020456,19.685837,50.901855,31.8541202545166,74.08287048339844,100.0,30,2013-11-28,2013-12-01,2013-11-29 12:00:00,0.3340152104695638,observed,Alangalang,City/municipality,Reliability-qualified DNB-BRDF,4,G2,10.0
6,0,0.95,7.954237,19.685837,40.405888,25.285797119140625,58.806976318359375,100.0,30,2013-12-02,2013-12-05,2013-12-03 12:00:00,0.265141232808431,observed,Alangalang,City/municipality,Reliability-qualified DNB-BRDF,4,G2,10.0
7,0,0.95,12.928071,19.685837,65.67194,41.097164154052734,95.579345703125,100.0,30,2013-12-06,2013-12-09,2013-12-07 12:00:00,0.43093570073445636,observed,Alangalang,City/municipality,Reliability-qualified DNB-BRDF,4,G2,10.0
8,0,0.95,3.0892496,19.685837,15.692752,9.820443153381348,22.839326858520508,100.0,30,2013-12-10,2013-12-13,2013-12-11 12:00:00,0.1029749870300293,observed,Alangalang,City/municipality,Reliability-qualified DNB-BRDF,4,G2,10.0
9,0,0.95,1.9040041,19.685837,9.671948,6.0526556968688965,14.076613426208496,100.0,30,2013-12-14,2013-12-17,2013-12-15 12:00:00,0.06346680323282877,observed,Alangalang,City/municipality,Reliability-qualified DNB-BRDF,4,G2,10.0
10,0,0.95,,,,,,0.0,0,2013-12-18,2013-12-21,2013-12-19 12:00:00,,not observable,Alangalang,City/municipality,Reliability-qualified DNB-BRDF,4,G2,10.0
11,0,0.95,3.488922,12.924811,26.993988,17.773908615112305,40.23933792114258,60.0,18,2013-12-22,2013-12-25,2013-12-23 12:00:00,0.1938290066189236,observed,Alangalang,City/municipality,Reliability-qualified DNB-BRDF,4,G2,10.0
12,0,0.95,6.1265426,19.685837,31.121574,19.47572135925293,45.29452896118164,100.0,30,2013-12-26,2013-12-29,2013-12-27 12:00:00,0.2042180856068929,observed,Alangalang,City/municipality,Reliability-qualified DNB-BRDF,4,G2,10.0
13,0,0.95,,,,,,0.0,0,2013-12-30,2014-01-02,2013-12-31 12:00:00,,not observable,Alangalang,City/municipality,Reliability-qualified DNB-BRDF,4,G2,10.0
14,0,0.95,13.477567,19.685837,68.463264,42.84395980834961,99.64186096191406,100.0,30,2014-01-03,2014-01-06,2014-01-04 12:00:00,0.44925222396850584,observed,Alangalang,City/municipality,Reliability-qualified DNB-BRDF,4,G2,10.0
15,0,0.95,,,,,,0.0,0,2014-01-07,2014-01-10,2014-01-08 12:00:00,,not observable,Alangalang,City/municipality,Reliability-qualified DNB-BRDF,4,G2,10.0
16,0,0.95,,,,,,0.0,0,2014-01-11,2014-01-14,2014-01-12 12:00:00,,not observable,Alangalang,City/municipality,Reliability-qualified DNB-BRDF,4,G2,10.0
17,0,0.95,,,,,,0.0,0,2014-01-15,2014-01-18,2014-01-16 12:00:00,,not observable,Alangalang,City/municipality,Reliability-qualified DNB-BRDF,4,G2,10.0
18,0,0.95,,,,,,0.0,0,2014-01-19,2014-01-22,2014-01-20 12:00:00,,not observable,Alangalang,City/municipality,Reliability-qualified DNB-BRDF,4,G2,10.0
19,0,0.95,11.76308,19.685837,59.754025,37.393760681152344,86.96636962890625,100.0,30,2014-01-23,2014-01-26,2014-01-24 12:00:00,0.39210265477498374,observed,Alangalang,City/municipality,Reliability-qualified DNB-BRDF,4,G2,10.0
20,0,0.95,9.139096,19.685837,46.42473,29.05235481262207,67.56683349609375,100.0,30,2014-01-27,2014-01-30,2014-01-28 12:00:00,0.30463654200236,observed,Alangalang,City/municipality,Reliability-qualified DNB-BRDF,4,G2,10.0
21,0,0.95,9.8119,19.685837,49.842434,31.191137313842773,72.54097747802734,100.0,30,2014-01-31,2014-02-03,2014-02-01 12:00:00,0.3270633379618327,observed,Alangalang,City/municipality,Reliability-qualified DNB-BRDF,4,G2,10.0
22,0,0.95,15.159111,19.685837,77.005165,48.18943786621094,112.07379150390625,100.0,30,2014-02-04,2014-02-07,2014-02-05 12:00:00,0.505303700764974,observed,Alangalang,City/municipality,Reliability-qualified DNB-BRDF,4,G2,10.0
23,0,0.95,4.460132,19.685837,22.656553,14.178354263305664,32.9744873046875,100.0,30,2014-02-08,2014-02-11,2014-02-09 12:00:00,0.14867107073465982,observed,Alangalang,City/municipality,Reliability-qualified DNB-BRDF,4,G2,10.0
24,0,0.95,1.047596,19.685837,5.321572,3.330212354660034,7.745048522949219,100.0,30,2014-02-12,2014-02-15,2014-02-13 12:00:00,0.03491986592610677,observed,Alangalang,City/municipality,Reliability-qualified DNB-BRDF,4,G2,10.0
25,0,0.95,2.6322777,19.685837,13.371429,8.367772102355957,19.460861206054688,100.0,30,2014-02-16,2014-02-19,2014-02-17 12:00:00,0.08774259090423583,observed,Alangalang,City/municipality,Reliability-qualified DNB-BRDF,4,G2,10.0
26,0,0.95,16.984547,18.967936,89.543465,56.511444091796875,130.2848358154297,93.33333333333333,28,2014-02-20,2014-02-23,2014-02-21 12:00:00,0.6065909521920341,observed,Alangalang,City/municipality,Reliability-qualified DNB-BRDF,4,G2,10.0
27,0,0.95,15.959097,19.685837,81.068924,50.73251724243164,117.98821258544922,100.0,30,2014-02-24,2014-02-27,2014-02-25 12:00:00,0.5319698969523112,observed,Alangalang,City/municipality,Reliability-qualified DNB-BRDF,4,G2,10.0
28,0,0.95,13.482832,19.685837,68.49001,42.86069869995117,99.68077850341797,100.0,30,2014-02-28,2014-03-03,2014-03-01 12:00:00,0.4494277318318685,observed,Alangalang,City/municipality,Reliability-qualified DNB-BRDF,4,G2,10.0
29,0,0.95,17.194784,19.685837,87.34596,54.6606559753418,127.12384796142578,100.0,30,2014-03-04,2014-03-07,2014-03-05 12:00:00,0.5731594721476237,observed,Alangalang,City/municipality,Reliability-qualified DNB-BRDF,4,G2,10.0
30,0,0.95,17.570261,19.685837,89.25331,55.85426330566406,129.89981079101562,100.0,30,2014-03-08,2014-03-11,2014-03-09 12:00:00,0.5856753667195638,observed,Alangalang,City/municipality,Reliability-qualified DNB-BRDF,4,G2,10.0
31,0,0.95,3.6326876,5.001907,72.62605,47.37831115722656,103.74412536621094,40.0,12,2014-03-12,2014-03-15,2014-03-13 12:00:00,0.3027239640553792,observed,Alangalang,City/municipality,Reliability-qualified DNB-BRDF,4,G2,10.0
32,0,0.95,1.4521261,19.685837,7.376502,4.616177082061768,10.735806465148926,100.0,30,2014-03-16,2014-03-19,2014-03-17 12:00:00,0.04840420484542847,observed,Alangalang,City/municipality,Reliability-qualified DNB-BRDF,4,G2,10.0
33,0,0.95,,,,,,0.0,0,2014-03-20,2014-03-23,2014-03-21 12:00:00,,not observable,Alangalang,City/municipality,Reliability-qualified DNB-BRDF,4,G2,10.0
34,0,0.95,18.505083,19.685837,94.002014,58.82597732543945,136.8111114501953,100.0,30,2014-03-24,2014-03-27,2014-03-25 12:00:00,0.6168361028035482,observed,Alangalang,City/municipality,Reliability-qualified DNB-BRDF,4,G2,10.0
35,0,0.95,29.85606,19.685837,151.66264,94.90969848632812,220.73072814941406,100.0,30,2014-03-28,2014-03-31,2014-03-29 12:00:00,0.9952020009358724,observed,Alangalang,City/municipality,Reliability-qualified DNB-BRDF,4,G2,10.0
36,0,0.95,23.380201,19.685837,118.76661,74.32353210449219,172.8536376953125,100.0,30,2014-04-01,2014-04-04,2014-04-02 12:00:00,0.7793400446573894,observed,Alangalang,City/municipality,Reliability-qualified DNB-BRDF,4,G2,10.0
37,0,0.95,52.06653,19.685837,264.48724,165.51475524902344,384.9363708496094,100.0,30,2014-04-05,2014-04-08,2014-04-06 12:00:00,1.7355509440104167,observed,Alangalang,City/municipality,Reliability-qualified DNB-BRDF,4,G2,10.0
38,0,0.95,15.798244,19.685837,80.25183,50.22118377685547,116.79900360107422,100.0,30,2014-04-09,2014-04-12,2014-04-10 12:00:00,0.5266081492106119,observed,Alangalang,City/municipality,Reliability-qualified DNB-BRDF,4,G2,10.0
39,0,0.95,,,,,,0.0,0,2014-04-13,2014-04-16,2014-04-14 12:00:00,,not observable,Alangalang,City/municipality,Reliability-qualified DNB-BRDF,4,G2,10.0
40,0,0.95,6.564683,18.062098,36.345078,22.793088912963867,54.58757400512695,96.66666666666667,29,2014-04-17,2014-04-20,2014-04-18 12:00:00,0.22636837794862943,observed,Alangalang,City/municipality,Reliability-qualified DNB-BRDF,4,G2,10.0
41,0,0.95,27.301344,19.685837,138.6852,86.78848266601562,201.84329223632812,100.0,30,2014-04-21,2014-04-24,2014-04-22 12:00:00,0.910044797261556,observed,Alangalang,City/municipality,Reliability-qualified DNB-BRDF,4,G2,10.0
42,0,0.95,27.031088,19.685837,137.31236,85.92937469482422,199.8452606201172,100.0,30,2014-04-25,2014-04-28,2014-04-26 12:00:00,0.901036262512207,observed,Alangalang,City/municipality,Reliability-qualified DNB-BRDF,4,G2,10.0
43,0,0.95,35.581814,19.685837,180.74829,113.1113510131836,263.0621643066406,100.0,30,2014-04-29,2014-05-02,2014-04-30 12:00:00,1.1860604604085287,observed,Alangalang,City/municipality,Reliability-qualified DNB-BRDF,4,G2,10.0
44,0,0.95,22.954206,19.685837,116.602646,72.9693374633789,169.70420837402344,100.0,30,2014-05-03,2014-05-06,2014-05-04 12:00:00,0.7651402155558268,observed,Alangalang,City/municipality,Reliability-qualified DNB-BRDF,4,G2,10.0
45,0,0.95,29.62717,19.685837,150.49992,94.18208312988281,219.03851318359375,100.0,30,2014-05-07,2014-05-10,2014-05-08 12:00:00,0.9875723520914713,observed,Alangalang,City/municipality,Reliability-qualified DNB-BRDF,4,G2,10.0
46,0,0.95,12.948668,19.685837,65.776566,41.162635803222656,95.73161315917969,100.0,30,2014-05-11,2014-05-14,2014-05-12 12:00:00,0.43162225087483724,observed,Alangalang,City/municipality,Reliability-qualified DNB-BRDF,4,G2,10.0
47,0,0.95,14.312735,19.685837,72.70574,45.49888229370117,105.8163833618164,100.0,30,2014-05-15,2014-05-18,2014-05-16 12:00:00,0.47709115346272785,observed,Alangalang,City/municipality,Reliability-qualified DNB-BRDF,4,G2,10.0
48,0,0.95,16.457155,17.541668,93.817505,58.625423431396484,133.60269165039062,93.33333333333333,28,2014-05-19,2014-05-22,2014-05-20 12:00:00,0.5877555438450405,observed,Alangalang,City/municipality,Reliability-qualified DNB-BRDF,4,G2,10.0
49,0,0.95,33.31745,19.685837,169.24579,105.91314697265625,246.3213653564453,100.0,30,2014-05-23,2014-05-26,2014-05-24 12:00:00,1.1105817159016926,observed,Alangalang,City/municipality,Reliability-qualified DNB-BRDF,4,G2,10.0
50,0,0.95,29.588749,19.685837,150.30476,94.05994415283203,218.7544708251953,100.0,30,2014-05-27,2014-05-30,2014-05-28 12:00:00,0.9862916310628255,observed,Alangalang,City/municipality,Reliability-qualified DNB-BRDF,4,G2,10.0
51,0,0.95,28.014782,19.685837,142.30933,89.05644989013672,207.1178741455078,100.0,30,2014-05-31,2014-06-03,2014-06-01 12:00:00,0.9338260650634765,observed,Alangalang,City/municipality,Reliability-qualified DNB-BRDF,4,G2,10.0
52,0,0.95,20.920292,19.685837,106.27078,66.50370788574219,154.66714477539062,100.0,30,2014-06-04,2014-06-07,2014-06-05 12:00:00,0.6973430633544921,observed,Alangalang,City/municipality,Reliability-qualified DNB-BRDF,4,G2,10.0
53,0,0.95,,,,,,0.0,0,2014-06-08,2014-06-11,2014-06-09 12:00:00,,not observable,Alangalang,City/municipality,Reliability-qualified DNB-BRDF,4,G2,10.0
54,0,0.95,,,,,,3.3333333333333335,1,2014-06-12,2014-06-15,2014-06-13 12:00:00,,not observable,Alangalang,City/municipality,Reliability-qualified DNB-BRDF,4,G2,10.0
55,0,0.95,8.375625,15.956742,52.489563,32.6478385925293,82.076171875,93.33333333333333,28,2014-06-16,2014-06-19,2014-06-17 12:00:00,0.29912945202418734,observed,Alangalang,City/municipality,Reliability-qualified DNB-BRDF,4,G2,10.0
56,0,0.95,23.577906,19.685837,119.770905,74.95201873779297,174.3153076171875,100.0,30,2014-06-20,2014-06-23,2014-06-21 12:00:00,0.7859301884969075,observed,Alangalang,City/municipality,Reliability-qualified DNB-BRDF,4,G2,10.0
57,0,0.95,12.704031,13.805965,92.01842,55.24534225463867,130.41915893554688,63.333333333333336,19,2014-06-24,2014-06-27,2014-06-25 12:00:00,0.6686332100316098,observed,Alangalang,City/municipality,Reliability-qualified DNB-BRDF,4,G2,10.0
58,0,0.95,16.609375,19.685837,84.37221,52.7996940612793,122.79582214355469,100.0,30,2014-06-28,2014-07-01,2014-06-29 12:00:00,0.5536458333333333,observed,Alangalang,City/municipality,Reliability-qualified DNB-BRDF,4,G2,10.0
59,0,0.95,17.26811,19.685837,87.718445,54.89375305175781,127.66596221923828,100.0,30,2014-07-02,2014-07-05,2014-07-03 12:00:00,0.5756036758422851,observed,Alangalang,City/municipality,Reliability-qualified DNB-BRDF,4,G2,10.0
60,0,0.95,,,,,,0.0,0,2014-07-06,2014-07-09,2014-07-07 12:00:00,,not observable,Alangalang,City/municipality,Reliability-qualified DNB-BRDF,4,G2,10.0
61,0,0.95,3.9858353,19.685837,20.247223,12.670607566833496,29.467931747436523,100.0,30,2014-07-10,2014-07-13,2014-07-11 12:00:00,0.13286117712656656,observed,Alangalang,City/municipality,Reliability-qualified DNB-BRDF,4,G2,10.0
62,0,0.95,13.746623,19.685837,69.83002,43.69926452636719,101.63103485107422,100.0,30,2014-07-14,2014-07-17,2014-07-15 12:00:00,0.4582207679748535,observed,Alangalang,City/municipality,Reliability-qualified DNB-BRDF,4,G2,10.0
63,0,0.95,,,,,,0.0,0,2014-07-18,2014-07-21,2014-07-19 12:00:00,,not observable,Alangalang,City/municipality,Reliability-qualified DNB-BRDF,4,G2,10.0
64,0,0.95,,,,,,0.0,0,2014-07-22,2014-07-25,2014-07-23 12:00:00,,not observable,Alangalang,City/municipality,Reliability-qualified DNB-BRDF,4,G2,10.0
65,0,0.95,,,,,,0.0,0,2014-07-26,2014-07-29,2014-07-27 12:00:00,,not observable,Alangalang,City/municipality,Reliability-qualified DNB-BRDF,4,G2,10.0
66,0,0.95,,,,,,0.0,0,2014-07-30,2014-08-02,2014-07-31 12:00:00,,not observable,Alangalang,City/municipality,Reliability-qualified DNB-BRDF,4,G2,10.0
67,0,0.95,45.319393,19.685837,230.2132,144.0662384033203,335.0536804199219,100.0,30,2014-08-03,2014-08-06,2014-08-04 12:00:00,1.510646438598633,observed,Alangalang,City/municipality,Reliability-qualified DNB-BRDF,4,G2,10.0
68,0,0.95,5.575234,18.062098,30.867033,19.357643127441406,46.359962463378906,96.66666666666667,29,2014-08-07,2014-08-10,2014-08-08 12:00:00,0.19224944607964878,observed,Alangalang,City/municipality,Reliability-qualified DNB-BRDF,4,G2,10.0
69,0,0.95,,,,,,0.0,0,2014-08-11,2014-08-14,2014-08-12 12:00:00,,not observable,Alangalang,City/municipality,Reliability-qualified DNB-BRDF,4,G2,10.0
70,0,0.95,21.541327,19.322903,111.4808,69.97312927246094,162.79144287109375,96.66666666666667,29,2014-08-15,2014-08-18,2014-08-16 12:00:00,0.7428043628561085,observed,Alangalang,City/municipality,Reliability-qualified DNB-BRDF,4,G2,10.0
71,0,0.95,16.569931,19.685837,84.171844,52.6743049621582,122.50421142578125,100.0,30,2014-08-19,2014-08-22,2014-08-20 12:00:00,0.5523310343424479,observed,Alangalang,City/municipality,Reliability-qualified DNB-BRDF,4,G2,10.0
72,0,0.95,26.156408,19.685837,132.86917,83.14884185791016,193.37860107421875,100.0,30,2014-08-23,2014-08-26,2014-08-24 12:00:00,0.8718802769978841,observed,Alangalang,City/municipality,Reliability-qualified DNB-BRDF,4,G2,10.0
73,0,0.95,4.4668255,4.182631,106.79464,71.94652557373047,174.0350799560547,16.666666666666668,5,2014-08-27,2014-08-30,2014-08-28 12:00:00,0.8933650970458984,observed,Alangalang,City/municipality,Reliability-qualified DNB-BRDF,4,G2,10.0
74,0,0.95,,,,,,0.0,0,2014-08-31,2014-09-03,2014-09-01 12:00:00,,not observable,Alangalang,City/municipality,Reliability-qualified DNB-BRDF,4,G2,10.0
75,0,0.95,,,,,,0.0,0,2014-09-04,2014-09-07,2014-09-05 12:00:00,,not observable,Alangalang,City/municipality,Reliability-qualified DNB-BRDF,4,G2,10.0
76,0,0.95,5.080326,19.685837,25.80701,16.14989471435547,37.5596809387207,100.0,30,2014-09-08,2014-09-11,2014-09-09 12:00:00,0.16934420267740885,observed,Alangalang,City/municipality,Reliability-qualified DNB-BRDF,4,G2,10.0
77,0,0.95,15.349907,18.639002,82.3537,51.40985107421875,118.44673156738281,96.66666666666667,29,2014-09-12,2014-09-15,2014-09-13 12:00:00,0.5293071352202317,observed,Alangalang,City/municipality,Reliability-qualified DNB-BRDF,4,G2,10.0
78,0,0.95,,,,,,0.0,0,2014-09-16,2014-09-19,2014-09-17 12:00:00,,not observable,Alangalang,City/municipality,Reliability-qualified DNB-BRDF,4,G2,10.0
79,0,0.95,62.133183,19.685837,315.62378,197.5157470703125,459.36077880859375,100.0,30,2014-09-20,2014-09-23,2014-09-21 12:00:00,2.0711060841878255,observed,Alangalang,City/municipality,Reliability-qualified DNB-BRDF,4,G2,10.0
80,0,0.95,6.9696293,5.0592184,137.76099,86.68963623046875,193.62982177734375,30.0,9,2014-09-24,2014-09-27,2014-09-25 12:00:00,0.7744032541910807,observed,Alangalang,City/municipality,Reliability-qualified DNB-BRDF,4,G2,10.0
81,0,0.95,17.207775,15.956742,107.84015,67.0751953125,168.6260223388672,93.33333333333333,28,2014-09-28,2014-10-01,2014-09-29 12:00:00,0.6145633969988141,observed,Alangalang,City/municipality,Reliability-qualified DNB-BRDF,4,G2,10.0
82,0,0.95,,,,,,0.0,0,2014-10-02,2014-10-05,2014-10-03 12:00:00,,not observable,Alangalang,City/municipality,Reliability-qualified DNB-BRDF,4,G2,10.0
83,0,0.95,9.700696,17.38026,55.814445,36.94548416137695,79.52457427978516,93.33333333333333,28,2014-10-06,2014-10-09,2014-10-07 12:00:00,0.3464534282684326,observed,Alangalang,City/municipality,Reliability-qualified DNB-BRDF,4,G2,10.0
84,0,0.95,18.776318,19.685837,95.37983,59.68820571899414,138.81637573242188,100.0,30,2014-10-10,2014-10-13,2014-10-11 12:00:00,0.6258772532145183,observed,Alangalang,City/municipality,Reliability-qualified DNB-BRDF,4,G2,10.0
85,0,0.95,28.62393,18.427095,155.33609,102.75604248046875,224.23695373535156,96.66666666666667,29,2014-10-14,2014-10-17,2014-10-15 12:00:00,0.9870320681867928,observed,Alangalang,City/municipality,Reliability-qualified DNB-BRDF,4,G2,10.0
86,0,0.95,32.951473,19.685837,167.3867,104.7497329711914,243.61561584472656,100.0,30,2014-10-18,2014-10-21,2014-10-19 12:00:00,1.0983824412027994,observed,Alangalang,City/municipality,Reliability-qualified DNB-BRDF,4,G2,10.0
87,0,0.95,37.881184,19.685837,192.42862,120.42083740234375,280.0617980957031,100.0,30,2014-10-22,2014-10-25,2014-10-23 12:00:00,1.2627061208089192,observed,Alangalang,City/municipality,Reliability-qualified DNB-BRDF,4,G2,10.0
88,0,0.95,6.2508936,9.379172,66.64654,42.619346618652344,104.90315246582031,46.666666666666664,14,2014-10-26,2014-10-29,2014-10-27 12:00:00,0.4464923994881766,observed,Alangalang,City/municipality,Reliability-qualified DNB-BRDF,4,G2,10.0
89,0,0.95,57.054848,19.685837,289.8269,181.37217712402344,421.8158264160156,100.0,30,2014-10-30,2014-11-02,2014-10-31 12:00:00,1.9018282572428384,observed,Alangalang,City/municipality,Reliability-qualified DNB-BRDF,4,G2,10.0
90,0,0.95,8.164759,17.580482,46.442177,28.839950561523438,69.7560043334961,96.66666666666667,29,2014-11-03,2014-11-06,2014-11-04 12:00:00,0.2815434028362406,observed,Alangalang,City/municipality,Reliability-qualified DNB-BRDF,4,G2,10.0
-45,0,0.95,41.17385,22.14399,185.93692,139.5236358642578,257.7425231933594,100.0,34,2013-05-12,2013-05-15,2013-05-13 12:00:00,1.2109956180348116,observed,Basey,City/municipality,Reliability-qualified DNB-BRDF,4,G2,10.0
-44,0,0.95,23.89721,22.14399,107.917366,80.97919464111328,149.59317016601562,100.0,34,2013-05-16,2013-05-19,2013-05-17 12:00:00,0.7028590931611902,observed,Basey,City/municipality,Reliability-qualified DNB-BRDF,4,G2,10.0
-43,0,0.95,12.309918,22.14399,55.590336,41.71396255493164,77.05835723876953,100.0,34,2013-05-20,2013-05-23,2013-05-21 12:00:00,0.3620564236360438,observed,Basey,City/municipality,Reliability-qualified DNB-BRDF,4,G2,10.0
-42,0,0.95,10.766939,22.14399,48.622402,36.4853515625,67.39952850341797,100.0,34,2013-05-24,2013-05-27,2013-05-25 12:00:00,0.31667468127082377,observed,Basey,City/municipality,Reliability-qualified DNB-BRDF,4,G2,10.0
-41,0,0.95,28.227232,15.801861,178.63232,131.19052124023438,251.58102416992188,79.41176470588235,27,2013-05-28,2013-05-31,2013-05-29 12:00:00,1.0454530362729673,observed,Basey,City/municipality,Reliability-qualified DNB-BRDF,4,G2,10.0
-40,0,0.95,,,,,,0.0,0,2013-06-01,2013-06-04,2013-06-02 12:00:00,,not observable,Basey,City/municipality,Reliability-qualified DNB-BRDF,4,G2,10.0
-39,0,0.95,,,,,,0.0,0,2013-06-05,2013-06-08,2013-06-06 12:00:00,,not observable,Basey,City/municipality,Reliability-qualified DNB-BRDF,4,G2,10.0
-38,0,0.95,,,,,,0.0,0,2013-06-09,2013-06-12,2013-06-10 12:00:00,,not observable,Basey,City/municipality,Reliability-qualified DNB-BRDF,4,G2,10.0
-37,0,0.95,,,,,,0.0,0,2013-06-13,2013-06-16,2013-06-14 12:00:00,,not observable,Basey,City/municipality,Reliability-qualified DNB-BRDF,4,G2,10.0
-36,0,0.95,,,,,,0.0,0,2013-06-17,2013-06-20,2013-06-18 12:00:00,,not observable,Basey,City/municipality,Reliability-qualified DNB-BRDF,4,G2,10.0
-35,0,0.95,8.696743,22.14399,39.273605,29.47018814086914,54.44038772583008,100.0,34,2013-06-21,2013-06-24,2013-06-22 12:00:00,0.25578655916101795,observed,Basey,City/municipality,Reliability-qualified DNB-BRDF,4,G2,10.0
-34,0,0.95,,,,,,0.0,0,2013-06-25,2013-06-28,2013-06-26 12:00:00,,not observable,Basey,City/municipality,Reliability-qualified DNB-BRDF,4,G2,10.0
-33,0,0.95,16.068653,14.438415,111.290985,84.55033874511719,159.9200439453125,67.6470588235294,23,2013-06-29,2013-07-02,2013-06-30 12:00:00,0.6986370915951936,observed,Basey,City/municipality,Reliability-qualified DNB-BRDF,4,G2,10.0
-32,0,0.95,23.951416,22.14399,108.162155,81.16287994384766,149.9324951171875,100.0,34,2013-07-03,2013-07-06,2013-07-04 12:00:00,0.7044534122242647,observed,Basey,City/municipality,Reliability-qualified DNB-BRDF,4,G2,10.0
-31,0,0.95,25.097042,22.14399,113.33568,85.04499816894531,157.10394287109375,100.0,34,2013-07-07,2013-07-10,2013-07-08 12:00:00,0.7381482965805951,observed,Basey,City/municipality,Reliability-qualified DNB-BRDF,4,G2,10.0
-30,0,0.95,7.2869434,7.5078535,97.05761,68.51173400878906,147.52359008789062,44.11764705882353,15,2013-07-11,2013-07-14,2013-07-12 12:00:00,0.48579622904459635,observed,Basey,City/municipality,Reliability-qualified DNB-BRDF,4,G2,10.0
-29,0,0.95,32.420815,22.14399,146.4091,109.86268615722656,202.94973754882812,100.0,34,2013-07-15,2013-07-18,2013-07-16 12:00:00,0.953553368063534,observed,Basey,City/municipality,Reliability-qualified DNB-BRDF,4,G2,10.0
-28,0,0.95,7.354626,22.14399,33.21274,24.922229766845703,46.03892517089844,100.0,34,2013-07-19,2013-07-22,2013-07-20 12:00:00,0.21631253466886632,observed,Basey,City/municipality,Reliability-qualified DNB-BRDF,4,G2,10.0
-27,0,0.95,3.608157,15.486418,23.29885,17.916488647460938,31.144380569458008,64.70588235294117,22,2013-07-23,2013-07-26,2013-07-24 12:00:00,0.16400713270360773,observed,Basey,City/municipality,Reliability-qualified DNB-BRDF,4,G2,10.0
-26,0,0.95,,,,,,0.0,0,2013-07-27,2013-07-30,2013-07-28 12:00:00,,not observable,Basey,City/municipality,Reliability-qualified DNB-BRDF,4,G2,10.0
-25,0,0.95,,,,,,0.0,0,2013-07-31,2013-08-03,2013-08-01 12:00:00,,not observable,Basey,City/municipality,Reliability-qualified DNB-BRDF,4,G2,10.0
-24,0,0.95,5.0961747,6.2838416,81.09967,62.23371124267578,116.55229949951172,35.294117647058826,12,2013-08-04,2013-08-07,2013-08-05 12:00:00,0.42468122641245526,observed,Basey,City/municipality,Reliability-qualified DNB-BRDF,4,G2,10.0
-23,0,0.95,,,,,,0.0,0,2013-08-08,2013-08-11,2013-08-09 12:00:00,,not observable,Basey,City/municipality,Reliability-qualified DNB-BRDF,4,G2,10.0
-22,0,0.95,,,,,,0.0,0,2013-08-12,2013-08-15,2013-08-13 12:00:00,,not observable,Basey,City/municipality,Reliability-qualified DNB-BRDF,4,G2,10.0
-21,0,0.95,,,,,,0.0,0,2013-08-16,2013-08-19,2013-08-17 12:00:00,,not observable,Basey,City/municipality,Reliability-qualified DNB-BRDF,4,G2,10.0
-20,0,0.95,,,,,,0.0,0,2013-08-20,2013-08-23,2013-08-21 12:00:00,,not observable,Basey,City/municipality,Reliability-qualified DNB-BRDF,4,G2,10.0
-19,0,0.95,,,,,,0.0,0,2013-08-24,2013-08-27,2013-08-25 12:00:00,,not observable,Basey,City/municipality,Reliability-qualified DNB-BRDF,4,G2,10.0
-18,0,0.95,24.690151,22.14399,111.49821,83.66619873046875,154.55686950683594,100.0,34,2013-08-28,2013-08-31,2013-08-29 12:00:00,0.7261809180764591,observed,Basey,City/municipality,Reliability-qualified DNB-BRDF,4,G2,10.0
-17,0,0.95,20.418495,22.14399,92.20784,69.1910629272461,127.81690216064453,100.0,34,2013-09-01,2013-09-04,2013-09-02 12:00:00,0.6005439758300781,observed,Basey,City/municipality,Reliability-qualified DNB-BRDF,4,G2,10.0
-16,0,0.95,20.93454,22.14399,94.53825,70.93975830078125,131.0472869873047,100.0,34,2013-09-05,2013-09-08,2013-09-06 12:00:00,0.6157217586741728,observed,Basey,City/municipality,Reliability-qualified DNB-BRDF,4,G2,10.0
-15,0,0.95,22.479221,18.488365,121.58577,90.98778533935547,167.97415161132812,85.29411764705883,29,2013-09-09,2013-09-12,2013-09-10 12:00:00,0.7751455635860048,observed,Basey,City/municipality,Reliability-qualified DNB-BRDF,4,G2,10.0
-14,0,0.95,22.493181,22.14399,101.57691,76.22144317626953,140.8041534423828,100.0,34,2013-09-13,2013-09-16,2013-09-14 12:00:00,0.6615641537834617,observed,Basey,City/municipality,Reliability-qualified DNB-BRDF,4,G2,10.0
-13,0,0.95,,,,,,0.0,0,2013-09-17,2013-09-20,2013-09-18 12:00:00,,not observable,Basey,City/municipality,Reliability-qualified DNB-BRDF,4,G2,10.0
-12,0,0.95,,,,,,0.0,0,2013-09-21,2013-09-24,2013-09-22 12:00:00,,not observable,Basey,City/municipality,Reliability-qualified DNB-BRDF,4,G2,10.0
-11,0,0.95,,,,,,0.0,0,2013-09-25,2013-09-28,2013-09-26 12:00:00,,not observable,Basey,City/municipality,Reliability-qualified DNB-BRDF,4,G2,10.0
-10,0,0.95,,,,,,0.0,0,2013-09-29,2013-10-02,2013-09-30 12:00:00,,not observable,Basey,City/municipality,Reliability-qualified DNB-BRDF,4,G2,10.0
-9,0,0.95,32.45025,22.14399,146.54202,109.9624252319336,203.1339874267578,100.0,34,2013-10-03,2013-10-06,2013-10-04 12:00:00,0.9544190799488741,observed,Basey,City/municipality,Reliability-qualified DNB-BRDF,4,G2,10.0
-8,0,0.95,18.633469,16.31309,114.22404,88.59851837158203,151.76751708984375,67.6470588235294,23,2013-10-07,2013-10-10,2013-10-08 12:00:00,0.8101508099099864,observed,Basey,City/municipality,Reliability-qualified DNB-BRDF,4,G2,10.0
-7,0,0.95,17.888504,22.14399,80.78266,60.61781311035156,111.9795150756836,100.0,34,2013-10-11,2013-10-14,2013-10-12 12:00:00,0.5261324714211857,observed,Basey,City/municipality,Reliability-qualified DNB-BRDF,4,G2,10.0
-6,0,0.95,11.410746,21.568645,52.904324,39.641319274902344,73.5941162109375,97.05882352941177,33,2013-10-15,2013-10-18,2013-10-16 12:00:00,0.34578017032507696,observed,Basey,City/municipality,Reliability-qualified DNB-BRDF,4,G2,10.0
-5,0,0.95,,,,,,0.0,0,2013-10-19,2013-10-22,2013-10-20 12:00:00,,not observable,Basey,City/municipality,Reliability-qualified DNB-BRDF,4,G2,10.0
-4,0,0.95,10.986525,7.1282396,154.12675,111.33763885498047,232.1284942626953,38.23529411764706,13,2013-10-23,2013-10-26,2013-10-24 12:00:00,0.8451172755314753,observed,Basey,City/municipality,Reliability-qualified DNB-BRDF,4,G2,10.0
-3,0,0.95,12.135997,12.013824,101.01694,76.10610961914062,134.30616760253906,47.05882352941177,16,2013-10-27,2013-10-30,2013-10-28 12:00:00,0.758499801158905,observed,Basey,City/municipality,Reliability-qualified DNB-BRDF,4,G2,10.0
-2,0,0.95,21.99647,22.14399,99.33382,74.53826141357422,137.69480895996094,100.0,34,2013-10-31,2013-11-03,2013-11-01 12:00:00,0.6469549852259019,observed,Basey,City/municipality,Reliability-qualified DNB-BRDF,4,G2,10.0
-1,0,0.95,,,,,,0.0,0,2013-11-04,2013-11-07,2013-11-05 12:00:00,,not observable,Basey,City/municipality,Reliability-qualified DNB-BRDF,4,G2,10.0
0,0,0.95,5.2740765,22.14399,23.817192,17.871980667114258,33.014976501464844,100.0,34,2013-11-08,2013-11-11,2013-11-09 12:00:00,0.1551198959350586,observed,Basey,City/municipality,Reliability-qualified DNB-BRDF,4,G2,10.0
1,0,0.95,5.0223045,22.14399,22.680216,17.018815994262695,31.438920974731445,100.0,34,2013-11-12,2013-11-15,2013-11-13 12:00:00,0.14771483926212087,observed,Basey,City/municipality,Reliability-qualified DNB-BRDF,4,G2,10.0
2,0,0.95,4.0113564,22.14399,18.114876,13.59306812286377,25.110525131225586,100.0,34,2013-11-16,2013-11-19,2013-11-17 12:00:00,0.1179810692282284,observed,Basey,City/municipality,Reliability-qualified DNB-BRDF,4,G2,10.0
3,0,0.95,,,,,,0.0,0,2013-11-20,2013-11-23,2013-11-21 12:00:00,,not observable,Basey,City/municipality,Reliability-qualified DNB-BRDF,4,G2,10.0
4,0,0.95,2.5942912,18.399803,14.099559,10.580716133117676,19.374366760253906,82.3529411764706,28,2013-11-24,2013-11-27,2013-11-25 12:00:00,0.09265325750623431,observed,Basey,City/municipality,Reliability-qualified DNB-BRDF,4,G2,10.0
5,0,0.95,7.1723204,21.568645,33.25346,24.916885375976562,46.25820541381836,97.05882352941177,33,2013-11-28,2013-12-01,2013-11-29 12:00:00,0.21734304139108368,observed,Basey,City/municipality,Reliability-qualified DNB-BRDF,4,G2,10.0
6,0,0.95,9.004351,22.14399,40.66273,30.512561798095703,56.365966796875,100.0,34,2013-12-02,2013-12-05,2013-12-03 12:00:00,0.26483384300680723,observed,Basey,City/municipality,Reliability-qualified DNB-BRDF,4,G2,10.0
7,0,0.95,11.592436,18.958755,61.14555,46.77911376953125,82.27291870117188,82.3529411764706,28,2013-12-06,2013-12-09,2013-12-07 12:00:00,0.41401556559971403,observed,Basey,City/municipality,Reliability-qualified DNB-BRDF,4,G2,10.0
8,0,0.95,4.1356864,21.63634,19.114538,14.28563117980957,26.499492645263672,97.05882352941177,33,2013-12-10,2013-12-13,2013-12-11 12:00:00,0.12532383022886334,observed,Basey,City/municipality,Reliability-qualified DNB-BRDF,4,G2,10.0
9,0,0.95,4.1922174,21.097977,19.870234,14.81936264038086,27.65030288696289,94.11764705882354,32,2013-12-14,2013-12-17,2013-12-15 12:00:00,0.13100679218769073,observed,Basey,City/municipality,Reliability-qualified DNB-BRDF,4,G2,10.0
10,0,0.95,,,,,,0.0,0,2013-12-18,2013-12-21,2013-12-19 12:00:00,,not observable,Basey,City/municipality,Reliability-qualified DNB-BRDF,4,G2,10.0
11,0,0.95,0.9802624,3.19775,30.654753,22.45504379272461,47.941654205322266,17.647058823529413,6,2013-12-22,2013-12-25,2013-12-23 12:00:00,0.16337706645329794,observed,Basey,City/municipality,Reliability-qualified DNB-BRDF,4,G2,10.0
12,0,0.95,12.091072,22.14399,54.602047,40.97236633300781,75.68840789794922,100.0,34,2013-12-26,2013-12-29,2013-12-27 12:00:00,0.35561976713292737,observed,Basey,City/municipality,Reliability-qualified DNB-BRDF,4,G2,10.0
13,0,0.95,0.71107346,2.9828691,23.838573,15.535959243774414,35.33378601074219,17.647058823529413,6,2013-12-30,2014-01-02,2013-12-31 12:00:00,0.11851224303245544,observed,Basey,City/municipality,Reliability-qualified DNB-BRDF,4,G2,10.0
14,0,0.95,11.452806,22.14399,51.719707,38.809513092041016,71.69295501708984,100.0,34,2014-01-03,2014-01-06,2014-01-04 12:00:00,0.3368472491993624,observed,Basey,City/municipality,Reliability-qualified DNB-BRDF,4,G2,10.0
15,0,0.95,,,,,,0.0,0,2014-01-07,2014-01-10,2014-01-08 12:00:00,,not observable,Basey,City/municipality,Reliability-qualified DNB-BRDF,4,G2,10.0
16,0,0.95,,,,,,0.0,0,2014-01-11,2014-01-14,2014-01-12 12:00:00,,not observable,Basey,City/municipality,Reliability-qualified DNB-BRDF,4,G2,10.0
17,0,0.95,,,,,,0.0,0,2014-01-15,2014-01-18,2014-01-16 12:00:00,,not observable,Basey,City/municipality,Reliability-qualified DNB-BRDF,4,G2,10.0
18,0,0.95,,,,,,0.0,0,2014-01-19,2014-01-22,2014-01-20 12:00:00,,not observable,Basey,City/municipality,Reliability-qualified DNB-BRDF,4,G2,10.0
19,0,0.95,10.093445,22.14399,45.580967,34.20311737060547,63.18354415893555,100.0,34,2014-01-23,2014-01-26,2014-01-24 12:00:00,0.2968660242417279,observed,Basey,City/municipality,Reliability-qualified DNB-BRDF,4,G2,10.0
20,0,0.95,12.022256,22.14399,54.291283,40.739173889160156,75.25762939453125,100.0,34,2014-01-27,2014-01-30,2014-01-28 12:00:00,0.3535957616918227,observed,Basey,City/municipality,Reliability-qualified DNB-BRDF,4,G2,10.0
21,0,0.95,7.6900406,22.14399,34.72744,26.058828353881836,48.13856887817383,100.0,34,2014-01-31,2014-02-03,2014-02-01 12:00:00,0.22617766436408548,observed,Basey,City/municipality,Reliability-qualified DNB-BRDF,4,G2,10.0
22,0,0.95,16.727081,22.14399,75.537796,56.682167053222656,104.70917510986328,100.0,34,2014-02-04,2014-02-07,2014-02-05 12:00:00,0.4919729793772978,observed,Basey,City/municipality,Reliability-qualified DNB-BRDF,4,G2,10.0
23,0,0.95,3.4051552,13.034156,26.12486,20.039636611938477,34.88847351074219,58.8235294117647,20,2014-02-08,2014-02-11,2014-02-09 12:00:00,0.1702577590942383,observed,Basey,City/municipality,Reliability-qualified DNB-BRDF,4,G2,10.0
24,0,0.95,3.131195,21.63634,14.471927,10.815882682800293,20.063196182250977,97.05882352941177,33,2014-02-12,2014-02-15,2014-02-13 12:00:00,0.09488469904119318,observed,Basey,City/municipality,Reliability-qualified DNB-BRDF,4,G2,10.0
25,0,0.95,2.1889176,22.14399,9.88493,7.417468547821045,13.702316284179688,100.0,34,2014-02-16,2014-02-19,2014-02-17 12:00:00,0.06437993049621582,observed,Basey,City/municipality,Reliability-qualified DNB-BRDF,4,G2,10.0
26,0,0.95,17.879723,19.367668,92.317375,69.288818359375,127.7381820678711,85.29411764705883,29,2014-02-20,2014-02-23,2014-02-21 12:00:00,0.6165421584556843,observed,Basey,City/municipality,Reliability-qualified DNB-BRDF,4,G2,10.0
27,0,0.95,18.643982,22.14399,84.19432,63.17786407470703,116.70870208740234,100.0,34,2014-02-24,2014-02-27,2014-02-25 12:00:00,0.5483524098115808,observed,Basey,City/municipality,Reliability-qualified DNB-BRDF,4,G2,10.0
28,0,0.95,11.124214,22.14399,50.235817,37.69602966308594,69.6360092163086,100.0,34,2014-02-28,2014-03-03,2014-03-01 12:00:00,0.3271827697753906,observed,Basey,City/municipality,Reliability-qualified DNB-BRDF,4,G2,10.0
29,0,0.95,16.104885,22.14399,72.72802,54.57376480102539,100.81431579589844,100.0,34,2014-03-04,2014-03-07,2014-03-05 12:00:00,0.47367309121524587,observed,Basey,City/municipality,Reliability-qualified DNB-BRDF,4,G2,10.0
30,0,0.95,17.895838,21.789764,82.12956,61.70823287963867,114.14228820800781,97.05882352941177,33,2014-03-08,2014-03-11,2014-03-09 12:00:00,0.5422981146610144,observed,Basey,City/municipality,Reliability-qualified DNB-BRDF,4,G2,10.0
31,0,0.95,7.435047,22.14399,33.575916,25.194746017456055,46.5423469543457,100.0,34,2014-03-12,2014-03-15,2014-03-13 12:00:00,0.21867785734288833,observed,Basey,City/municipality,Reliability-qualified DNB-BRDF,4,G2,10.0
32,0,0.95,3.7332165,22.14399,16.858826,12.650550842285156,23.369409561157227,100.0,34,2014-03-16,2014-03-19,2014-03-17 12:00:00,0.10980048600365133,observed,Basey,City/municipality,Reliability-qualified DNB-BRDF,4,G2,10.0
33,0,0.95,,,,,,0.0,0,2014-03-20,2014-03-23,2014-03-21 12:00:00,,not observable,Basey,City/municipality,Reliability-qualified DNB-BRDF,4,G2,10.0
34,0,0.95,19.037483,22.14399,85.97134,64.51129913330078,119.17196655273438,100.0,34,2014-03-24,2014-03-27,2014-03-25 12:00:00,0.5599259769215303,observed,Basey,City/municipality,Reliability-qualified DNB-BRDF,4,G2,10.0
35,0,0.95,33.378258,22.14399,150.7328,113.10711669921875,208.9431915283203,100.0,34,2014-03-28,2014-03-31,2014-03-29 12:00:00,0.9817134632783777,observed,Basey,City/municipality,Reliability-qualified DNB-BRDF,4,G2,10.0
36,0,0.95,18.330063,22.14399,82.776695,62.114105224609375,114.74361419677734,100.0,34,2014-04-01,2014-04-04,2014-04-02 12:00:00,0.5391194960650276,observed,Basey,City/municipality,Reliability-qualified DNB-BRDF,4,G2,10.0
37,0,0.95,39.66655,22.14399,179.1301,134.41592407226562,248.30702209472656,100.0,34,2014-04-05,2014-04-08,2014-04-06 12:00:00,1.166663225959329,observed,Basey,City/municipality,Reliability-qualified DNB-BRDF,4,G2,10.0
38,0,0.95,4.014046,2.8036814,143.17056,128.45803833007812,195.83108520507812,14.705882352941176,5,2014-04-09,2014-04-12,2014-04-10 12:00:00,0.8028092384338379,observed,Basey,City/municipality,Reliability-qualified DNB-BRDF,4,G2,10.0
39,0,0.95,,,,,,0.0,0,2014-04-13,2014-04-16,2014-04-14 12:00:00,,not observable,Basey,City/municipality,Reliability-qualified DNB-BRDF,4,G2,10.0
40,0,0.95,16.662685,22.14399,75.24699,56.463951110839844,104.30606842041016,100.0,34,2014-04-17,2014-04-20,2014-04-18 12:00:00,0.49007898218491497,observed,Basey,City/municipality,Reliability-qualified DNB-BRDF,4,G2,10.0
41,0,0.95,23.912386,22.14399,107.98589,81.03062438964844,149.68817138671875,100.0,34,2014-04-21,2014-04-24,2014-04-22 12:00:00,0.7033054688397575,observed,Basey,City/municipality,Reliability-qualified DNB-BRDF,4,G2,10.0
42,0,0.95,32.8042,22.14399,148.14043,111.16183471679688,205.34967041015625,100.0,34,2014-04-25,2014-04-28,2014-04-26 12:00:00,0.9648293887867647,observed,Basey,City/municipality,Reliability-qualified DNB-BRDF,4,G2,10.0
43,0,0.95,34.180626,22.14399,154.35622,115.82605743408203,213.9658966064453,100.0,34,2014-04-29,2014-05-02,2014-04-30 12:00:00,1.005312526927275,observed,Basey,City/municipality,Reliability-qualified DNB-BRDF,4,G2,10.0
44,0,0.95,15.332455,22.14399,69.23981,51.956268310546875,95.97901153564453,100.0,34,2014-05-03,2014-05-06,2014-05-04 12:00:00,0.45095454945283775,observed,Basey,City/municipality,Reliability-qualified DNB-BRDF,4,G2,10.0
45,0,0.95,28.220957,22.14399,127.44296,95.63084411621094,176.6592254638672,100.0,34,2014-05-07,2014-05-10,2014-05-08 12:00:00,0.8300281412461225,observed,Basey,City/municipality,Reliability-qualified DNB-BRDF,4,G2,10.0
46,0,0.95,8.915761,22.14399,40.26267,30.21236228942871,55.81140899658203,100.0,34,2014-05-11,2014-05-14,2014-05-12 12:00:00,0.26222826452816234,observed,Basey,City/municipality,Reliability-qualified DNB-BRDF,4,G2,10.0
47,0,0.95,9.180899,22.14399,41.460003,31.11081886291504,57.47113037109375,100.0,34,2014-05-15,2014-05-18,2014-05-16 12:00:00,0.27002643136417165,observed,Basey,City/municipality,Reliability-qualified DNB-BRDF,4,G2,10.0
48,0,0.95,19.418022,21.45961,90.486374,67.83161163330078,125.83411407470703,94.11764705882354,32,2014-05-19,2014-05-22,2014-05-20 12:00:00,0.6068131923675537,observed,Basey,City/municipality,Reliability-qualified DNB-BRDF,4,G2,10.0
49,0,0.95,28.604204,22.14399,129.17368,96.92953491210938,179.05828857421875,100.0,34,2014-05-23,2014-05-26,2014-05-24 12:00:00,0.8413001228781307,observed,Basey,City/municipality,Reliability-qualified DNB-BRDF,4,G2,10.0
50,0,0.95,28.672228,22.14399,129.48087,97.16004943847656,179.48411560058594,100.0,34,2014-05-27,2014-05-30,2014-05-28 12:00:00,0.8433008193969727,observed,Basey,City/municipality,Reliability-qualified DNB-BRDF,4,G2,10.0
51,0,0.95,30.0911,22.14399,135.88835,101.96810150146484,188.36605834960938,100.0,34,2014-05-31,2014-06-03,2014-06-01 12:00:00,0.8850323733161477,observed,Basey,City/municipality,Reliability-qualified DNB-BRDF,4,G2,10.0
52,0,0.95,15.2602415,22.14399,68.9137,51.71156311035156,95.52696228027344,100.0,34,2014-06-04,2014-06-07,2014-06-05 12:00:00,0.44883063260246725,observed,Basey,City/municipality,Reliability-qualified DNB-BRDF,4,G2,10.0
53,0,0.95,,,,,,0.0,0,2014-06-08,2014-06-11,2014-06-09 12:00:00,,not observable,Basey,City/municipality,Reliability-qualified DNB-BRDF,4,G2,10.0
54,0,0.95,,,,,,0.0,0,2014-06-12,2014-06-15,2014-06-13 12:00:00,,not observable,Basey,City/municipality,Reliability-qualified DNB-BRDF,4,G2,10.0
55,0,0.95,6.232327,20.741974,30.046934,22.344194412231445,42.07453155517578,94.11764705882354,32,2014-06-16,2014-06-19,2014-06-17 12:00:00,0.19476021826267242,observed,Basey,City/municipality,Reliability-qualified DNB-BRDF,4,G2,10.0
56,0,0.95,21.847305,21.568645,101.29196,75.89827728271484,140.90518188476562,97.05882352941177,33,2014-06-20,2014-06-23,2014-06-21 12:00:00,0.6620395544803503,observed,Basey,City/municipality,Reliability-qualified DNB-BRDF,4,G2,10.0
57,0,0.95,,,,,,0.0,0,2014-06-24,2014-06-27,2014-06-25 12:00:00,,not observable,Basey,City/municipality,Reliability-qualified DNB-BRDF,4,G2,10.0
58,0,0.95,20.364357,22.14399,91.963356,69.00760650634766,127.4780044555664,100.0,34,2014-06-28,2014-07-01,2014-06-29 12:00:00,0.5989516763126149,observed,Basey,City/municipality,Reliability-qualified DNB-BRDF,4,G2,10.0
59,0,0.95,5.2836266,8.639165,61.158997,43.949607849121094,89.99110412597656,38.23529411764706,13,2014-07-02,2014-07-05,2014-07-03 12:00:00,0.4064328120304988,observed,Basey,City/municipality,Reliability-qualified DNB-BRDF,4,G2,10.0
60,0,0.95,,,,,,0.0,0,2014-07-06,2014-07-09,2014-07-07 12:00:00,,not observable,Basey,City/municipality,Reliability-qualified DNB-BRDF,4,G2,10.0
61,0,0.95,3.8938832,22.14399,17.584381,13.19499397277832,24.37516212463379,100.0,34,2014-07-10,2014-07-13,2014-07-11 12:00:00,0.11452597730300006,observed,Basey,City/municipality,Reliability-qualified DNB-BRDF,4,G2,10.0
62,0,0.95,17.79272,22.14399,80.35011,60.293243408203125,111.37992858886719,100.0,34,2014-07-14,2014-07-17,2014-07-15 12:00:00,0.5233153174905216,observed,Basey,City/municipality,Reliability-qualified DNB-BRDF,4,G2,10.0
63,0,0.95,,,,,,0.0,0,2014-07-18,2014-07-21,2014-07-19 12:00:00,,not observable,Basey,City/municipality,Reliability-qualified DNB-BRDF,4,G2,10.0
64,0,0.95,,,,,,0.0,0,2014-07-22,2014-07-25,2014-07-23 12:00:00,,not observable,Basey,City/municipality,Reliability-qualified DNB-BRDF,4,G2,10.0
65,0,0.95,,,,,,0.0,0,2014-07-26,2014-07-29,2014-07-27 12:00:00,,not observable,Basey,City/municipality,Reliability-qualified DNB-BRDF,4,G2,10.0
66,0,0.95,,,,,,0.0,0,2014-07-30,2014-08-02,2014-07-31 12:00:00,,not observable,Basey,City/municipality,Reliability-qualified DNB-BRDF,4,G2,10.0
67,0,0.95,35.766975,22.14399,161.52002,121.2016372680664,223.89622497558594,100.0,34,2014-08-03,2014-08-06,2014-08-04 12:00:00,1.0519698647891773,observed,Basey,City/municipality,Reliability-qualified DNB-BRDF,4,G2,10.0
68,0,0.95,2.8758793,22.14399,12.987178,9.745338439941406,18.002599716186523,100.0,34,2014-08-07,2014-08-10,2014-08-08 12:00:00,0.08458468493293314,observed,Basey,City/municipality,Reliability-qualified DNB-BRDF,4,G2,10.0
69,0,0.95,9.757094,20.82099,46.861816,35.5639533996582,65.2153549194336,91.17647058823529,31,2014-08-11,2014-08-14,2014-08-12 12:00:00,0.31474498010450797,observed,Basey,City/municipality,Reliability-qualified DNB-BRDF,4,G2,10.0
70,0,0.95,16.949045,22.14399,76.54016,57.434322357177734,106.09864044189453,100.0,34,2014-08-15,2014-08-18,2014-08-16 12:00:00,0.49850132886101217,observed,Basey,City/municipality,Reliability-qualified DNB-BRDF,4,G2,10.0
71,0,0.95,27.540588,20.741974,132.77708,98.73876190185547,185.92691040039062,94.11764705882354,32,2014-08-19,2014-08-22,2014-08-20 12:00:00,0.8606433868408203,observed,Basey,City/municipality,Reliability-qualified DNB-BRDF,4,G2,10.0
72,0,0.95,18.393435,20.741974,88.67736,65.94430541992188,124.17434692382812,94.11764705882354,32,2014-08-23,2014-08-26,2014-08-24 12:00:00,0.5747948288917542,observed,Basey,City/municipality,Reliability-qualified DNB-BRDF,4,G2,10.0
73,0,0.95,,,,,,0.0,0,2014-08-27,2014-08-30,2014-08-28 12:00:00,,not observable,Basey,City/municipality,Reliability-qualified DNB-BRDF,4,G2,10.0
74,0,0.95,,,,,,0.0,0,2014-08-31,2014-09-03,2014-09-01 12:00:00,,not observable,Basey,City/municipality,Reliability-qualified DNB-BRDF,4,G2,10.0
75,0,0.95,,,,,,0.0,0,2014-09-04,2014-09-07,2014-09-05 12:00:00,,not observable,Basey,City/municipality,Reliability-qualified DNB-BRDF,4,G2,10.0
76,0,0.95,1.2921113,21.16567,6.1047497,4.541089057922363,8.465503692626953,94.11764705882354,32,2014-09-08,2014-09-11,2014-09-09 12:00:00,0.04037847742438316,observed,Basey,City/municipality,Reliability-qualified DNB-BRDF,4,G2,10.0
77,0,0.95,10.412231,18.927082,55.012344,40.27959442138672,78.02951049804688,88.23529411764706,30,2014-09-12,2014-09-15,2014-09-13 12:00:00,0.34707438151041664,observed,Basey,City/municipality,Reliability-qualified DNB-BRDF,4,G2,10.0
78,0,0.95,,,,,,0.0,0,2014-09-16,2014-09-19,2014-09-17 12:00:00,,not observable,Basey,City/municipality,Reliability-qualified DNB-BRDF,4,G2,10.0
79,0,0.95,44.84157,22.14399,202.49997,151.95223999023438,280.7019348144531,100.0,34,2014-09-20,2014-09-23,2014-09-21 12:00:00,1.318869759054745,observed,Basey,City/municipality,Reliability-qualified DNB-BRDF,4,G2,10.0
80,0,0.95,20.426634,19.597446,104.231094,77.57136535644531,145.87098693847656,88.23529411764706,30,2014-09-24,2014-09-27,2014-09-25 12:00:00,0.6808877944946289,observed,Basey,City/municipality,Reliability-qualified DNB-BRDF,4,G2,10.0
81,0,0.95,16.032892,18.289711,87.66072,64.79055786132812,123.44916534423828,88.23529411764706,30,2014-09-28,2014-10-01,2014-09-29 12:00:00,0.5344297409057617,observed,Basey,City/municipality,Reliability-qualified DNB-BRDF,4,G2,10.0
82,0,0.95,1.4404926,1.5106456,95.35609,58.74555587768555,138.8028106689453,14.705882352941176,5,2014-10-02,2014-10-05,2014-10-03 12:00:00,0.2880985260009766,observed,Basey,City/municipality,Reliability-qualified DNB-BRDF,4,G2,10.0
83,0,0.95,0.07,2.477375,2.8255713,1.8723809719085693,4.064780235290527,20.58823529411765,7,2014-10-06,2014-10-09,2014-10-07 12:00:00,0.010000000042574746,observed,Basey,City/municipality,Reliability-qualified DNB-BRDF,4,G2,10.0
84,0,0.95,9.485749,22.14399,42.836678,32.14385223388672,59.37945556640625,100.0,34,2014-10-10,2014-10-13,2014-10-11 12:00:00,0.2789926248438218,observed,Basey,City/municipality,Reliability-qualified DNB-BRDF,4,G2,10.0
85,0,0.95,15.751297,20.461948,76.97848,57.276153564453125,109.67501831054688,97.05882352941177,33,2014-10-14,2014-10-17,2014-10-15 12:00:00,0.4773120302142519,observed,Basey,City/municipality,Reliability-qualified DNB-BRDF,4,G2,10.0
86,0,0.95,21.641634,22.14399,97.73141,73.33584594726562,135.47357177734375,100.0,34,2014-10-18,2014-10-21,2014-10-19 12:00:00,0.6365186466890222,observed,Basey,City/municipality,Reliability-qualified DNB-BRDF,4,G2,10.0
87,0,0.95,24.842705,22.14399,112.187126,84.18314361572266,155.5118408203125,100.0,34,2014-10-22,2014-10-25,2014-10-23 12:00:00,0.7306677874396829,observed,Basey,City/municipality,Reliability-qualified DNB-BRDF,4,G2,10.0
88,0,0.95,,,,,,0.0,0,2014-10-26,2014-10-29,2014-10-27 12:00:00,,not observable,Basey,City/municipality,Reliability-qualified DNB-BRDF,4,G2,10.0
89,0,0.95,39.17768,18.562054,211.0633,158.17312622070312,296.5340576171875,94.11764705882354,32,2014-10-30,2014-11-02,2014-10-31 12:00:00,1.2243025302886963,observed,Basey,City/municipality,Reliability-qualified DNB-BRDF,4,G2,10.0
90,0,0.95,3.933969,21.950695,17.921843,13.547972679138184,24.845966339111328,97.05882352941177,33,2014-11-03,2014-11-06,2014-11-04 12:00:00,0.11921118244980321,observed,Basey,City/municipality,Reliability-qualified DNB-BRDF,4,G2,10.0
-45,0,0.95,26.182852,22.265507,117.59378,92.75914495902641,157.5308474015415,75.86206896551724,22,2013-05-12,2013-05-15,2013-05-13 12:00:00,1.1901296268809924,observed,Guiuan,City/municipality,Reliability-qualified DNB-BRDF,4,G2,10.0
-44,0,0.95,45.947834,43.872547,104.730255,80.43733170871656,134.8560436018475,100.0,29,2013-05-16,2013-05-19,2013-05-17 12:00:00,1.5844080694790543,observed,Guiuan,City/municipality,Reliability-qualified DNB-BRDF,4,G2,10.0
-43,0,0.95,38.456818,43.872547,87.65576,67.32338743701527,112.87005024616406,100.0,29,2013-05-20,2013-05-23,2013-05-21 12:00:00,1.3260971595501077,observed,Guiuan,City/municipality,Reliability-qualified DNB-BRDF,4,G2,10.0
-42,0,0.95,34.418816,43.872547,78.45183,60.254370894625815,101.01859293384561,100.0,29,2013-05-24,2013-05-27,2013-05-25 12:00:00,1.1868557107859645,observed,Guiuan,City/municipality,Reliability-qualified DNB-BRDF,4,G2,10.0
-41,0,0.95,47.852398,29.905287,160.01317,123.42869519352107,203.78293853008088,44.827586206896555,13,2013-05-28,2013-05-31,2013-05-29 12:00:00,3.6809536860539365,observed,Guiuan,City/municipality,Reliability-qualified DNB-BRDF,4,G2,10.0
-40,0,0.95,39.78315,36.88014,107.871475,84.13334573636973,135.41965955795007,82.75862068965517,24,2013-06-01,2013-06-04,2013-06-02 12:00:00,1.657631238301595,observed,Guiuan,City/municipality,Reliability-qualified DNB-BRDF,4,G2,10.0
-39,0,0.95,,,,,,0.0,0,2013-06-05,2013-06-08,2013-06-06 12:00:00,,not observable,Guiuan,City/municipality,Reliability-qualified DNB-BRDF,4,G2,10.0
-38,0,0.95,,,,,,6.896551724137931,2,2013-06-09,2013-06-12,2013-06-10 12:00:00,,not observable,Guiuan,City/municipality,Reliability-qualified DNB-BRDF,4,G2,10.0
-37,0,0.95,,,,,,0.0,0,2013-06-13,2013-06-16,2013-06-14 12:00:00,,not observable,Guiuan,City/municipality,Reliability-qualified DNB-BRDF,4,G2,10.0
-36,0,0.95,,,,,,0.0,0,2013-06-17,2013-06-20,2013-06-18 12:00:00,,not observable,Guiuan,City/municipality,Reliability-qualified DNB-BRDF,4,G2,10.0
-35,0,0.95,22.518627,43.872547,51.327377,39.421628057957484,66.09175962588073,100.0,29,2013-06-21,2013-06-24,2013-06-22 12:00:00,0.7765043850602775,observed,Guiuan,City/municipality,Reliability-qualified DNB-BRDF,4,G2,10.0
-34,0,0.95,,,,,,0.0,0,2013-06-25,2013-06-28,2013-06-26 12:00:00,,not observable,Guiuan,City/municipality,Reliability-qualified DNB-BRDF,4,G2,10.0
-33,0,0.95,15.69093,29.167425,53.796078,41.43234886141132,68.13691411313177,62.06896551724138,18,2013-06-29,2013-07-02,2013-06-30 12:00:00,0.8717183536953397,observed,Guiuan,City/municipality,Reliability-qualified DNB-BRDF,4,G2,10.0
-32,0,0.95,,,,,,0.0,0,2013-07-03,2013-07-06,2013-07-04 12:00:00,,not observable,Guiuan,City/municipality,Reliability-qualified DNB-BRDF,4,G2,10.0
-31,0,0.95,37.113678,43.872547,84.59431,64.97205627172728,108.92796003242192,100.0,29,2013-07-07,2013-07-10,2013-07-08 12:00:00,1.2797819992591595,observed,Guiuan,City/municipality,Reliability-qualified DNB-BRDF,4,G2,10.0
-30,0,0.95,,,,,,0.0,0,2013-07-11,2013-07-14,2013-07-12 12:00:00,,not observable,Guiuan,City/municipality,Reliability-qualified DNB-BRDF,4,G2,10.0
-29,0,0.95,33.14559,29.715828,111.54187,85.32841421024544,151.84617595346475,86.20689655172414,25,2013-07-15,2013-07-18,2013-07-16 12:00:00,1.3258236694335936,observed,Guiuan,City/municipality,Reliability-qualified DNB-BRDF,4,G2,10.0
-28,0,0.95,,,,,,0.0,0,2013-07-19,2013-07-22,2013-07-20 12:00:00,,not observable,Guiuan,City/municipality,Reliability-qualified DNB-BRDF,4,G2,10.0
-27,0,0.95,35.578785,43.872547,81.09578,62.28503801676547,104.42307848982816,100.0,29,2013-07-23,2013-07-26,2013-07-24 12:00:00,1.226854653194033,observed,Guiuan,City/municipality,Reliability-qualified DNB-BRDF,4,G2,10.0
-26,0,0.95,,,,,,0.0,0,2013-07-27,2013-07-30,2013-07-28 12:00:00,,not observable,Guiuan,City/municipality,Reliability-qualified DNB-BRDF,4,G2,10.0
-25,0,0.95,18.43457,26.463076,69.66148,54.1645554916923,97.28921064314757,79.3103448275862,23,2013-07-31,2013-08-03,2013-08-01 12:00:00,0.8015030570652174,observed,Guiuan,City/municipality,Reliability-qualified DNB-BRDF,4,G2,10.0
-24,0,0.95,14.599927,23.220219,62.875923,49.49222305934505,80.0652984923389,62.06896551724138,18,2013-08-04,2013-08-07,2013-08-05 12:00:00,0.8111070526970757,observed,Guiuan,City/municipality,Reliability-qualified DNB-BRDF,4,G2,10.0
-23,0,0.95,32.584335,29.013826,112.30624,88.81420139871328,149.08635376737115,75.86206896551724,22,2013-08-08,2013-08-11,2013-08-09 12:00:00,1.4811061512340198,observed,Guiuan,City/municipality,Reliability-qualified DNB-BRDF,4,G2,10.0
-22,0,0.95,,,,,,0.0,0,2013-08-12,2013-08-15,2013-08-13 12:00:00,,not observable,Guiuan,City/municipality,Reliability-qualified DNB-BRDF,4,G2,10.0
-21,0,0.95,,,,,,0.0,0,2013-08-16,2013-08-19,2013-08-17 12:00:00,,not observable,Guiuan,City/municipality,Reliability-qualified DNB-BRDF,4,G2,10.0
-20,0,0.95,,,,,,0.0,0,2013-08-20,2013-08-23,2013-08-21 12:00:00,,not observable,Guiuan,City/municipality,Reliability-qualified DNB-BRDF,4,G2,10.0
-19,0,0.95,24.886496,43.051918,57.80578,44.21581970511631,73.94272898580003,96.55172413793103,28,2013-08-24,2013-08-27,2013-08-25 12:00:00,0.88880341393607,observed,Guiuan,City/municipality,Reliability-qualified DNB-BRDF,4,G2,10.0
-18,0,0.95,40.202065,43.872547,91.63376,70.3786605240475,117.99232409448618,100.0,29,2013-08-28,2013-08-31,2013-08-29 12:00:00,1.3862780866951778,observed,Guiuan,City/municipality,Reliability-qualified DNB-BRDF,4,G2,10.0
-17,0,0.95,46.615913,43.872547,106.25304,81.6068897711657,136.81684923418354,100.0,29,2013-09-01,2013-09-04,2013-09-02 12:00:00,1.6074452893487339,observed,Guiuan,City/municipality,Reliability-qualified DNB-BRDF,4,G2,10.0
-16,0,0.95,19.674181,21.988861,89.4734,70.89690956140251,112.657893922522,75.86206896551724,22,2013-09-05,2013-09-08,2013-09-06 12:00:00,0.8942809538407759,observed,Guiuan,City/municipality,Reliability-qualified DNB-BRDF,4,G2,10.0
-15,0,0.95,23.56361,20.84607,113.03623,91.35327906025374,139.1772536017846,65.51724137931035,19,2013-09-09,2013-09-12,2013-09-10 12:00:00,1.2401900040475946,observed,Guiuan,City/municipality,Reliability-qualified DNB-BRDF,4,G2,10.0
-14,0,0.95,,,,,,0.0,0,2013-09-13,2013-09-16,2013-09-14 12:00:00,,not observable,Guiuan,City/municipality,Reliability-qualified DNB-BRDF,4,G2,10.0
-13,0,0.95,,,,,,0.0,0,2013-09-17,2013-09-20,2013-09-18 12:00:00,,not observable,Guiuan,City/municipality,Reliability-qualified DNB-BRDF,4,G2,10.0
-12,0,0.95,1.2489867,2.3705766,52.687042,46.091120535927836,74.584136342068,13.793103448275861,4,2013-09-21,2013-09-24,2013-09-22 12:00:00,0.3122466802597046,observed,Guiuan,City/municipality,Reliability-qualified DNB-BRDF,4,G2,10.0
-11,0,0.95,,,,,,0.0,0,2013-09-25,2013-09-28,2013-09-26 12:00:00,,not observable,Guiuan,City/municipality,Reliability-qualified DNB-BRDF,4,G2,10.0
-10,0,0.95,,,,,,0.0,0,2013-09-29,2013-10-02,2013-09-30 12:00:00,,not observable,Guiuan,City/municipality,Reliability-qualified DNB-BRDF,4,G2,10.0
-9,0,0.95,65.69299,42.186333,155.72104,118.75740077361577,200.00489461858047,93.10344827586206,27,2013-10-03,2013-10-06,2013-10-04 12:00:00,2.4330738208912037,observed,Guiuan,City/municipality,Reliability-qualified DNB-BRDF,4,G2,10.0
-8,0,0.95,,,,,,0.0,0,2013-10-07,2013-10-10,2013-10-08 12:00:00,,not observable,Guiuan,City/municipality,Reliability-qualified DNB-BRDF,4,G2,10.0
-7,0,0.95,30.812561,42.84349,71.918884,54.977887389545195,92.03516552850665,93.10344827586206,27,2013-10-11,2013-10-14,2013-10-12 12:00:00,1.1412059642650463,observed,Guiuan,City/municipality,Reliability-qualified DNB-BRDF,4,G2,10.0
-6,0,0.95,34.327232,42.093616,81.54973,62.081368903362616,104.72924008268099,93.10344827586206,27,2013-10-15,2013-10-18,2013-10-16 12:00:00,1.2713789763274017,observed,Guiuan,City/municipality,Reliability-qualified DNB-BRDF,4,G2,10.0
-5,0,0.95,,,,,,0.0,0,2013-10-19,2013-10-22,2013-10-20 12:00:00,,not observable,Guiuan,City/municipality,Reliability-qualified DNB-BRDF,4,G2,10.0
-4,0,0.95,,,,,,0.0,0,2013-10-23,2013-10-26,2013-10-24 12:00:00,,not observable,Guiuan,City/municipality,Reliability-qualified DNB-BRDF,4,G2,10.0
-3,0,0.95,,,,,,0.0,0,2013-10-27,2013-10-30,2013-10-28 12:00:00,,not observable,Guiuan,City/municipality,Reliability-qualified DNB-BRDF,4,G2,10.0
-2,0,0.95,37.473404,26.19955,143.03072,108.63521554827508,185.00497603513566,82.75862068965517,24,2013-10-31,2013-11-03,2013-11-01 12:00:00,1.561391830444336,observed,Guiuan,City/municipality,Reliability-qualified DNB-BRDF,4,G2,10.0
-1,0,0.95,,,,,,0.0,0,2013-11-04,2013-11-07,2013-11-05 12:00:00,,not observable,Guiuan,City/municipality,Reliability-qualified DNB-BRDF,4,G2,10.0
0,0,0.95,3.9315832,43.48933,9.040339,6.961010787974691,11.608159857856624,96.55172413793103,28,2013-11-08,2013-11-11,2013-11-09 12:00:00,0.14041368450437272,observed,Guiuan,City/municipality,Reliability-qualified DNB-BRDF,4,G2,10.0
1,0,0.95,7.1166205,43.872547,16.221125,12.458519524465009,20.88715048741053,100.0,29,2013-11-12,2013-11-15,2013-11-13 12:00:00,0.24540070829720334,observed,Guiuan,City/municipality,Reliability-qualified DNB-BRDF,4,G2,10.0
2,0,0.95,7.9159284,36.508194,21.682608,16.41203683514597,27.31252437792373,89.65517241379311,26,2013-11-16,2013-11-19,2013-11-17 12:00:00,0.3044587832230788,observed,Guiuan,City/municipality,Reliability-qualified DNB-BRDF,4,G2,10.0
3,0,0.95,,,,,,0.0,0,2013-11-20,2013-11-23,2013-11-21 12:00:00,,not observable,Guiuan,City/municipality,Reliability-qualified DNB-BRDF,4,G2,10.0
4,0,0.95,13.720856,43.872547,31.274355,24.02004563685606,40.27045965985478,100.0,29,2013-11-24,2013-11-27,2013-11-25 12:00:00,0.4731329556169181,observed,Guiuan,City/municipality,Reliability-qualified DNB-BRDF,4,G2,10.0
5,0,0.95,29.959827,42.914246,69.81324,53.37358607500446,90.26100233869795,96.55172413793103,28,2013-11-28,2013-12-01,2013-11-29 12:00:00,1.0699938365391322,observed,Guiuan,City/municipality,Reliability-qualified DNB-BRDF,4,G2,10.0
6,0,0.95,36.48542,43.872547,83.1623,63.87221540271297,107.08403775111117,100.0,29,2013-12-02,2013-12-05,2013-12-03 12:00:00,1.25811793886382,observed,Guiuan,City/municipality,Reliability-qualified DNB-BRDF,4,G2,10.0
7,0,0.95,24.82286,43.051918,57.657967,44.1027589975019,73.75365599523174,96.55172413793103,28,2013-12-06,2013-12-09,2013-12-07 12:00:00,0.8865307399204799,observed,Guiuan,City/municipality,Reliability-qualified DNB-BRDF,4,G2,10.0
8,0,0.95,22.044096,43.872547,50.245766,38.590902735891326,64.69901911753823,100.0,29,2013-12-10,2013-12-13,2013-12-11 12:00:00,0.7601412411393791,observed,Guiuan,City/municipality,Reliability-qualified DNB-BRDF,4,G2,10.0
9,0,0.95,22.852333,17.421602,131.1724,104.19499796722505,158.99161979523518,24.137931034482758,7,2013-12-14,2013-12-17,2013-12-15 12:00:00,3.2646190098353793,observed,Guiuan,City/municipality,Reliability-qualified DNB-BRDF,4,G2,10.0
10,0,0.95,,,,,,0.0,0,2013-12-18,2013-12-21,2013-12-19 12:00:00,,not observable,Guiuan,City/municipality,Reliability-qualified DNB-BRDF,4,G2,10.0
11,0,0.95,,,,,,0.0,0,2013-12-22,2013-12-25,2013-12-23 12:00:00,,not observable,Guiuan,City/municipality,Reliability-qualified DNB-BRDF,4,G2,10.0
12,0,0.95,10.151319,28.350723,35.806206,27.321075054870963,47.43958514427568,82.75862068965517,24,2013-12-26,2013-12-29,2013-12-27 12:00:00,0.42297160625457764,observed,Guiuan,City/municipality,Reliability-qualified DNB-BRDF,4,G2,10.0
13,0,0.95,0.36403692,3.9107127,9.30871,7.920832626632473,10.668523008042312,13.793103448275861,4,2013-12-30,2014-01-02,2013-12-31 12:00:00,0.0910092294216156,observed,Guiuan,City/municipality,Reliability-qualified DNB-BRDF,4,G2,10.0
14,0,0.95,20.089716,43.872547,45.791084,35.169518218732485,58.96294645297643,100.0,29,2014-01-03,2014-01-06,2014-01-04 12:00:00,0.6927488261255724,observed,Guiuan,City/municipality,Reliability-qualified DNB-BRDF,4,G2,10.0
15,0,0.95,,,,,,0.0,0,2014-01-07,2014-01-10,2014-01-08 12:00:00,,not observable,Guiuan,City/municipality,Reliability-qualified DNB-BRDF,4,G2,10.0
16,0,0.95,,,,,,0.0,0,2014-01-11,2014-01-14,2014-01-12 12:00:00,,not observable,Guiuan,City/municipality,Reliability-qualified DNB-BRDF,4,G2,10.0
17,0,0.95,,,,,,0.0,0,2014-01-15,2014-01-18,2014-01-16 12:00:00,,not observable,Guiuan,City/municipality,Reliability-qualified DNB-BRDF,4,G2,10.0
18,0,0.95,,,,,,0.0,0,2014-01-19,2014-01-22,2014-01-20 12:00:00,,not observable,Guiuan,City/municipality,Reliability-qualified DNB-BRDF,4,G2,10.0
19,0,0.95,,,,,,3.4482758620689653,1,2014-01-23,2014-01-26,2014-01-24 12:00:00,,not observable,Guiuan,City/municipality,Reliability-qualified DNB-BRDF,4,G2,10.0
20,0,0.95,26.761591,41.326344,64.75674,49.114720743762554,82.66889803120158,89.65517241379311,26,2014-01-27,2014-01-30,2014-01-28 12:00:00,1.0292919599092925,observed,Guiuan,City/municipality,Reliability-qualified DNB-BRDF,4,G2,10.0
21,0,0.95,22.462805,43.872547,51.200138,39.32390346085795,65.92792086783798,100.0,29,2014-01-31,2014-02-03,2014-02-01 12:00:00,0.7745794756659146,observed,Guiuan,City/municipality,Reliability-qualified DNB-BRDF,4,G2,10.0
22,0,0.95,41.746246,43.872547,95.15346,73.08193700631597,122.52446313262311,100.0,29,2014-02-04,2014-02-07,2014-02-05 12:00:00,1.4395257357893319,observed,Guiuan,City/municipality,Reliability-qualified DNB-BRDF,4,G2,10.0
23,0,0.95,10.33254,13.19688,78.29532,60.25461446463182,98.77090026250558,31.03448275862069,9,2014-02-08,2014-02-11,2014-02-09 12:00:00,1.148059950934516,observed,Guiuan,City/municipality,Reliability-qualified DNB-BRDF,4,G2,10.0
24,0,0.95,14.170086,39.66186,35.727234,28.127405274593755,45.30069051668318,93.10344827586206,27,2014-02-12,2014-02-15,2014-02-13 12:00:00,0.5248179965549045,observed,Guiuan,City/municipality,Reliability-qualified DNB-BRDF,4,G2,10.0
25,0,0.95,24.564308,42.628567,57.624054,44.429758951548614,74.21657605050133,96.55172413793103,28,2014-02-16,2014-02-19,2014-02-17 12:00:00,0.8772967202322823,observed,Guiuan,City/municipality,Reliability-qualified DNB-BRDF,4,G2,10.0
26,0,0.95,32.418095,37.488247,86.47536,67.27054443757628,112.46954525176893,89.65517241379311,26,2014-02-20,2014-02-23,2014-02-21 12:00:00,1.2468497936542218,observed,Guiuan,City/municipality,Reliability-qualified DNB-BRDF,4,G2,10.0
27,0,0.95,41.24102,43.872547,94.001884,72.19747918327735,121.0416381779166,100.0,29,2014-02-24,2014-02-27,2014-02-25 12:00:00,1.4221041449185075,observed,Guiuan,City/municipality,Reliability-qualified DNB-BRDF,4,G2,10.0
28,0,0.95,39.11329,43.872547,89.152084,68.4726227153311,114.79678400907115,100.0,29,2014-02-28,2014-03-03,2014-03-01 12:00:00,1.3487340992894665,observed,Guiuan,City/municipality,Reliability-qualified DNB-BRDF,4,G2,10.0
29,0,0.95,41.40891,43.872547,94.38456,72.49139237345189,121.53439408052246,100.0,29,2014-03-04,2014-03-07,2014-03-05 12:00:00,1.427893408413591,observed,Guiuan,City/municipality,Reliability-qualified DNB-BRDF,4,G2,10.0
30,0,0.95,17.669268,21.749458,81.240036,63.61741593583537,98.56002489166525,58.62068965517241,17,2014-03-08,2014-03-11,2014-03-09 12:00:00,1.0393686855540556,observed,Guiuan,City/municipality,Reliability-qualified DNB-BRDF,4,G2,10.0
31,0,0.95,11.433519,26.404612,43.30122,33.3596802950874,55.928150450210296,51.724137931034484,15,2014-03-12,2014-03-15,2014-03-13 12:00:00,0.762234624226888,observed,Guiuan,City/municipality,Reliability-qualified DNB-BRDF,4,G2,10.0
32,0,0.95,18.26916,35.17582,51.9367,41.56066621152968,68.05631900195857,82.75862068965517,24,2014-03-16,2014-03-19,2014-03-17 12:00:00,0.7612149715423584,observed,Guiuan,City/municipality,Reliability-qualified DNB-BRDF,4,G2,10.0
33,0,0.95,,,,,,0.0,0,2014-03-20,2014-03-23,2014-03-21 12:00:00,,not observable,Guiuan,City/municipality,Reliability-qualified DNB-BRDF,4,G2,10.0
34,0,0.95,21.170996,32.44404,65.25388,51.30540955234688,83.75408520287398,86.20689655172414,25,2014-03-24,2014-03-27,2014-03-25 12:00:00,0.846839828491211,observed,Guiuan,City/municipality,Reliability-qualified DNB-BRDF,4,G2,10.0
35,0,0.95,29.041887,43.872547,66.19604,50.841395805797994,85.23740586514884,100.0,29,2014-03-28,2014-03-31,2014-03-29 12:00:00,1.0014443890801792,observed,Guiuan,City/municipality,Reliability-qualified DNB-BRDF,4,G2,10.0
36,0,0.95,32.355343,43.872547,73.74849,56.642005631388066,94.96233426518319,100.0,29,2014-04-01,2014-04-04,2014-04-02 12:00:00,1.1157014781031116,observed,Guiuan,City/municipality,Reliability-qualified DNB-BRDF,4,G2,10.0
37,0,0.95,41.850254,43.872547,95.390526,73.26401718500105,122.82972701935554,100.0,29,2014-04-05,2014-04-08,2014-04-06 12:00:00,1.4431122089254445,observed,Guiuan,City/municipality,Reliability-qualified DNB-BRDF,4,G2,10.0
38,0,0.95,,,,,,0.0,0,2014-04-09,2014-04-12,2014-04-10 12:00:00,,not observable,Guiuan,City/municipality,Reliability-qualified DNB-BRDF,4,G2,10.0
39,0,0.95,,,,,,0.0,0,2014-04-13,2014-04-16,2014-04-14 12:00:00,,not observable,Guiuan,City/municipality,Reliability-qualified DNB-BRDF,4,G2,10.0
40,0,0.95,13.323873,43.872547,30.369497,23.325076940198656,39.10531995584599,100.0,29,2014-04-17,2014-04-20,2014-04-18 12:00:00,0.45944388159390154,observed,Guiuan,City/municipality,Reliability-qualified DNB-BRDF,4,G2,10.0
41,0,0.95,33.391994,43.872547,76.11137,58.45679392564678,98.00489129858805,100.0,29,2014-04-21,2014-04-24,2014-04-22 12:00:00,1.1514480853902882,observed,Guiuan,City/municipality,Reliability-qualified DNB-BRDF,4,G2,10.0
42,0,0.95,38.61927,43.872547,88.02605,67.6077824694054,113.34684861917617,100.0,29,2014-04-25,2014-04-28,2014-04-26 12:00:00,1.3316989767140355,observed,Guiuan,City/municipality,Reliability-qualified DNB-BRDF,4,G2,10.0
43,0,0.95,34.608868,43.872547,78.88502,60.58707901888619,101.57638992137402,100.0,29,2014-04-29,2014-05-02,2014-04-30 12:00:00,1.193409229147023,observed,Guiuan,City/municipality,Reliability-qualified DNB-BRDF,4,G2,10.0
44,0,0.95,29.892183,35.5244,84.1455,63.20053699932174,108.90116938862157,93.10344827586206,27,2014-05-03,2014-05-06,2014-05-04 12:00:00,1.1071179001419633,observed,Guiuan,City/municipality,Reliability-qualified DNB-BRDF,4,G2,10.0
45,0,0.95,36.34591,43.872547,82.84431,63.62798297863005,106.67457341743112,100.0,29,2014-05-07,2014-05-10,2014-05-08 12:00:00,1.253307210988012,observed,Guiuan,City/municipality,Reliability-qualified DNB-BRDF,4,G2,10.0
46,0,0.95,21.849005,41.768887,52.30928,40.41076082531104,67.28748006444368,96.55172413793103,28,2014-05-11,2014-05-14,2014-05-12 12:00:00,0.7803215980529785,observed,Guiuan,City/municipality,Reliability-qualified DNB-BRDF,4,G2,10.0
47,0,0.95,21.752203,43.872547,49.58044,38.07990545492826,63.84231402628128,100.0,29,2014-05-15,2014-05-18,2014-05-16 12:00:00,0.7500759650921,observed,Guiuan,City/municipality,Reliability-qualified DNB-BRDF,4,G2,10.0
48,0,0.95,26.264002,43.872547,59.86432,45.97836512480133,77.0843622021833,100.0,29,2014-05-19,2014-05-22,2014-05-20 12:00:00,0.905655236079775,observed,Guiuan,City/municipality,Reliability-qualified DNB-BRDF,4,G2,10.0
49,0,0.95,38.167046,43.872547,86.995285,66.81610852034159,112.01957912470799,100.0,29,2014-05-23,2014-05-26,2014-05-24 12:00:00,1.3161050204573006,observed,Guiuan,City/municipality,Reliability-qualified DNB-BRDF,4,G2,10.0
50,0,0.95,29.30541,38.529255,76.06015,58.38478551803844,97.50527825507754,93.10344827586206,27,2014-05-27,2014-05-30,2014-05-28 12:00:00,1.0853855698196977,observed,Guiuan,City/municipality,Reliability-qualified DNB-BRDF,4,G2,10.0
51,0,0.95,33.835022,43.872547,77.12117,59.23236778473579,99.30516842036666,100.0,29,2014-05-31,2014-06-03,2014-06-01 12:00:00,1.1667248956088363,observed,Guiuan,City/municipality,Reliability-qualified DNB-BRDF,4,G2,10.0
52,0,0.95,37.590603,43.872547,85.68138,65.80697437007835,110.32772987912612,100.0,29,2014-06-04,2014-06-07,2014-06-05 12:00:00,1.296227685336409,observed,Guiuan,City/municipality,Reliability-qualified DNB-BRDF,4,G2,10.0
53,0,0.95,,,,,,0.0,0,2014-06-08,2014-06-11,2014-06-09 12:00:00,,not observable,Guiuan,City/municipality,Reliability-qualified DNB-BRDF,4,G2,10.0
54,0,0.95,,,,,,6.896551724137931,2,2014-06-12,2014-06-15,2014-06-13 12:00:00,,not observable,Guiuan,City/municipality,Reliability-qualified DNB-BRDF,4,G2,10.0
55,0,0.95,36.267895,43.872547,82.66649,63.49141215966139,106.44560758867547,100.0,29,2014-06-16,2014-06-19,2014-06-17 12:00:00,1.2506170601680362,observed,Guiuan,City/municipality,Reliability-qualified DNB-BRDF,4,G2,10.0
56,0,0.95,24.79234,32.788754,75.61233,58.715699244760515,99.99021122273834,86.20689655172414,25,2014-06-20,2014-06-23,2014-06-21 12:00:00,0.9916935729980468,observed,Guiuan,City/municipality,Reliability-qualified DNB-BRDF,4,G2,10.0
57,0,0.95,,,,,,0.0,0,2014-06-24,2014-06-27,2014-06-25 12:00:00,,not observable,Guiuan,City/municipality,Reliability-qualified DNB-BRDF,4,G2,10.0
58,0,0.95,8.382682,13.51483,62.025806,45.613993913997874,83.60940573308872,55.172413793103445,16,2014-06-28,2014-07-01,2014-06-29 12:00:00,0.5239176154136658,observed,Guiuan,City/municipality,Reliability-qualified DNB-BRDF,4,G2,10.0
59,0,0.95,9.042596,27.565325,32.80424,25.730859150174958,43.91072036730627,68.96551724137932,20,2014-07-02,2014-07-05,2014-07-03 12:00:00,0.45212979316711427,observed,Guiuan,City/municipality,Reliability-qualified DNB-BRDF,4,G2,10.0
60,0,0.95,,,,,,0.0,0,2014-07-06,2014-07-09,2014-07-07 12:00:00,,not observable,Guiuan,City/municipality,Reliability-qualified DNB-BRDF,4,G2,10.0
61,0,0.95,,,,,,0.0,0,2014-07-10,2014-07-13,2014-07-11 12:00:00,,not observable,Guiuan,City/municipality,Reliability-qualified DNB-BRDF,4,G2,10.0
62,0,0.95,23.57024,30.525822,77.2141,57.03194011040624,102.70459507890786,86.20689655172414,25,2014-07-14,2014-07-17,2014-07-15 12:00:00,0.9428096008300781,observed,Guiuan,City/municipality,Reliability-qualified DNB-BRDF,4,G2,10.0
63,0,0.95,,,,,,0.0,0,2014-07-18,2014-07-21,2014-07-19 12:00:00,,not observable,Guiuan,City/municipality,Reliability-qualified DNB-BRDF,4,G2,10.0
64,0,0.95,12.585623,16.248253,77.45831,59.36875869200343,99.58716356701554,44.827586206896555,13,2014-07-22,2014-07-25,2014-07-23 12:00:00,0.9681248298058143,observed,Guiuan,City/municipality,Reliability-qualified DNB-BRDF,4,G2,10.0
65,0,0.95,,,,,,0.0,0,2014-07-26,2014-07-29,2014-07-27 12:00:00,,not observable,Guiuan,City/municipality,Reliability-qualified DNB-BRDF,4,G2,10.0
66,0,0.95,,,,,,0.0,0,2014-07-30,2014-08-02,2014-07-31 12:00:00,,not observable,Guiuan,City/municipality,Reliability-qualified DNB-BRDF,4,G2,10.0
67,0,0.95,,,,,,0.0,0,2014-08-03,2014-08-06,2014-08-04 12:00:00,,not observable,Guiuan,City/municipality,Reliability-qualified DNB-BRDF,4,G2,10.0
68,0,0.95,11.123475,40.524906,27.448492,21.295985235441353,35.31541322601928,93.10344827586206,27,2014-08-07,2014-08-10,2014-08-08 12:00:00,0.4119805583247432,observed,Guiuan,City/municipality,Reliability-qualified DNB-BRDF,4,G2,10.0
69,0,0.95,24.593285,43.280903,56.822483,43.72816614382125,72.99485780197966,93.10344827586206,27,2014-08-11,2014-08-14,2014-08-12 12:00:00,0.9108623928493924,observed,Guiuan,City/municipality,Reliability-qualified DNB-BRDF,4,G2,10.0
70,0,0.95,26.30397,35.2994,74.51676,56.88925987680221,96.12172357848719,86.20689655172414,25,2014-08-15,2014-08-18,2014-08-16 12:00:00,1.0521588134765625,observed,Guiuan,City/municipality,Reliability-qualified DNB-BRDF,4,G2,10.0
71,0,0.95,30.334911,29.74443,101.98518,80.56481552773585,137.31228761110378,82.75862068965517,24,2014-08-19,2014-08-22,2014-08-20 12:00:00,1.2639546394348145,observed,Guiuan,City/municipality,Reliability-qualified DNB-BRDF,4,G2,10.0
72,0,0.95,20.93454,24.158794,86.653915,68.05626779485074,119.13662250361185,72.41379310344827,21,2014-08-23,2014-08-26,2014-08-24 12:00:00,0.9968828473772321,observed,Guiuan,City/municipality,Reliability-qualified DNB-BRDF,4,G2,10.0
73,0,0.95,33.78442,43.872547,77.00583,59.14378096102785,99.15664946397251,100.0,29,2014-08-27,2014-08-30,2014-08-28 12:00:00,1.1649800004630253,observed,Guiuan,City/municipality,Reliability-qualified DNB-BRDF,4,G2,10.0
74,0,0.95,,,,,,0.0,0,2014-08-31,2014-09-03,2014-09-01 12:00:00,,not observable,Guiuan,City/municipality,Reliability-qualified DNB-BRDF,4,G2,10.0
75,0,0.95,,,,,,0.0,0,2014-09-04,2014-09-07,2014-09-05 12:00:00,,not observable,Guiuan,City/municipality,Reliability-qualified DNB-BRDF,4,G2,10.0
76,0,0.95,,,,,,6.896551724137931,2,2014-09-08,2014-09-11,2014-09-09 12:00:00,,not observable,Guiuan,City/municipality,Reliability-qualified DNB-BRDF,4,G2,10.0
77,0,0.95,17.75913,31.814777,55.820385,43.007354267262,69.9836633335202,68.96551724137932,20,2014-09-12,2014-09-15,2014-09-13 12:00:00,0.8879565238952637,observed,Guiuan,City/municipality,Reliability-qualified DNB-BRDF,4,G2,10.0
78,0,0.95,,,,,,0.0,0,2014-09-16,2014-09-19,2014-09-17 12:00:00,,not observable,Guiuan,City/municipality,Reliability-qualified DNB-BRDF,4,G2,10.0
79,0,0.95,,,,,,0.0,0,2014-09-20,2014-09-23,2014-09-21 12:00:00,,not observable,Guiuan,City/municipality,Reliability-qualified DNB-BRDF,4,G2,10.0
80,0,0.95,22.14068,25.850876,85.647705,66.22050970111779,118.33460874945567,79.3103448275862,23,2014-09-24,2014-09-27,2014-09-25 12:00:00,0.9626382744830587,observed,Guiuan,City/municipality,Reliability-qualified DNB-BRDF,4,G2,10.0
81,0,0.95,56.041565,43.051918,130.17204,99.56900182093682,166.51062371190736,96.55172413793103,28,2014-09-28,2014-10-01,2014-09-29 12:00:00,2.0014844621930803,observed,Guiuan,City/municipality,Reliability-qualified DNB-BRDF,4,G2,10.0
82,0,0.95,,,,,,0.0,0,2014-10-02,2014-10-05,2014-10-03 12:00:00,,not observable,Guiuan,City/municipality,Reliability-qualified DNB-BRDF,4,G2,10.0
83,0,0.95,9.559822,33.262253,28.740753,22.121677041158126,35.96729680197351,65.51724137931035,19,2014-10-06,2014-10-09,2014-10-07 12:00:00,0.5031485306589227,observed,Guiuan,City/municipality,Reliability-qualified DNB-BRDF,4,G2,10.0
84,0,0.95,30.530533,43.872547,69.58915,53.44745202083605,89.60655167218157,100.0,29,2014-10-10,2014-10-13,2014-10-11 12:00:00,1.052776994376347,observed,Guiuan,City/municipality,Reliability-qualified DNB-BRDF,4,G2,10.0
85,0,0.95,33.18942,43.872547,75.64963,58.10216027402491,97.41033538568202,100.0,29,2014-10-14,2014-10-17,2014-10-15 12:00:00,1.1444627169905037,observed,Guiuan,City/municipality,Reliability-qualified DNB-BRDF,4,G2,10.0
86,0,0.95,50.48211,43.872547,115.06537,88.37514193032789,148.16406437540093,100.0,29,2014-10-18,2014-10-21,2014-10-19 12:00:00,1.7407623817180764,observed,Guiuan,City/municipality,Reliability-qualified DNB-BRDF,4,G2,10.0
87,0,0.95,45.84069,30.4261,150.66238,119.3525069006226,202.37561830306217,86.20689655172414,25,2014-10-22,2014-10-25,2014-10-23 12:00:00,1.8336276245117187,observed,Guiuan,City/municipality,Reliability-qualified DNB-BRDF,4,G2,10.0
88,0,0.95,14.167545,18.234264,77.69738,59.99194003378025,101.64757083529105,72.41379310344827,21,2014-10-26,2014-10-29,2014-10-27 12:00:00,0.674645015171596,observed,Guiuan,City/municipality,Reliability-qualified DNB-BRDF,4,G2,10.0
89,0,0.95,3.0422263,2.303559,132.06635,92.94457257408375,217.1976975104549,13.793103448275861,4,2014-10-30,2014-11-02,2014-10-31 12:00:00,0.7605565786361694,observed,Guiuan,City/municipality,Reliability-qualified DNB-BRDF,4,G2,10.0
90,0,0.95,6.2231793,41.768887,14.899078,11.51006298523732,19.16526979057901,96.55172413793103,28,2014-11-03,2014-11-06,2014-11-04 12:00:00,0.22225640501294816,observed,Guiuan,City/municipality,Reliability-qualified DNB-BRDF,4,G2,10.0
-45,0,0.95,325.08325,166.56891,195.16441,151.9485626220703,249.70335388183594,90.72847682119205,137,2013-05-12,2013-05-15,2013-05-13 12:00:00,2.372870452212591,observed,Ormoc City,City/municipality,Reliability-qualified DNB-BRDF,4,G2,10.0
-44,0,0.95,295.5028,251.03362,117.71444,94.60617065429688,144.78428649902344,100.0,151,2013-05-16,2013-05-19,2013-05-17 12:00:00,1.9569722358754138,observed,Ormoc City,City/municipality,Reliability-qualified DNB-BRDF,4,G2,10.0
-43,0,0.95,270.044,251.03362,107.572845,86.45545196533203,132.31051635742188,100.0,151,2013-05-20,2013-05-23,2013-05-21 12:00:00,1.7883709029646109,observed,Ormoc City,City/municipality,Reliability-qualified DNB-BRDF,4,G2,10.0
-42,0,0.95,233.13951,249.7653,93.34344,74.9911880493164,114.86066436767578,99.33774834437087,150,2013-05-24,2013-05-27,2013-05-25 12:00:00,1.554263407389323,observed,Ormoc City,City/municipality,Reliability-qualified DNB-BRDF,4,G2,10.0
-41,0,0.95,376.3614,204.03969,184.455,151.65518188476562,224.12371826171875,76.15894039735099,115,2013-05-28,2013-05-31,2013-05-29 12:00:00,3.272707731827446,observed,Ormoc City,City/municipality,Reliability-qualified DNB-BRDF,4,G2,10.0
-40,0,0.95,28.071539,20.397875,137.61992,104.01045227050781,185.18325805664062,15.2317880794702,23,2013-06-01,2013-06-04,2013-06-02 12:00:00,1.2205016923987346,observed,Ormoc City,City/municipality,Reliability-qualified DNB-BRDF,4,G2,10.0
-39,0,0.95,398.24722,251.03362,158.64299,127.5001220703125,195.12484741210938,100.0,151,2013-06-05,2013-06-08,2013-06-06 12:00:00,2.6373988271549047,observed,Ormoc City,City/municipality,Reliability-qualified DNB-BRDF,4,G2,10.0
-38,0,0.95,,,,,,0.0,0,2013-06-09,2013-06-12,2013-06-10 12:00:00,,not observable,Ormoc City,City/municipality,Reliability-qualified DNB-BRDF,4,G2,10.0
-37,0,0.95,,,,,,3.3112582781456954,5,2013-06-13,2013-06-16,2013-06-14 12:00:00,,not observable,Ormoc City,City/municipality,Reliability-qualified DNB-BRDF,4,G2,10.0
-36,0,0.95,,,,,,0.0,0,2013-06-17,2013-06-20,2013-06-18 12:00:00,,not observable,Ormoc City,City/municipality,Reliability-qualified DNB-BRDF,4,G2,10.0
-35,0,0.95,118.31695,192.17493,61.567314,49.99456787109375,76.83100891113281,88.74172185430463,134,2013-06-21,2013-06-24,2013-06-22 12:00:00,0.8829622980374009,observed,Ormoc City,City/municipality,Reliability-qualified DNB-BRDF,4,G2,10.0
-34,0,0.95,,,,,,1.3245033112582782,2,2013-06-25,2013-06-28,2013-06-26 12:00:00,,not observable,Ormoc City,City/municipality,Reliability-qualified DNB-BRDF,4,G2,10.0
-33,0,0.95,117.68198,95.1584,123.669556,91.51068115234375,168.52932739257812,72.18543046357615,109,2013-06-29,2013-07-02,2013-06-30 12:00:00,1.079651158884031,observed,Ormoc City,City/municipality,Reliability-qualified DNB-BRDF,4,G2,10.0
-32,0,0.95,14.669123,12.521131,117.15494,83.6670913696289,164.52569580078125,16.556291390728475,25,2013-07-03,2013-07-06,2013-07-04 12:00:00,0.586764907836914,observed,Ormoc City,City/municipality,Reliability-qualified DNB-BRDF,4,G2,10.0
-31,0,0.95,232.9622,193.26482,120.54041,94.6046142578125,150.53550720214844,88.74172185430463,134,2013-07-07,2013-07-10,2013-07-08 12:00:00,1.7385239102947179,observed,Ormoc City,City/municipality,Reliability-qualified DNB-BRDF,4,G2,10.0
-30,0,0.95,,,,,,0.0,0,2013-07-11,2013-07-14,2013-07-12 12:00:00,,not observable,Ormoc City,City/municipality,Reliability-qualified DNB-BRDF,4,G2,10.0
-29,0,0.95,363.7493,243.11836,149.6182,120.5600357055664,183.81204223632812,95.36423841059603,144,2013-07-15,2013-07-18,2013-07-16 12:00:00,2.5260367923312717,observed,Ormoc City,City/municipality,Reliability-qualified DNB-BRDF,4,G2,10.0
-28,0,0.95,,,,,,0.0,0,2013-07-19,2013-07-22,2013-07-20 12:00:00,,not observable,Ormoc City,City/municipality,Reliability-qualified DNB-BRDF,4,G2,10.0
-27,0,0.95,98.83921,208.95946,47.300663,38.0837287902832,58.408966064453125,91.3907284768212,138,2013-07-23,2013-07-26,2013-07-24 12:00:00,0.716226163117782,observed,Ormoc City,City/municipality,Reliability-qualified DNB-BRDF,4,G2,10.0
-26,0,0.95,,,,,,0.0,0,2013-07-27,2013-07-30,2013-07-28 12:00:00,,not observable,Ormoc City,City/municipality,Reliability-qualified DNB-BRDF,4,G2,10.0
-25,0,0.95,,,,,,0.0,0,2013-07-31,2013-08-03,2013-08-01 12:00:00,,not observable,Ormoc City,City/municipality,Reliability-qualified DNB-BRDF,4,G2,10.0
-24,0,0.95,198.7314,244.22046,81.37377,65.52835845947266,100.15967559814453,93.37748344370861,141,2013-08-04,2013-08-07,2013-08-05 12:00:00,1.4094425499016512,observed,Ormoc City,City/municipality,Reliability-qualified DNB-BRDF,4,G2,10.0
-23,0,0.95,,,,,,0.0,0,2013-08-08,2013-08-11,2013-08-09 12:00:00,,not observable,Ormoc City,City/municipality,Reliability-qualified DNB-BRDF,4,G2,10.0
-22,0,0.95,,,,,,0.0,0,2013-08-12,2013-08-15,2013-08-13 12:00:00,,not observable,Ormoc City,City/municipality,Reliability-qualified DNB-BRDF,4,G2,10.0
-21,0,0.95,,,,,,3.3112582781456954,5,2013-08-16,2013-08-19,2013-08-17 12:00:00,,not observable,Ormoc City,City/municipality,Reliability-qualified DNB-BRDF,4,G2,10.0
-20,0,0.95,,,,,,0.0,0,2013-08-20,2013-08-23,2013-08-21 12:00:00,,not observable,Ormoc City,City/municipality,Reliability-qualified DNB-BRDF,4,G2,10.0
-19,0,0.95,141.59442,200.46541,70.63284,57.413761138916016,86.08590698242188,66.88741721854305,101,2013-08-24,2013-08-27,2013-08-25 12:00:00,1.401924964224938,observed,Ormoc City,City/municipality,Reliability-qualified DNB-BRDF,4,G2,10.0
-18,0,0.95,284.38416,251.03362,113.28529,91.04650115966797,139.3365936279297,100.0,151,2013-08-28,2013-08-31,2013-08-29 12:00:00,1.8833387766452814,observed,Ormoc City,City/municipality,Reliability-qualified DNB-BRDF,4,G2,10.0
-17,0,0.95,260.96588,251.03362,103.95655,83.54905700683594,127.86260223388672,100.0,151,2013-09-01,2013-09-04,2013-09-02 12:00:00,1.7282508698520282,observed,Ormoc City,City/municipality,Reliability-qualified DNB-BRDF,4,G2,10.0
-16,0,0.95,135.15729,124.2661,108.764404,85.50725555419922,138.57388305664062,72.18543046357615,109,2013-09-05,2013-09-08,2013-09-06 12:00:00,1.239975115574828,observed,Ormoc City,City/municipality,Reliability-qualified DNB-BRDF,4,G2,10.0
-15,0,0.95,15.087364,18.450174,81.77356,62.27587127685547,115.33326721191406,11.920529801324504,18,2013-09-09,2013-09-12,2013-09-10 12:00:00,0.8381868998209635,observed,Ormoc City,City/municipality,Reliability-qualified DNB-BRDF,4,G2,10.0
-14,0,0.95,294.41162,245.78505,119.78419,96.04383087158203,147.2462158203125,99.33774834437087,150,2013-09-13,2013-09-16,2013-09-14 12:00:00,1.962744140625,observed,Ormoc City,City/municipality,Reliability-qualified DNB-BRDF,4,G2,10.0
-13,0,0.95,,,,,,0.0,0,2013-09-17,2013-09-20,2013-09-18 12:00:00,,not observable,Ormoc City,City/municipality,Reliability-qualified DNB-BRDF,4,G2,10.0
-12,0,0.95,,,,,,0.0,0,2013-09-21,2013-09-24,2013-09-22 12:00:00,,not observable,Ormoc City,City/municipality,Reliability-qualified DNB-BRDF,4,G2,10.0
-11,0,0.95,186.1963,193.24094,96.354485,77.0839614868164,116.91351318359375,70.86092715231788,107,2013-09-25,2013-09-28,2013-09-26 12:00:00,1.7401523768344773,observed,Ormoc City,City/municipality,Reliability-qualified DNB-BRDF,4,G2,10.0
-10,0,0.95,,,,,,0.0,0,2013-09-29,2013-10-02,2013-09-30 12:00:00,,not observable,Ormoc City,City/municipality,Reliability-qualified DNB-BRDF,4,G2,10.0
-9,0,0.95,,,,,,0.0,0,2013-10-03,2013-10-06,2013-10-04 12:00:00,,not observable,Ormoc City,City/municipality,Reliability-qualified DNB-BRDF,4,G2,10.0
-8,0,0.95,107.757454,79.681076,135.23593,100.09049987792969,186.06370544433594,61.58940397350993,93,2013-10-07,2013-10-10,2013-10-08 12:00:00,1.1586823001984627,observed,Ormoc City,City/municipality,Reliability-qualified DNB-BRDF,4,G2,10.0
-7,0,0.95,252.98715,248.39557,101.848495,81.72569274902344,125.50459289550781,99.33774834437087,150,2013-10-11,2013-10-14,2013-10-12 12:00:00,1.6865810139973958,observed,Ormoc City,City/municipality,Reliability-qualified DNB-BRDF,4,G2,10.0
-6,0,0.95,203.8226,251.03362,81.19335,65.25445556640625,99.86473083496094,100.0,151,2013-10-15,2013-10-18,2013-10-16 12:00:00,1.3498185517772143,observed,Ormoc City,City/municipality,Reliability-qualified DNB-BRDF,4,G2,10.0
-5,0,0.95,,,,,,0.0,0,2013-10-19,2013-10-22,2013-10-20 12:00:00,,not observable,Ormoc City,City/municipality,Reliability-qualified DNB-BRDF,4,G2,10.0
-4,0,0.95,10.907446,13.24914,82.32569,60.60301208496094,119.93172454833984,11.258278145695364,17,2013-10-23,2013-10-26,2013-10-24 12:00:00,0.6416144651525161,observed,Ormoc City,City/municipality,Reliability-qualified DNB-BRDF,4,G2,10.0
-3,0,0.95,235.9193,236.38358,99.80359,80.83279418945312,122.2353286743164,89.40397350993378,135,2013-10-27,2013-10-30,2013-10-28 12:00:00,1.7475503427010994,observed,Ormoc City,City/municipality,Reliability-qualified DNB-BRDF,4,G2,10.0
-2,0,0.95,307.35974,246.41237,124.733894,100.56575775146484,152.9390106201172,96.6887417218543,146,2013-10-31,2013-11-03,2013-11-01 12:00:00,2.1052037069242293,observed,Ormoc City,City/municipality,Reliability-qualified DNB-BRDF,4,G2,10.0
-1,0,0.95,,,,,,1.9867549668874172,3,2013-11-04,2013-11-07,2013-11-05 12:00:00,,not observable,Ormoc City,City/municipality,Reliability-qualified DNB-BRDF,4,G2,10.0
0,0,0.95,32.94827,251.03362,13.125043,10.548493385314941,16.14330291748047,100.0,151,2013-11-08,2013-11-11,2013-11-09 12:00:00,0.2182004562276878,observed,Ormoc City,City/municipality,Reliability-qualified DNB-BRDF,4,G2,10.0
1,0,0.95,34.40056,190.96288,18.014265,14.029619216918945,22.59706687927246,93.37748344370861,141,2013-11-12,2013-11-15,2013-11-13 12:00:00,0.24397559199772828,observed,Ormoc City,City/municipality,Reliability-qualified DNB-BRDF,4,G2,10.0
2,0,0.95,23.849781,174.04828,13.702969,10.517043113708496,17.28441047668457,92.05298013245033,139,2013-11-16,2013-11-19,2013-11-17 12:00:00,0.171581158535086,observed,Ormoc City,City/municipality,Reliability-qualified DNB-BRDF,4,G2,10.0
3,0,0.95,,,,,,0.0,0,2013-11-20,2013-11-23,2013-11-21 12:00:00,,not observable,Ormoc City,City/municipality,Reliability-qualified DNB-BRDF,4,G2,10.0
4,0,0.95,33.7437,198.83118,16.97103,13.413261413574219,21.01224136352539,92.05298013245033,139,2013-11-24,2013-11-27,2013-11-25 12:00:00,0.24276041813033947,observed,Ormoc City,City/municipality,Reliability-qualified DNB-BRDF,4,G2,10.0
5,0,0.95,102.60808,245.78505,41.747078,33.47311019897461,51.31812286376953,99.33774834437087,150,2013-11-28,2013-12-01,2013-11-29 12:00:00,0.6840538533528646,observed,Ormoc City,City/municipality,Reliability-qualified DNB-BRDF,4,G2,10.0
6,0,0.95,138.85812,251.03362,55.314552,44.45587158203125,68.03479766845703,100.0,151,2013-12-02,2013-12-05,2013-12-03 12:00:00,0.9195902237039528,observed,Ormoc City,City/municipality,Reliability-qualified DNB-BRDF,4,G2,10.0
7,0,0.95,78.017624,243.42473,32.05,25.677892684936523,39.56385803222656,98.67549668874172,149,2013-12-06,2013-12-09,2013-12-07 12:00:00,0.5236082141031355,observed,Ormoc City,City/municipality,Reliability-qualified DNB-BRDF,4,G2,10.0
8,0,0.95,107.44304,242.4035,44.324043,35.656925201416016,54.46983337402344,96.02649006622516,145,2013-12-10,2013-12-13,2013-12-11 12:00:00,0.7409864754512392,observed,Ormoc City,City/municipality,Reliability-qualified DNB-BRDF,4,G2,10.0
9,0,0.95,72.0492,229.97821,31.328709,25.14366340637207,38.888221740722656,95.36423841059603,144,2013-12-14,2013-12-17,2013-12-15 12:00:00,0.5003416803148057,observed,Ormoc City,City/municipality,Reliability-qualified DNB-BRDF,4,G2,10.0
10,0,0.95,,,,,,1.9867549668874172,3,2013-12-18,2013-12-21,2013-12-19 12:00:00,,not observable,Ormoc City,City/municipality,Reliability-qualified DNB-BRDF,4,G2,10.0
11,0,0.95,52.18376,100.12014,52.12114,45.1335334777832,62.95875549316406,35.09933774834437,53,2013-12-22,2013-12-25,2013-12-23 12:00:00,0.9845992754090507,observed,Ormoc City,City/municipality,Reliability-qualified DNB-BRDF,4,G2,10.0
12,0,0.95,98.89561,229.36766,43.11663,34.29745864868164,53.468894958496094,94.70198675496688,143,2013-12-26,2013-12-29,2013-12-27 12:00:00,0.6915776712911113,observed,Ormoc City,City/municipality,Reliability-qualified DNB-BRDF,4,G2,10.0
13,0,0.95,,,,,,0.0,0,2013-12-30,2014-01-02,2013-12-31 12:00:00,,not observable,Ormoc City,City/municipality,Reliability-qualified DNB-BRDF,4,G2,10.0
14,0,0.95,106.47868,251.03362,42.416103,34.0894889831543,52.170196533203125,100.0,151,2014-01-03,2014-01-06,2014-01-04 12:00:00,0.7051568441833092,observed,Ormoc City,City/municipality,Reliability-qualified DNB-BRDF,4,G2,10.0
15,0,0.95,,,,,,0.0,0,2014-01-07,2014-01-10,2014-01-08 12:00:00,,not observable,Ormoc City,City/municipality,Reliability-qualified DNB-BRDF,4,G2,10.0
16,0,0.95,,,,,,0.0,0,2014-01-11,2014-01-14,2014-01-12 12:00:00,,not observable,Ormoc City,City/municipality,Reliability-qualified DNB-BRDF,4,G2,10.0
17,0,0.95,,,,,,0.0,0,2014-01-15,2014-01-18,2014-01-16 12:00:00,,not observable,Ormoc City,City/municipality,Reliability-qualified DNB-BRDF,4,G2,10.0
18,0,0.95,17.059694,39.543945,43.141106,36.67068862915039,53.52458190917969,14.56953642384106,22,2014-01-19,2014-01-22,2014-01-20 12:00:00,0.7754406495527788,observed,Ormoc City,City/municipality,Reliability-qualified DNB-BRDF,4,G2,10.0
19,0,0.95,177.26625,251.03362,70.61455,56.752357482910156,86.85321044921875,100.0,151,2014-01-23,2014-01-26,2014-01-24 12:00:00,1.1739486795387521,observed,Ormoc City,City/municipality,Reliability-qualified DNB-BRDF,4,G2,10.0
20,0,0.95,115.014175,251.03362,45.816246,36.82215881347656,56.35224151611328,100.0,151,2014-01-27,2014-01-30,2014-01-28 12:00:00,0.7616832808942984,observed,Ormoc City,City/municipality,Reliability-qualified DNB-BRDF,4,G2,10.0
21,0,0.95,91.22809,251.03362,36.340984,29.20696258544922,44.698028564453125,100.0,151,2014-01-31,2014-02-03,2014-02-01 12:00:00,0.6041595256881208,observed,Ormoc City,City/municipality,Reliability-qualified DNB-BRDF,4,G2,10.0
22,0,0.95,168.7276,251.03362,67.21315,54.018680572509766,82.66961669921875,100.0,151,2014-02-04,2014-02-07,2014-02-05 12:00:00,1.1174013251500414,observed,Ormoc City,City/municipality,Reliability-qualified DNB-BRDF,4,G2,10.0
23,0,0.95,59.620102,161.18091,36.989555,30.53290557861328,44.19252014160156,57.615894039735096,87,2014-02-08,2014-02-11,2014-02-09 12:00:00,0.6852885279162176,observed,Ormoc City,City/municipality,Reliability-qualified DNB-BRDF,4,G2,10.0
24,0,0.95,64.58678,235.03932,27.479137,21.95761489868164,33.89253234863281,96.6887417218543,146,2014-02-12,2014-02-15,2014-02-13 12:00:00,0.44237518310546875,observed,Ormoc City,City/municipality,Reliability-qualified DNB-BRDF,4,G2,10.0
25,0,0.95,81.62819,251.03362,32.516834,26.133525848388672,39.99447250366211,100.0,151,2014-02-16,2014-02-19,2014-02-17 12:00:00,0.5405840336881726,observed,Ormoc City,City/municipality,Reliability-qualified DNB-BRDF,4,G2,10.0
26,0,0.95,47.948666,62.632378,76.55572,62.408843994140625,98.00743103027344,27.814569536423843,42,2014-02-20,2014-02-23,2014-02-21 12:00:00,1.1416348956880116,observed,Ormoc City,City/municipality,Reliability-qualified DNB-BRDF,4,G2,10.0
27,0,0.95,160.37915,251.03362,63.88752,51.34589767456055,78.5792236328125,100.0,151,2014-02-24,2014-02-27,2014-02-25 12:00:00,1.0621135787458609,observed,Ormoc City,City/municipality,Reliability-qualified DNB-BRDF,4,G2,10.0
28,0,0.95,147.29115,251.03362,58.673878,47.15573501586914,72.16663360595703,100.0,151,2014-02-28,2014-03-03,2014-03-01 12:00:00,0.9754380990337852,observed,Ormoc City,City/municipality,Reliability-qualified DNB-BRDF,4,G2,10.0
29,0,0.95,192.50197,251.03362,76.68375,61.630123138427734,94.3180923461914,100.0,151,2014-03-04,2014-03-07,2014-03-05 12:00:00,1.274847472740325,observed,Ormoc City,City/municipality,Reliability-qualified DNB-BRDF,4,G2,10.0
30,0,0.95,203.6343,251.03362,81.11834,65.19416809082031,99.77246856689453,100.0,151,2014-03-08,2014-03-11,2014-03-09 12:00:00,1.3485714741890005,observed,Ormoc City,City/municipality,Reliability-qualified DNB-BRDF,4,G2,10.0
31,0,0.95,,,,,,1.3245033112582782,2,2014-03-12,2014-03-15,2014-03-13 12:00:00,,not observable,Ormoc City,City/municipality,Reliability-qualified DNB-BRDF,4,G2,10.0
32,0,0.95,116.120804,248.61485,46.707104,37.90074157714844,57.51110076904297,99.33774834437087,150,2014-03-16,2014-03-19,2014-03-17 12:00:00,0.774138692220052,observed,Ormoc City,City/municipality,Reliability-qualified DNB-BRDF,4,G2,10.0
33,0,0.95,23.849941,57.627808,41.38617,31.488441467285156,54.461402893066406,45.033112582781456,68,2014-03-20,2014-03-23,2014-03-21 12:00:00,0.3507344302009134,observed,Ormoc City,City/municipality,Reliability-qualified DNB-BRDF,4,G2,10.0
34,0,0.95,132.02612,248.39557,53.15156,42.65009307861328,65.49694061279297,99.33774834437087,150,2014-03-24,2014-03-27,2014-03-25 12:00:00,0.8801741536458333,observed,Ormoc City,City/municipality,Reliability-qualified DNB-BRDF,4,G2,10.0
35,0,0.95,200.06561,251.03362,79.69674,64.05164337158203,98.02395629882812,100.0,151,2014-03-28,2014-03-31,2014-03-29 12:00:00,1.3249378330660182,observed,Ormoc City,City/municipality,Reliability-qualified DNB-BRDF,4,G2,10.0
36,0,0.95,173.64981,251.03362,69.17393,55.594539642333984,85.081298828125,100.0,151,2014-04-01,2014-04-04,2014-04-02 12:00:00,1.1499987469603683,observed,Ormoc City,City/municipality,Reliability-qualified DNB-BRDF,4,G2,10.0
37,0,0.95,265.51642,251.03362,105.76927,85.00593566894531,130.09217834472656,100.0,151,2014-04-05,2014-04-08,2014-04-06 12:00:00,1.7583868771988824,observed,Ormoc City,City/municipality,Reliability-qualified DNB-BRDF,4,G2,10.0
38,0,0.95,146.8884,231.42474,63.471344,50.83932113647461,77.85563659667969,90.06622516556291,136,2014-04-09,2014-04-12,2014-04-10 12:00:00,1.0800617442411535,observed,Ormoc City,City/municipality,Reliability-qualified DNB-BRDF,4,G2,10.0
39,0,0.95,,,,,,0.0,0,2014-04-13,2014-04-16,2014-04-14 12:00:00,,not observable,Ormoc City,City/municipality,Reliability-qualified DNB-BRDF,4,G2,10.0
40,0,0.95,104.870895,247.00655,42.45673,34.28367614746094,52.17173767089844,99.33774834437087,150,2014-04-17,2014-04-20,2014-04-18 12:00:00,0.6991393025716146,observed,Ormoc City,City/municipality,Reliability-qualified DNB-BRDF,4,G2,10.0
41,0,0.95,221.8468,251.03362,88.373344,71.02496337890625,108.69585418701172,100.0,151,2014-04-21,2014-04-24,2014-04-22 12:00:00,1.4691841176014073,observed,Ormoc City,City/municipality,Reliability-qualified DNB-BRDF,4,G2,10.0
42,0,0.95,262.74158,251.03362,104.6639,84.11756134033203,128.7326202392578,100.0,151,2014-04-25,2014-04-28,2014-04-26 12:00:00,1.7400104446916391,observed,Ormoc City,City/municipality,Reliability-qualified DNB-BRDF,4,G2,10.0
43,0,0.95,286.04666,251.03362,113.947556,91.57875061035156,140.15115356445312,100.0,151,2014-04-29,2014-05-02,2014-04-30 12:00:00,1.8943487508407493,observed,Ormoc City,City/municipality,Reliability-qualified DNB-BRDF,4,G2,10.0
44,0,0.95,188.02075,251.03362,74.89863,60.19544219970703,92.12246704101562,100.0,151,2014-05-03,2014-05-06,2014-05-04 12:00:00,1.2451705427359272,observed,Ormoc City,City/municipality,Reliability-qualified DNB-BRDF,4,G2,10.0
45,0,0.95,284.9405,251.03362,113.506905,91.224609375,139.6091766357422,100.0,151,2014-05-07,2014-05-10,2014-05-08 12:00:00,1.8870231173685845,observed,Ormoc City,City/municipality,Reliability-qualified DNB-BRDF,4,G2,10.0
46,0,0.95,148.47658,243.42403,60.99504,48.99014663696289,75.2278060913086,98.67549668874172,149,2014-05-11,2014-05-14,2014-05-12 12:00:00,0.9964870990522756,observed,Ormoc City,City/municipality,Reliability-qualified DNB-BRDF,4,G2,10.0
47,0,0.95,166.89594,251.03362,66.483505,53.43227005004883,81.77217864990234,100.0,151,2014-05-15,2014-05-18,2014-05-16 12:00:00,1.1052710931032699,observed,Ormoc City,City/municipality,Reliability-qualified DNB-BRDF,4,G2,10.0
48,0,0.95,182.77689,251.03362,72.80973,58.51660919189453,89.5531997680664,100.0,151,2014-05-19,2014-05-22,2014-05-20 12:00:00,1.210442953551842,observed,Ormoc City,City/municipality,Reliability-qualified DNB-BRDF,4,G2,10.0
49,0,0.95,273.06277,249.44786,109.46687,87.88703155517578,134.7237091064453,99.33774834437087,150,2014-05-23,2014-05-26,2014-05-24 12:00:00,1.8204184977213542,observed,Ormoc City,City/municipality,Reliability-qualified DNB-BRDF,4,G2,10.0
50,0,0.95,191.42404,251.03362,76.25435,61.28501892089844,93.78994750976562,100.0,151,2014-05-27,2014-05-30,2014-05-28 12:00:00,1.2677088857486547,observed,Ormoc City,City/municipality,Reliability-qualified DNB-BRDF,4,G2,10.0
51,0,0.95,209.22281,251.03362,83.34454,66.98335266113281,102.51061248779297,100.0,151,2014-05-31,2014-06-03,2014-06-01 12:00:00,1.3855815154827194,observed,Ormoc City,City/municipality,Reliability-qualified DNB-BRDF,4,G2,10.0
52,0,0.95,186.1756,251.03362,74.16361,59.60471725463867,91.21842956542969,100.0,151,2014-06-04,2014-06-07,2014-06-05 12:00:00,1.2329509810896109,observed,Ormoc City,City/municipality,Reliability-qualified DNB-BRDF,4,G2,10.0
53,0,0.95,0.22,17.032381,1.2916573,0.9933145046234131,1.887959599494934,14.56953642384106,22,2014-06-08,2014-06-11,2014-06-09 12:00:00,0.00999999994581396,observed,Ormoc City,City/municipality,Reliability-qualified DNB-BRDF,4,G2,10.0
54,0,0.95,133.68338,208.75777,64.03756,51.630088806152344,77.49787139892578,62.25165562913907,94,2014-06-12,2014-06-15,2014-06-13 12:00:00,1.4221636183718418,observed,Ormoc City,City/municipality,Reliability-qualified DNB-BRDF,4,G2,10.0
55,0,0.95,26.777096,73.59189,36.385933,27.307918548583984,50.13725662231445,53.64238410596027,81,2014-06-16,2014-06-19,2014-06-17 12:00:00,0.33058142956392267,observed,Ormoc City,City/municipality,Reliability-qualified DNB-BRDF,4,G2,10.0
56,0,0.95,220.81335,251.03362,87.96167,70.69409942626953,108.18950653076172,100.0,151,2014-06-20,2014-06-23,2014-06-21 12:00:00,1.4623400959747517,observed,Ormoc City,City/municipality,Reliability-qualified DNB-BRDF,4,G2,10.0
57,0,0.95,125.54431,233.23737,53.826847,43.43279266357422,66.46654510498047,89.40397350993378,135,2014-06-24,2014-06-27,2014-06-25 12:00:00,0.929957863136574,observed,Ormoc City,City/municipality,Reliability-qualified DNB-BRDF,4,G2,10.0
58,0,0.95,147.34904,232.7057,63.319912,51.18269729614258,77.6209945678711,93.37748344370861,141,2014-06-28,2014-07-01,2014-06-29 12:00:00,1.0450286865234375,observed,Ormoc City,City/municipality,Reliability-qualified DNB-BRDF,4,G2,10.0
59,0,0.95,133.71124,241.82939,55.291557,44.490352630615234,67.7989273071289,98.67549668874172,149,2014-07-02,2014-07-05,2014-07-03 12:00:00,0.8973908904414849,observed,Ormoc City,City/municipality,Reliability-qualified DNB-BRDF,4,G2,10.0
60,0,0.95,,,,,,0.0,0,2014-07-06,2014-07-09,2014-07-07 12:00:00,,not observable,Ormoc City,City/municipality,Reliability-qualified DNB-BRDF,4,G2,10.0
61,0,0.95,121.127396,241.30775,50.196228,40.2747917175293,61.797428131103516,96.02649006622516,145,2014-07-10,2014-07-13,2014-07-11 12:00:00,0.8353613491716056,observed,Ormoc City,City/municipality,Reliability-qualified DNB-BRDF,4,G2,10.0
62,0,0.95,168.13062,234.77563,71.61332,57.172035217285156,87.96189880371094,96.02649006622516,145,2014-07-14,2014-07-17,2014-07-15 12:00:00,1.159521484375,observed,Ormoc City,City/municipality,Reliability-qualified DNB-BRDF,4,G2,10.0
63,0,0.95,161.7172,183.68222,88.04183,71.10979461669922,106.23469543457031,70.19867549668874,106,2014-07-18,2014-07-21,2014-07-19 12:00:00,1.5256339019199587,observed,Ormoc City,City/municipality,Reliability-qualified DNB-BRDF,4,G2,10.0
64,0,0.95,,,,,,5.960264900662252,9,2014-07-22,2014-07-25,2014-07-23 12:00:00,,not observable,Ormoc City,City/municipality,Reliability-qualified DNB-BRDF,4,G2,10.0
65,0,0.95,,,,,,0.0,0,2014-07-26,2014-07-29,2014-07-27 12:00:00,,not observable,Ormoc City,City/municipality,Reliability-qualified DNB-BRDF,4,G2,10.0
66,0,0.95,,,,,,0.0,0,2014-07-30,2014-08-02,2014-07-31 12:00:00,,not observable,Ormoc City,City/municipality,Reliability-qualified DNB-BRDF,4,G2,10.0
67,0,0.95,286.04288,251.03362,113.946045,91.5775375366211,140.14930725097656,100.0,151,2014-08-03,2014-08-06,2014-08-04 12:00:00,1.8943236900481166,observed,Ormoc City,City/municipality,Reliability-qualified DNB-BRDF,4,G2,10.0
68,0,0.95,141.65326,243.40088,58.197514,46.822017669677734,71.70687866210938,97.35099337748345,147,2014-08-07,2014-08-10,2014-08-08 12:00:00,0.9636276141315901,observed,Ormoc City,City/municipality,Reliability-qualified DNB-BRDF,4,G2,10.0
69,0,0.95,81.408966,111.68878,72.889114,63.44325256347656,85.37347412109375,27.1523178807947,41,2014-08-11,2014-08-14,2014-08-12 12:00:00,1.9855845381573933,observed,Ormoc City,City/municipality,Reliability-qualified DNB-BRDF,4,G2,10.0
70,0,0.95,170.1081,242.8199,70.05525,56.0916862487793,86.38678741455078,96.02649006622516,145,2014-08-15,2014-08-18,2014-08-16 12:00:00,1.1731592638739223,observed,Ormoc City,City/municipality,Reliability-qualified DNB-BRDF,4,G2,10.0
71,0,0.95,121.81066,194.70294,62.562313,50.287593841552734,75.96247100830078,74.17218543046357,112,2014-08-19,2014-08-22,2014-08-20 12:00:00,1.0875951903206962,observed,Ormoc City,City/municipality,Reliability-qualified DNB-BRDF,4,G2,10.0
72,0,0.95,53.84727,58.20349,92.51553,76.64234924316406,118.09033203125,29.13907284768212,44,2014-08-23,2014-08-26,2014-08-24 12:00:00,1.223801612854004,observed,Ormoc City,City/municipality,Reliability-qualified DNB-BRDF,4,G2,10.0
73,0,0.95,,,,,,8.609271523178808,13,2014-08-27,2014-08-30,2014-08-28 12:00:00,,not observable,Ormoc City,City/municipality,Reliability-qualified DNB-BRDF,4,G2,10.0
74,0,0.95,,,,,,0.0,0,2014-08-31,2014-09-03,2014-09-01 12:00:00,,not observable,Ormoc City,City/municipality,Reliability-qualified DNB-BRDF,4,G2,10.0
75,0,0.95,,,,,,0.0,0,2014-09-04,2014-09-07,2014-09-05 12:00:00,,not observable,Ormoc City,City/municipality,Reliability-qualified DNB-BRDF,4,G2,10.0
76,0,0.95,65.417336,195.28601,33.49822,27.18360137939453,40.95535659790039,77.48344370860927,117,2014-09-08,2014-09-11,2014-09-09 12:00:00,0.5591225257286658,observed,Ormoc City,City/municipality,Reliability-qualified DNB-BRDF,4,G2,10.0
77,0,0.95,143.031,233.38618,61.285122,49.83039855957031,75.01508331298828,91.3907284768212,138,2014-09-12,2014-09-15,2014-09-13 12:00:00,1.0364565641983696,observed,Ormoc City,City/municipality,Reliability-qualified DNB-BRDF,4,G2,10.0
78,0,0.95,,,,,,0.0,0,2014-09-16,2014-09-19,2014-09-17 12:00:00,,not observable,Ormoc City,City/municipality,Reliability-qualified DNB-BRDF,4,G2,10.0
79,0,0.95,294.43512,251.03362,117.289116,94.26434326171875,144.2611541748047,100.0,151,2014-09-20,2014-09-23,2014-09-21 12:00:00,1.9499014544960678,observed,Ormoc City,City/municipality,Reliability-qualified DNB-BRDF,4,G2,10.0
80,0,0.95,43.108604,50.0243,86.17532,63.23873519897461,118.0877456665039,48.34437086092715,73,2014-09-24,2014-09-27,2014-09-25 12:00:00,0.5905288278240047,observed,Ormoc City,City/municipality,Reliability-qualified DNB-BRDF,4,G2,10.0
81,0,0.95,17.29856,25.055761,69.040245,52.474159240722656,99.26957702636719,18.543046357615893,28,2014-09-28,2014-10-01,2014-09-29 12:00:00,0.6178056853158134,observed,Ormoc City,City/municipality,Reliability-qualified DNB-BRDF,4,G2,10.0
82,0,0.95,,,,,,0.0,0,2014-10-02,2014-10-05,2014-10-03 12:00:00,,not observable,Ormoc City,City/municipality,Reliability-qualified DNB-BRDF,4,G2,10.0
83,0,0.95,33.13411,63.823685,51.915066,45.502342224121094,62.945011138916016,15.2317880794702,23,2014-10-06,2014-10-09,2014-10-07 12:00:00,1.4406134563943613,observed,Ormoc City,City/municipality,Reliability-qualified DNB-BRDF,4,G2,10.0
84,0,0.95,167.88278,248.49297,67.56037,54.26380157470703,83.1786880493164,99.33774834437087,150,2014-10-10,2014-10-13,2014-10-11 12:00:00,1.1192185465494793,observed,Ormoc City,City/municipality,Reliability-qualified DNB-BRDF,4,G2,10.0
85,0,0.95,82.54353,145.35541,56.787384,46.10245895385742,71.98006439208984,63.57615894039735,96,2014-10-14,2014-10-17,2014-10-15 12:00:00,0.8598284721374512,observed,Ormoc City,City/municipality,Reliability-qualified DNB-BRDF,4,G2,10.0
86,0,0.95,225.75836,251.03362,89.931526,72.27725982666016,110.61235809326172,100.0,151,2014-10-18,2014-10-21,2014-10-19 12:00:00,1.4950884888503726,observed,Ormoc City,City/municipality,Reliability-qualified DNB-BRDF,4,G2,10.0
87,0,0.95,312.3882,244.67096,127.67687,102.8211669921875,157.50506591796875,98.67549668874172,149,2014-10-22,2014-10-25,2014-10-23 12:00:00,2.0965651953780413,observed,Ormoc City,City/municipality,Reliability-qualified DNB-BRDF,4,G2,10.0
88,0,0.95,76.199234,88.60482,85.99897,64.32256317138672,115.0969467163086,66.88741721854305,101,2014-10-26,2014-10-29,2014-10-27 12:00:00,0.754447861473159,observed,Ormoc City,City/municipality,Reliability-qualified DNB-BRDF,4,G2,10.0
89,0,0.95,335.36237,245.70284,136.49106,109.44963073730469,167.55308532714844,98.01324503311258,148,2014-10-30,2014-11-02,2014-10-31 12:00:00,2.2659619305584884,observed,Ormoc City,City/municipality,Reliability-qualified DNB-BRDF,4,G2,10.0
90,0,0.95,148.55595,204.74234,72.55752,58.02485656738281,88.32420349121094,74.17218543046357,112,2014-11-03,2014-11-06,2014-11-04 12:00:00,1.326392446245466,observed,Ormoc City,City/municipality,Reliability-qualified DNB-BRDF,4,G2,10.0
-45,0,0.95,102.44741,54.829136,186.8485,147.9606170654297,237.60049438476562,100.0,66,2013-05-12,2013-05-15,2013-05-13 12:00:00,1.5522334936893347,observed,Baybay City,City/municipality,Reliability-qualified DNB-BRDF,4,G2,10.0
-44,0,0.95,74.375374,54.829136,135.64937,107.41732788085938,172.49461364746094,100.0,66,2013-05-16,2013-05-19,2013-05-17 12:00:00,1.1268996036413945,observed,Baybay City,City/municipality,Reliability-qualified DNB-BRDF,4,G2,10.0
-43,0,0.95,54.834564,54.829136,100.0099,79.19532775878906,127.17471313476562,100.0,66,2013-05-20,2013-05-23,2013-05-21 12:00:00,0.8308267304391572,observed,Baybay City,City/municipality,Reliability-qualified DNB-BRDF,4,G2,10.0
-42,0,0.95,34.66426,52.851532,65.588,52.734249114990234,83.80455780029297,98.48484848484848,65,2013-05-24,2013-05-27,2013-05-25 12:00:00,0.5332963209885817,observed,Baybay City,City/municipality,Reliability-qualified DNB-BRDF,4,G2,10.0
-41,0,0.95,62.741425,31.655767,198.19904,162.80148315429688,248.29307556152344,39.39393939393939,26,2013-05-28,2013-05-31,2013-05-29 12:00:00,2.4131317138671875,observed,Baybay City,City/municipality,Reliability-qualified DNB-BRDF,4,G2,10.0
-40,0,0.95,68.05479,49.290245,138.06947,110.28768920898438,174.85743713378906,90.9090909090909,60,2013-06-01,2013-06-04,2013-06-02 12:00:00,1.1342464447021485,observed,Baybay City,City/municipality,Reliability-qualified DNB-BRDF,4,G2,10.0
-39,0,0.95,,,,,,0.0,0,2013-06-05,2013-06-08,2013-06-06 12:00:00,,not observable,Baybay City,City/municipality,Reliability-qualified DNB-BRDF,4,G2,10.0
-38,0,0.95,,,,,,0.0,0,2013-06-09,2013-06-12,2013-06-10 12:00:00,,not observable,Baybay City,City/municipality,Reliability-qualified DNB-BRDF,4,G2,10.0
-37,0,0.95,3.8998413,2.9299886,133.1009,91.43141174316406,171.80380249023438,12.121212121212121,8,2013-06-13,2013-06-16,2013-06-14 12:00:00,0.48748016357421875,observed,Baybay City,City/municipality,Reliability-qualified DNB-BRDF,4,G2,10.0
-36,0,0.95,,,,,,0.0,0,2013-06-17,2013-06-20,2013-06-18 12:00:00,,not observable,Baybay City,City/municipality,Reliability-qualified DNB-BRDF,4,G2,10.0
-35,0,0.95,14.373417,42.1601,34.092464,27.40526580810547,44.23546600341797,72.72727272727273,48,2013-06-21,2013-06-24,2013-06-22 12:00:00,0.29944618542989093,observed,Baybay City,City/municipality,Reliability-qualified DNB-BRDF,4,G2,10.0
-34,0,0.95,,,,,,0.0,0,2013-06-25,2013-06-28,2013-06-26 12:00:00,,not observable,Baybay City,City/municipality,Reliability-qualified DNB-BRDF,4,G2,10.0
-33,0,0.95,51.221603,53.90505,95.021904,75.20034790039062,121.3049087524414,98.48484848484848,65,2013-06-29,2013-07-02,2013-06-30 12:00:00,0.788024667593149,observed,Baybay City,City/municipality,Reliability-qualified DNB-BRDF,4,G2,10.0
-32,0,0.95,3.574729,3.868006,92.41788,65.18951416015625,116.28479766845703,16.666666666666668,11,2013-07-03,2013-07-06,2013-07-04 12:00:00,0.3249753605235707,observed,Baybay City,City/municipality,Reliability-qualified DNB-BRDF,4,G2,10.0
-31,0,0.95,66.42539,54.829136,121.1498,95.93548583984375,154.05665588378906,100.0,66,2013-07-07,2013-07-10,2013-07-08 12:00:00,1.0064453356193774,observed,Baybay City,City/municipality,Reliability-qualified DNB-BRDF,4,G2,10.0
-30,0,0.95,,,,,,0.0,0,2013-07-11,2013-07-14,2013-07-12 12:00:00,,not observable,Baybay City,City/municipality,Reliability-qualified DNB-BRDF,4,G2,10.0
-29,0,0.95,94.132904,54.829136,171.68408,135.9523162841797,218.31712341308594,100.0,66,2013-07-15,2013-07-18,2013-07-16 12:00:00,1.426256122011127,observed,Baybay City,City/municipality,Reliability-qualified DNB-BRDF,4,G2,10.0
-28,0,0.95,12.056095,23.883638,50.47847,41.72459030151367,65.07540893554688,34.84848484848485,23,2013-07-19,2013-07-22,2013-07-20 12:00:00,0.5241780488387399,observed,Baybay City,City/municipality,Reliability-qualified DNB-BRDF,4,G2,10.0
-27,0,0.95,,,,,,6.0606060606060606,4,2013-07-23,2013-07-26,2013-07-24 12:00:00,,not observable,Baybay City,City/municipality,Reliability-qualified DNB-BRDF,4,G2,10.0
-26,0,0.95,,,,,,0.0,0,2013-07-27,2013-07-30,2013-07-28 12:00:00,,not observable,Baybay City,City/municipality,Reliability-qualified DNB-BRDF,4,G2,10.0
-25,0,0.95,,,,,,0.0,0,2013-07-31,2013-08-03,2013-08-01 12:00:00,,not observable,Baybay City,City/municipality,Reliability-qualified DNB-BRDF,4,G2,10.0
-24,0,0.95,,,,,,0.0,0,2013-08-04,2013-08-07,2013-08-05 12:00:00,,not observable,Baybay City,City/municipality,Reliability-qualified DNB-BRDF,4,G2,10.0
-23,0,0.95,,,,,,0.0,0,2013-08-08,2013-08-11,2013-08-09 12:00:00,,not observable,Baybay City,City/municipality,Reliability-qualified DNB-BRDF,4,G2,10.0
-22,0,0.95,,,,,,0.0,0,2013-08-12,2013-08-15,2013-08-13 12:00:00,,not observable,Baybay City,City/municipality,Reliability-qualified DNB-BRDF,4,G2,10.0
-21,0,0.95,,,,,,0.0,0,2013-08-16,2013-08-19,2013-08-17 12:00:00,,not observable,Baybay City,City/municipality,Reliability-qualified DNB-BRDF,4,G2,10.0
-20,0,0.95,,,,,,0.0,0,2013-08-20,2013-08-23,2013-08-21 12:00:00,,not observable,Baybay City,City/municipality,Reliability-qualified DNB-BRDF,4,G2,10.0
-19,0,0.95,36.206627,47.984734,75.45447,59.493621826171875,96.4415054321289,86.36363636363636,57,2013-08-24,2013-08-27,2013-08-25 12:00:00,0.6352039805629797,observed,Baybay City,City/municipality,Reliability-qualified DNB-BRDF,4,G2,10.0
-18,0,0.95,62.11305,54.829136,113.284744,89.70734405517578,144.05528259277344,100.0,66,2013-08-28,2013-08-31,2013-08-29 12:00:00,0.9411067962646484,observed,Baybay City,City/municipality,Reliability-qualified DNB-BRDF,4,G2,10.0
-17,0,0.95,58.87178,54.829136,107.37317,85.02611541748047,136.53799438476562,100.0,66,2013-09-01,2013-09-04,2013-09-02 12:00:00,0.8919966726592092,observed,Baybay City,City/municipality,Reliability-qualified DNB-BRDF,4,G2,10.0
-16,0,0.95,6.918805,6.865705,100.77341,73.33314514160156,130.1167755126953,22.727272727272727,15,2013-09-05,2013-09-08,2013-09-06 12:00:00,0.46125367482503254,observed,Baybay City,City/municipality,Reliability-qualified DNB-BRDF,4,G2,10.0
-15,0,0.95,6.355342,5.6449594,112.584366,84.99632263183594,150.7259979248047,18.181818181818183,12,2013-09-09,2013-09-12,2013-09-10 12:00:00,0.5296118259429932,observed,Baybay City,City/municipality,Reliability-qualified DNB-BRDF,4,G2,10.0
-14,0,0.95,56.0082,54.39195,102.9715,81.53826141357422,131.17079162597656,98.48484848484848,65,2013-09-13,2013-09-16,2013-09-14 12:00:00,0.8616646399864784,observed,Baybay City,City/municipality,Reliability-qualified DNB-BRDF,4,G2,10.0
-13,0,0.95,,,,,,0.0,0,2013-09-17,2013-09-20,2013-09-18 12:00:00,,not observable,Baybay City,City/municipality,Reliability-qualified DNB-BRDF,4,G2,10.0
-12,0,0.95,,,,,,0.0,0,2013-09-21,2013-09-24,2013-09-22 12:00:00,,not observable,Baybay City,City/municipality,Reliability-qualified DNB-BRDF,4,G2,10.0
-11,0,0.95,,,,,,0.0,0,2013-09-25,2013-09-28,2013-09-26 12:00:00,,not observable,Baybay City,City/municipality,Reliability-qualified DNB-BRDF,4,G2,10.0
-10,0,0.95,,,,,,0.0,0,2013-09-29,2013-10-02,2013-09-30 12:00:00,,not observable,Baybay City,City/municipality,Reliability-qualified DNB-BRDF,4,G2,10.0
-9,0,0.95,18.33732,17.078384,107.37152,82.15409851074219,139.49322509765625,54.54545454545455,36,2013-10-03,2013-10-06,2013-10-04 12:00:00,0.5093700091044108,observed,Baybay City,City/municipality,Reliability-qualified DNB-BRDF,4,G2,10.0
-8,0,0.95,68.94338,54.829136,125.74224,99.5721206665039,159.89649963378906,100.0,66,2013-10-07,2013-10-10,2013-10-08 12:00:00,1.0445967009573272,observed,Baybay City,City/municipality,Reliability-qualified DNB-BRDF,4,G2,10.0
-7,0,0.95,55.53418,54.829136,101.2859,80.20574951171875,128.7972869873047,100.0,66,2013-10-11,2013-10-14,2013-10-12 12:00:00,0.8414269649621212,observed,Baybay City,City/municipality,Reliability-qualified DNB-BRDF,4,G2,10.0
-6,0,0.95,51.18064,54.829136,93.345695,73.9181137084961,118.70036315917969,100.0,66,2013-10-15,2013-10-18,2013-10-16 12:00:00,0.7754642602169153,observed,Baybay City,City/municipality,Reliability-qualified DNB-BRDF,4,G2,10.0
-5,0,0.95,,,,,,0.0,0,2013-10-19,2013-10-22,2013-10-20 12:00:00,,not observable,Baybay City,City/municipality,Reliability-qualified DNB-BRDF,4,G2,10.0
-4,0,0.95,,,,,,0.0,0,2013-10-23,2013-10-26,2013-10-24 12:00:00,,not observable,Baybay City,City/municipality,Reliability-qualified DNB-BRDF,4,G2,10.0
-3,0,0.95,63.624992,53.304073,119.36234,94.13311004638672,152.5602569580078,96.96969696969697,64,2013-10-27,2013-10-30,2013-10-28 12:00:00,0.9941405057907104,observed,Baybay City,City/municipality,Reliability-qualified DNB-BRDF,4,G2,10.0
-2,0,0.95,43.588028,54.829136,79.49793,62.95241165161133,101.09124755859375,100.0,66,2013-10-31,2013-11-03,2013-11-01 12:00:00,0.6604246659712358,observed,Baybay City,City/municipality,Reliability-qualified DNB-BRDF,4,G2,10.0
-1,0,0.95,,,,,,4.545454545454546,3,2013-11-04,2013-11-07,2013-11-05 12:00:00,,not observable,Baybay City,City/municipality,Reliability-qualified DNB-BRDF,4,G2,10.0
0,0,0.95,9.886642,54.829136,18.03173,14.278874397277832,22.92953109741211,100.0,66,2013-11-08,2013-11-11,2013-11-09 12:00:00,0.14979761297052557,observed,Baybay City,City/municipality,Reliability-qualified DNB-BRDF,4,G2,10.0
1,0,0.95,8.744419,54.829136,15.948489,12.629207611083984,20.280437469482422,100.0,66,2013-11-12,2013-11-15,2013-11-13 12:00:00,0.13249119845303622,observed,Baybay City,City/municipality,Reliability-qualified DNB-BRDF,4,G2,10.0
2,0,0.95,5.763844,50.797104,11.346796,8.967316627502441,14.64208984375,98.48484848484848,65,2013-11-16,2013-11-19,2013-11-17 12:00:00,0.08867452328021709,observed,Baybay City,City/municipality,Reliability-qualified DNB-BRDF,4,G2,10.0
3,0,0.95,,,,,,0.0,0,2013-11-20,2013-11-23,2013-11-21 12:00:00,,not observable,Baybay City,City/municipality,Reliability-qualified DNB-BRDF,4,G2,10.0
4,0,0.95,2.1465025,5.633921,38.09962,27.70706558227539,49.266292572021484,18.181818181818183,12,2013-11-24,2013-11-27,2013-11-25 12:00:00,0.17887520790100098,observed,Baybay City,City/municipality,Reliability-qualified DNB-BRDF,4,G2,10.0
5,0,0.95,24.8668,50.797104,48.953182,38.68745422363281,63.16998291015625,98.48484848484848,65,2013-11-28,2013-12-01,2013-11-29 12:00:00,0.382566158588116,observed,Baybay City,City/municipality,Reliability-qualified DNB-BRDF,4,G2,10.0
6,0,0.95,33.508453,54.829136,61.11432,48.39488983154297,77.7142562866211,100.0,66,2013-12-02,2013-12-05,2013-12-03 12:00:00,0.507703838926373,observed,Baybay City,City/municipality,Reliability-qualified DNB-BRDF,4,G2,10.0
7,0,0.95,8.276737,16.410877,50.43446,37.93159866333008,63.04922103881836,39.39393939393939,26,2013-12-06,2013-12-09,2013-12-07 12:00:00,0.3183360466590294,observed,Baybay City,City/municipality,Reliability-qualified DNB-BRDF,4,G2,10.0
8,0,0.95,22.574423,37.687035,59.899708,46.895381927490234,74.817626953125,65.15151515151516,43,2013-12-10,2013-12-13,2013-12-11 12:00:00,0.5249865775884583,observed,Baybay City,City/municipality,Reliability-qualified DNB-BRDF,4,G2,10.0
9,0,0.95,25.756744,27.166172,94.81182,76.56269836425781,117.14295196533203,43.93939393939394,29,2013-12-14,2013-12-17,2013-12-15 12:00:00,0.8881635994746767,observed,Baybay City,City/municipality,Reliability-qualified DNB-BRDF,4,G2,10.0
10,0,0.95,,,,,,0.0,0,2013-12-18,2013-12-21,2013-12-19 12:00:00,,not observable,Baybay City,City/municipality,Reliability-qualified DNB-BRDF,4,G2,10.0
11,0,0.95,49.318493,31.908888,154.56036,123.09840393066406,196.4118194580078,74.24242424242425,49,2013-12-22,2013-12-25,2013-12-23 12:00:00,1.006499854885802,observed,Baybay City,City/municipality,Reliability-qualified DNB-BRDF,4,G2,10.0
12,0,0.95,49.888054,51.337444,97.176735,78.14686584472656,123.95813751220703,96.96969696969697,64,2013-12-26,2013-12-29,2013-12-27 12:00:00,0.7795008420944214,observed,Baybay City,City/municipality,Reliability-qualified DNB-BRDF,4,G2,10.0
13,0,0.95,16.93466,39.149868,43.25598,33.375240325927734,56.64918518066406,89.39393939393939,59,2013-12-30,2014-01-02,2013-12-31 12:00:00,0.28702813487941936,observed,Baybay City,City/municipality,Reliability-qualified DNB-BRDF,4,G2,10.0
14,0,0.95,37.047337,49.195213,75.30679,60.24689865112305,95.57996368408203,81.81818181818181,54,2014-01-03,2014-01-06,2014-01-04 12:00:00,0.6860617884883174,observed,Baybay City,City/municipality,Reliability-qualified DNB-BRDF,4,G2,10.0
15,0,0.95,,,,,,0.0,0,2014-01-07,2014-01-10,2014-01-08 12:00:00,,not observable,Baybay City,City/municipality,Reliability-qualified DNB-BRDF,4,G2,10.0
16,0,0.95,,,,,,0.0,0,2014-01-11,2014-01-14,2014-01-12 12:00:00,,not observable,Baybay City,City/municipality,Reliability-qualified DNB-BRDF,4,G2,10.0
17,0,0.95,,,,,,0.0,0,2014-01-15,2014-01-18,2014-01-16 12:00:00,,not observable,Baybay City,City/municipality,Reliability-qualified DNB-BRDF,4,G2,10.0
18,0,0.95,,,,,,0.0,0,2014-01-19,2014-01-22,2014-01-20 12:00:00,,not observable,Baybay City,City/municipality,Reliability-qualified DNB-BRDF,4,G2,10.0
19,0,0.95,66.97521,54.829136,122.15259,96.72956848144531,155.33181762695312,100.0,66,2014-01-23,2014-01-26,2014-01-24 12:00:00,1.0147759408661814,observed,Baybay City,City/municipality,Reliability-qualified DNB-BRDF,4,G2,10.0
20,0,0.95,42.23235,54.829136,77.025375,60.99446105957031,97.94709777832031,100.0,66,2014-01-27,2014-01-30,2014-01-28 12:00:00,0.6398840817538175,observed,Baybay City,City/municipality,Reliability-qualified DNB-BRDF,4,G2,10.0
21,0,0.95,40.459938,54.829136,73.79277,58.43463897705078,93.8364486694336,100.0,66,2014-01-31,2014-02-03,2014-02-01 12:00:00,0.6130293643835819,observed,Baybay City,City/municipality,Reliability-qualified DNB-BRDF,4,G2,10.0
22,0,0.95,68.210655,54.829136,124.40585,98.51387023925781,158.19711303710938,100.0,66,2014-02-04,2014-02-07,2014-02-05 12:00:00,1.03349477594549,observed,Baybay City,City/municipality,Reliability-qualified DNB-BRDF,4,G2,10.0
23,0,0.95,32.641052,41.767143,78.15007,62.25218200683594,98.70731353759766,63.63636363636363,42,2014-02-08,2014-02-11,2014-02-09 12:00:00,0.7771679106212798,observed,Baybay City,City/municipality,Reliability-qualified DNB-BRDF,4,G2,10.0
24,0,0.95,15.764875,52.851532,29.828606,23.98288345336914,38.11327362060547,98.48484848484848,65,2014-02-12,2014-02-15,2014-02-13 12:00:00,0.2425365447998047,observed,Baybay City,City/municipality,Reliability-qualified DNB-BRDF,4,G2,10.0
25,0,0.95,23.308577,54.829136,42.511295,33.66362762451172,54.058265686035156,100.0,66,2014-02-16,2014-02-19,2014-02-17 12:00:00,0.353160251270641,observed,Baybay City,City/municipality,Reliability-qualified DNB-BRDF,4,G2,10.0
26,0,0.95,51.06792,49.47601,103.21754,81.41602325439453,129.44110107421875,95.45454545454545,63,2014-02-20,2014-02-23,2014-02-21 12:00:00,0.8106019156319755,observed,Baybay City,City/municipality,Reliability-qualified DNB-BRDF,4,G2,10.0
27,0,0.95,77.574425,54.829136,141.48395,112.03758239746094,179.91397094726562,100.0,66,2014-02-24,2014-02-27,2014-02-25 12:00:00,1.1753700718735203,observed,Baybay City,City/municipality,Reliability-qualified DNB-BRDF,4,G2,10.0
28,0,0.95,54.213512,54.829136,98.87719,78.2983627319336,125.73432922363281,100.0,66,2014-02-28,2014-03-03,2014-03-01 12:00:00,0.8214168548583984,observed,Baybay City,City/municipality,Reliability-qualified DNB-BRDF,4,G2,10.0
29,0,0.95,65.946686,54.829136,120.27672,95.24411010742188,152.94642639160156,100.0,66,2014-03-04,2014-03-07,2014-03-05 12:00:00,0.9991922089547822,observed,Baybay City,City/municipality,Reliability-qualified DNB-BRDF,4,G2,10.0
30,0,0.95,66.25242,54.829136,120.83433,95.6856689453125,153.65548706054688,100.0,66,2014-03-08,2014-03-11,2014-03-09 12:00:00,1.003824523001006,observed,Baybay City,City/municipality,Reliability-qualified DNB-BRDF,4,G2,10.0
31,0,0.95,,,,,,3.0303030303030303,2,2014-03-12,2014-03-15,2014-03-13 12:00:00,,not observable,Baybay City,City/municipality,Reliability-qualified DNB-BRDF,4,G2,10.0
32,0,0.95,28.506693,53.289577,53.493935,42.236080169677734,67.58097076416016,98.48484848484848,65,2014-03-16,2014-03-19,2014-03-17 12:00:00,0.43856450594388524,observed,Baybay City,City/municipality,Reliability-qualified DNB-BRDF,4,G2,10.0
33,0,0.95,,,,,,0.0,0,2014-03-20,2014-03-23,2014-03-21 12:00:00,,not observable,Baybay City,City/municipality,Reliability-qualified DNB-BRDF,4,G2,10.0
34,0,0.95,56.129272,54.829136,102.371254,81.06522369384766,130.1774444580078,100.0,66,2014-03-24,2014-03-27,2014-03-25 12:00:00,0.8504435221354166,observed,Baybay City,City/municipality,Reliability-qualified DNB-BRDF,4,G2,10.0
35,0,0.95,88.35247,54.829136,161.14146,127.60387420654297,204.910888671875,100.0,66,2014-03-28,2014-03-31,2014-03-29 12:00:00,1.3386737939083215,observed,Baybay City,City/municipality,Reliability-qualified DNB-BRDF,4,G2,10.0
36,0,0.95,68.05321,54.829136,124.1187,98.2864761352539,157.8319549560547,100.0,66,2014-04-01,2014-04-04,2014-04-02 12:00:00,1.0311092029918323,observed,Baybay City,City/municipality,Reliability-qualified DNB-BRDF,4,G2,10.0
37,0,0.95,91.97736,54.829136,167.75272,132.8391571044922,213.31790161132812,100.0,66,2014-04-05,2014-04-08,2014-04-06 12:00:00,1.3935964179761482,observed,Baybay City,City/municipality,Reliability-qualified DNB-BRDF,4,G2,10.0
38,0,0.95,10.540321,8.673204,121.52741,88.11223602294922,158.8685302734375,30.303030303030305,20,2014-04-09,2014-04-12,2014-04-10 12:00:00,0.5270160675048828,observed,Baybay City,City/municipality,Reliability-qualified DNB-BRDF,4,G2,10.0
39,0,0.95,,,,,,0.0,0,2014-04-13,2014-04-16,2014-04-14 12:00:00,,not observable,Baybay City,City/municipality,Reliability-qualified DNB-BRDF,4,G2,10.0
40,0,0.95,24.318813,46.379883,52.433968,42.02901840209961,67.90137481689453,93.93939393939394,62,2014-04-17,2014-04-20,2014-04-18 12:00:00,0.3922389245802356,observed,Baybay City,City/municipality,Reliability-qualified DNB-BRDF,4,G2,10.0
41,0,0.95,69.18034,54.829136,126.174416,99.91434478759766,160.44606018066406,100.0,66,2014-04-21,2014-04-24,2014-04-22 12:00:00,1.0481870246656013,observed,Baybay City,City/municipality,Reliability-qualified DNB-BRDF,4,G2,10.0
42,0,0.95,83.69918,54.829136,152.65457,120.88331604003906,194.1187744140625,100.0,66,2014-04-25,2014-04-28,2014-04-26 12:00:00,1.2681694030761719,observed,Baybay City,City/municipality,Reliability-qualified DNB-BRDF,4,G2,10.0
43,0,0.95,90.62914,54.829136,165.29376,130.8919677734375,210.1910400390625,100.0,66,2014-04-29,2014-05-02,2014-04-30 12:00:00,1.3731688297156133,observed,Baybay City,City/municipality,Reliability-qualified DNB-BRDF,4,G2,10.0
44,0,0.95,57.973034,54.829136,105.733986,83.72808837890625,134.45358276367188,100.0,66,2014-05-03,2014-05-06,2014-05-04 12:00:00,0.878379301591353,observed,Baybay City,City/municipality,Reliability-qualified DNB-BRDF,4,G2,10.0
45,0,0.95,81.21804,54.829136,148.12935,117.29991149902344,188.36441040039062,100.0,66,2014-05-07,2014-05-10,2014-05-08 12:00:00,1.2305763707016453,observed,Baybay City,City/municipality,Reliability-qualified DNB-BRDF,4,G2,10.0
46,0,0.95,52.25733,54.829136,95.309425,75.47313690185547,121.19747924804688,100.0,66,2014-05-11,2014-05-14,2014-05-12 12:00:00,0.7917777552749171,observed,Baybay City,City/municipality,Reliability-qualified DNB-BRDF,4,G2,10.0
47,0,0.95,47.30338,53.39296,88.59479,69.98925018310547,112.2396469116211,98.48484848484848,65,2014-05-15,2014-05-18,2014-05-16 12:00:00,0.7277442932128906,observed,Baybay City,City/municipality,Reliability-qualified DNB-BRDF,4,G2,10.0
48,0,0.95,58.535904,54.829136,106.76058,84.541015625,135.75901794433594,100.0,66,2014-05-19,2014-05-22,2014-05-20 12:00:00,0.8869076353130918,observed,Baybay City,City/municipality,Reliability-qualified DNB-BRDF,4,G2,10.0
49,0,0.95,105.36026,54.829136,192.16109,152.16754150390625,244.35610961914062,100.0,66,2014-05-23,2014-05-26,2014-05-24 12:00:00,1.5963675759055398,observed,Baybay City,City/municipality,Reliability-qualified DNB-BRDF,4,G2,10.0
50,0,0.95,50.54567,27.340036,184.87784,145.49610900878906,247.22976684570312,63.63636363636363,42,2014-05-27,2014-05-30,2014-05-28 12:00:00,1.2034683227539062,observed,Baybay City,City/municipality,Reliability-qualified DNB-BRDF,4,G2,10.0
51,0,0.95,82.101875,54.829136,149.74133,118.5763931274414,190.41424560546875,100.0,66,2014-05-31,2014-06-03,2014-06-01 12:00:00,1.2439678076541785,observed,Baybay City,City/municipality,Reliability-qualified DNB-BRDF,4,G2,10.0
52,0,0.95,59.95076,54.829136,109.341064,86.58444213867188,139.04042053222656,100.0,66,2014-06-04,2014-06-07,2014-06-05 12:00:00,0.9083448467832623,observed,Baybay City,City/municipality,Reliability-qualified DNB-BRDF,4,G2,10.0
53,0,0.95,,,,,,0.0,0,2014-06-08,2014-06-11,2014-06-09 12:00:00,,not observable,Baybay City,City/municipality,Reliability-qualified DNB-BRDF,4,G2,10.0
54,0,0.95,,,,,,0.0,0,2014-06-12,2014-06-15,2014-06-13 12:00:00,,not observable,Baybay City,City/municipality,Reliability-qualified DNB-BRDF,4,G2,10.0
55,0,0.95,37.131184,53.825695,68.98412,54.617313385009766,87.7923355102539,98.48484848484848,65,2014-06-16,2014-06-19,2014-06-17 12:00:00,0.5712489788348858,observed,Baybay City,City/municipality,Reliability-qualified DNB-BRDF,4,G2,10.0
56,0,0.95,43.905655,42.744987,102.71533,82.26848602294922,130.2727813720703,80.3030303030303,53,2014-06-20,2014-06-23,2014-06-21 12:00:00,0.8284085831552181,observed,Baybay City,City/municipality,Reliability-qualified DNB-BRDF,4,G2,10.0
57,0,0.95,6.9736185,5.3043475,131.46986,85.81656646728516,172.1774444580078,21.21212121212121,14,2014-06-24,2014-06-27,2014-06-25 12:00:00,0.49811560767037527,observed,Baybay City,City/municipality,Reliability-qualified DNB-BRDF,4,G2,10.0
58,0,0.95,50.67724,54.829136,92.42757,73.19107055664062,117.53285217285156,100.0,66,2014-06-28,2014-07-01,2014-06-29 12:00:00,0.7678369464296283,observed,Baybay City,City/municipality,Reliability-qualified DNB-BRDF,4,G2,10.0
59,0,0.95,,,,,,0.0,0,2014-07-02,2014-07-05,2014-07-03 12:00:00,,not observable,Baybay City,City/municipality,Reliability-qualified DNB-BRDF,4,G2,10.0
60,0,0.95,,,,,,0.0,0,2014-07-06,2014-07-09,2014-07-07 12:00:00,,not observable,Baybay City,City/municipality,Reliability-qualified DNB-BRDF,4,G2,10.0
61,0,0.95,34.167446,54.829136,62.316223,49.346649169921875,79.24263000488281,100.0,66,2014-07-10,2014-07-13,2014-07-11 12:00:00,0.5176885778253729,observed,Baybay City,City/municipality,Reliability-qualified DNB-BRDF,4,G2,10.0
62,0,0.95,55.412334,54.07303,102.476845,81.45248413085938,130.2339324951172,96.96969696969697,64,2014-07-14,2014-07-17,2014-07-15 12:00:00,0.8658177256584167,observed,Baybay City,City/municipality,Reliability-qualified DNB-BRDF,4,G2,10.0
63,0,0.95,,,,,,0.0,0,2014-07-18,2014-07-21,2014-07-19 12:00:00,,not observable,Baybay City,City/municipality,Reliability-qualified DNB-BRDF,4,G2,10.0
64,0,0.95,,,,,,0.0,0,2014-07-22,2014-07-25,2014-07-23 12:00:00,,not observable,Baybay City,City/municipality,Reliability-qualified DNB-BRDF,4,G2,10.0
65,0,0.95,,,,,,0.0,0,2014-07-26,2014-07-29,2014-07-27 12:00:00,,not observable,Baybay City,City/municipality,Reliability-qualified DNB-BRDF,4,G2,10.0
66,0,0.95,,,,,,0.0,0,2014-07-30,2014-08-02,2014-07-31 12:00:00,,not observable,Baybay City,City/municipality,Reliability-qualified DNB-BRDF,4,G2,10.0
67,0,0.95,67.20795,53.46786,125.697845,99.4739761352539,160.75889587402344,96.96969696969697,64,2014-08-03,2014-08-06,2014-08-04 12:00:00,1.050124168395996,observed,Baybay City,City/municipality,Reliability-qualified DNB-BRDF,4,G2,10.0
68,0,0.95,24.068642,54.829136,43.89754,34.76136016845703,55.821041107177734,100.0,66,2014-08-07,2014-08-10,2014-08-08 12:00:00,0.36467638882723724,observed,Baybay City,City/municipality,Reliability-qualified DNB-BRDF,4,G2,10.0
69,0,0.95,,,,,,4.545454545454546,3,2014-08-11,2014-08-14,2014-08-12 12:00:00,,not observable,Baybay City,City/municipality,Reliability-qualified DNB-BRDF,4,G2,10.0
70,0,0.95,54.682766,54.13538,101.01114,80.40882110595703,128.66757202148438,98.48484848484848,65,2014-08-15,2014-08-18,2014-08-16 12:00:00,0.8412733224722055,observed,Baybay City,City/municipality,Reliability-qualified DNB-BRDF,4,G2,10.0
71,0,0.95,88.68533,48.10526,184.35683,145.83529663085938,232.41371154785156,90.9090909090909,60,2014-08-19,2014-08-22,2014-08-20 12:00:00,1.4780888875325522,observed,Baybay City,City/municipality,Reliability-qualified DNB-BRDF,4,G2,10.0
72,0,0.95,15.254454,9.257885,164.77255,122.931640625,217.91033935546875,30.303030303030305,20,2014-08-23,2014-08-26,2014-08-24 12:00:00,0.7627226829528808,observed,Baybay City,City/municipality,Reliability-qualified DNB-BRDF,4,G2,10.0
73,0,0.95,,,,,,0.0,0,2014-08-27,2014-08-30,2014-08-28 12:00:00,,not observable,Baybay City,City/municipality,Reliability-qualified DNB-BRDF,4,G2,10.0
74,0,0.95,,,,,,0.0,0,2014-08-31,2014-09-03,2014-09-01 12:00:00,,not observable,Baybay City,City/municipality,Reliability-qualified DNB-BRDF,4,G2,10.0
75,0,0.95,26.617313,20.675943,128.73567,101.50037384033203,152.62855529785156,22.727272727272727,15,2014-09-04,2014-09-07,2014-09-05 12:00:00,1.774487559000651,observed,Baybay City,City/municipality,Reliability-qualified DNB-BRDF,4,G2,10.0
76,0,0.95,21.25389,48.150787,44.140274,34.50876998901367,56.21308517456055,90.9090909090909,60,2014-09-08,2014-09-11,2014-09-09 12:00:00,0.35423148473103844,observed,Baybay City,City/municipality,Reliability-qualified DNB-BRDF,4,G2,10.0
77,0,0.95,38.17137,47.74164,79.95405,63.93354797363281,101.22477722167969,80.3030303030303,53,2014-09-12,2014-09-15,2014-09-13 12:00:00,0.7202145558483196,observed,Baybay City,City/municipality,Reliability-qualified DNB-BRDF,4,G2,10.0
78,0,0.95,34.29419,35.69121,96.08581,75.00165557861328,122.42400360107422,71.21212121212122,47,2014-09-16,2014-09-19,2014-09-17 12:00:00,0.7296636053856383,observed,Baybay City,City/municipality,Reliability-qualified DNB-BRDF,4,G2,10.0
79,0,0.95,96.59415,54.829136,176.17303,139.50698852539062,224.02536010742188,100.0,66,2014-09-20,2014-09-23,2014-09-21 12:00:00,1.4635476777047822,observed,Baybay City,City/municipality,Reliability-qualified DNB-BRDF,4,G2,10.0
80,0,0.95,32.190807,18.650648,172.59888,128.79930114746094,225.98509216308594,59.09090909090909,39,2014-09-24,2014-09-27,2014-09-25 12:00:00,0.8254053164751102,observed,Baybay City,City/municipality,Reliability-qualified DNB-BRDF,4,G2,10.0
81,0,0.95,4.1959615,5.621139,74.64611,55.62018966674805,102.81988525390625,16.666666666666668,11,2014-09-28,2014-10-01,2014-09-29 12:00:00,0.381451043215665,observed,Baybay City,City/municipality,Reliability-qualified DNB-BRDF,4,G2,10.0
82,0,0.95,,,,,,0.0,0,2014-10-02,2014-10-05,2014-10-03 12:00:00,,not observable,Baybay City,City/municipality,Reliability-qualified DNB-BRDF,4,G2,10.0
83,0,0.95,,,,,,4.545454545454546,3,2014-10-06,2014-10-09,2014-10-07 12:00:00,,not observable,Baybay City,City/municipality,Reliability-qualified DNB-BRDF,4,G2,10.0
84,0,0.95,40.32037,54.829136,73.538216,58.23306655883789,93.51275634765625,100.0,66,2014-10-10,2014-10-13,2014-10-11 12:00:00,0.610914692734227,observed,Baybay City,City/municipality,Reliability-qualified DNB-BRDF,4,G2,10.0
85,0,0.95,52.915787,54.829136,96.51034,76.42411041259766,122.72459411621094,100.0,66,2014-10-14,2014-10-17,2014-10-15 12:00:00,0.8017543445933949,observed,Baybay City,City/municipality,Reliability-qualified DNB-BRDF,4,G2,10.0
86,0,0.95,73.56069,54.829136,134.16351,106.24071502685547,170.60516357421875,100.0,66,2014-10-18,2014-10-21,2014-10-19 12:00:00,1.1145559368711528,observed,Baybay City,City/municipality,Reliability-qualified DNB-BRDF,4,G2,10.0
87,0,0.95,85.18144,54.829136,155.35799,123.02408599853516,197.5565185546875,100.0,66,2014-10-22,2014-10-25,2014-10-23 12:00:00,1.2906279130415483,observed,Baybay City,City/municipality,Reliability-qualified DNB-BRDF,4,G2,10.0
88,0,0.95,14.308446,14.356041,99.668465,77.47000885009766,130.63540649414062,36.36363636363637,24,2014-10-26,2014-10-29,2014-10-27 12:00:00,0.5961852471033732,observed,Baybay City,City/municipality,Reliability-qualified DNB-BRDF,4,G2,10.0
89,0,0.95,10.01964,6.3941183,156.70088,129.3196258544922,211.47955322265625,15.151515151515152,10,2014-10-30,2014-11-02,2014-10-31 12:00:00,1.001963996887207,observed,Baybay City,City/municipality,Reliability-qualified DNB-BRDF,4,G2,10.0
90,0,0.95,55.58158,39.510273,140.67628,110.0467758178711,182.01246643066406,71.21212121212122,47,2014-11-03,2014-11-06,2014-11-04 12:00:00,1.1825868322494182,observed,Baybay City,City/municipality,Reliability-qualified DNB-BRDF,4,G2,10.0
-45,0,0.95,117.09927,65.74323,178.11609,140.00332641601562,231.9525909423828,100.0,46,2013-05-12,2013-05-15,2013-05-13 12:00:00,2.5456363843834917,observed,Borongan City,City/municipality,Reliability-qualified DNB-BRDF,4,G2,10.0
-44,0,0.95,67.17364,65.74323,102.17574,80.31246948242188,133.0588836669922,100.0,46,2013-05-16,2013-05-19,2013-05-17 12:00:00,1.4602964650029722,observed,Borongan City,City/municipality,Reliability-qualified DNB-BRDF,4,G2,10.0
-43,0,0.95,80.8814,65.74323,123.0262,96.70140838623047,160.2115020751953,100.0,46,2013-05-20,2013-05-23,2013-05-21 12:00:00,1.7582913274350374,observed,Borongan City,City/municipality,Reliability-qualified DNB-BRDF,4,G2,10.0
-42,0,0.95,55.52669,65.74323,84.45993,66.38743591308594,109.9883804321289,100.0,46,2013-05-24,2013-05-27,2013-05-25 12:00:00,1.207101987755817,observed,Borongan City,City/municipality,Reliability-qualified DNB-BRDF,4,G2,10.0
-41,0,0.95,82.28976,62.06238,132.59201,104.60279846191406,173.41748046875,93.47826086956522,43,2013-05-28,2013-05-31,2013-05-29 12:00:00,1.9137152738349383,observed,Borongan City,City/municipality,Reliability-qualified DNB-BRDF,4,G2,10.0
-40,0,0.95,5.717986,5.81314,98.36312,67.6155014038086,117.88027954101562,13.043478260869565,6,2013-06-01,2013-06-04,2013-06-02 12:00:00,0.9529976844787598,observed,Borongan City,City/municipality,Reliability-qualified DNB-BRDF,4,G2,10.0
-39,0,0.95,,,,,,0.0,0,2013-06-05,2013-06-08,2013-06-06 12:00:00,,not observable,Borongan City,City/municipality,Reliability-qualified DNB-BRDF,4,G2,10.0
-38,0,0.95,,,,,,0.0,0,2013-06-09,2013-06-12,2013-06-10 12:00:00,,not observable,Borongan City,City/municipality,Reliability-qualified DNB-BRDF,4,G2,10.0
-37,0,0.95,3.7769136,6.1555157,61.358204,44.434295654296875,112.3715591430664,17.391304347826086,8,2013-06-13,2013-06-16,2013-06-14 12:00:00,0.4721142053604126,observed,Borongan City,City/municipality,Reliability-qualified DNB-BRDF,4,G2,10.0
-36,0,0.95,,,,,,0.0,0,2013-06-17,2013-06-20,2013-06-18 12:00:00,,not observable,Borongan City,City/municipality,Reliability-qualified DNB-BRDF,4,G2,10.0
-35,0,0.95,41.786835,65.74323,63.560665,49.96013641357422,82.77220153808594,100.0,46,2013-06-21,2013-06-24,2013-06-22 12:00:00,0.9084094503651494,observed,Borongan City,City/municipality,Reliability-qualified DNB-BRDF,4,G2,10.0
-34,0,0.95,,,,,,0.0,0,2013-06-25,2013-06-28,2013-06-26 12:00:00,,not observable,Borongan City,City/municipality,Reliability-qualified DNB-BRDF,4,G2,10.0
-33,0,0.95,40.792572,48.36846,84.337135,68.3085708618164,110.75045776367188,73.91304347826087,34,2013-06-29,2013-07-02,2013-06-30 12:00:00,1.199781530043658,observed,Borongan City,City/municipality,Reliability-qualified DNB-BRDF,4,G2,10.0
-32,0,0.95,,,,,,0.0,0,2013-07-03,2013-07-06,2013-07-04 12:00:00,,not observable,Borongan City,City/municipality,Reliability-qualified DNB-BRDF,4,G2,10.0
-31,0,0.95,88.16331,65.74323,134.1025,105.40762329101562,174.63565063476562,100.0,46,2013-07-07,2013-07-10,2013-07-08 12:00:00,1.9165936345639436,observed,Borongan City,City/municipality,Reliability-qualified DNB-BRDF,4,G2,10.0
-30,0,0.95,,,,,,0.0,0,2013-07-11,2013-07-14,2013-07-12 12:00:00,,not observable,Borongan City,City/municipality,Reliability-qualified DNB-BRDF,4,G2,10.0
-29,0,0.95,94.03926,65.74323,143.0402,112.43287658691406,186.27484130859375,100.0,46,2013-07-15,2013-07-18,2013-07-16 12:00:00,2.044331757918648,observed,Borongan City,City/municipality,Reliability-qualified DNB-BRDF,4,G2,10.0
-28,0,0.95,,,,,,0.0,0,2013-07-19,2013-07-22,2013-07-20 12:00:00,,not observable,Borongan City,City/municipality,Reliability-qualified DNB-BRDF,4,G2,10.0
-27,0,0.95,73.93391,61.594555,120.03319,93.46126556396484,158.27035522460938,97.82608695652173,45,2013-07-23,2013-07-26,2013-07-24 12:00:00,1.6429757012261286,observed,Borongan City,City/municipality,Reliability-qualified DNB-BRDF,4,G2,10.0
-26,0,0.95,,,,,,0.0,0,2013-07-27,2013-07-30,2013-07-28 12:00:00,,not observable,Borongan City,City/municipality,Reliability-qualified DNB-BRDF,4,G2,10.0
-25,0,0.95,,,,,,0.0,0,2013-07-31,2013-08-03,2013-08-01 12:00:00,,not observable,Borongan City,City/municipality,Reliability-qualified DNB-BRDF,4,G2,10.0
-24,0,0.95,9.170695,14.160135,64.764175,41.794525146484375,102.56632995605469,58.69565217391305,27,2013-08-04,2013-08-07,2013-08-05 12:00:00,0.33965538166187426,observed,Borongan City,City/municipality,Reliability-qualified DNB-BRDF,4,G2,10.0
-23,0,0.95,11.500898,6.5098743,176.66852,122.50542449951172,267.2842712402344,30.434782608695652,14,2013-08-08,2013-08-11,2013-08-09 12:00:00,0.8214927400861468,observed,Borongan City,City/municipality,Reliability-qualified DNB-BRDF,4,G2,10.0
-22,0,0.95,,,,,,0.0,0,2013-08-12,2013-08-15,2013-08-13 12:00:00,,not observable,Borongan City,City/municipality,Reliability-qualified DNB-BRDF,4,G2,10.0
-21,0,0.95,,,,,,0.0,0,2013-08-16,2013-08-19,2013-08-17 12:00:00,,not observable,Borongan City,City/municipality,Reliability-qualified DNB-BRDF,4,G2,10.0
-20,0,0.95,,,,,,0.0,0,2013-08-20,2013-08-23,2013-08-21 12:00:00,,not observable,Borongan City,City/municipality,Reliability-qualified DNB-BRDF,4,G2,10.0
-19,0,0.95,6.8070936,8.380729,81.22317,56.398597717285156,133.84132385253906,23.91304347826087,11,2013-08-24,2013-08-27,2013-08-25 12:00:00,0.6188266927545721,observed,Borongan City,City/municipality,Reliability-qualified DNB-BRDF,4,G2,10.0
-18,0,0.95,73.248634,65.74323,111.41623,87.5757064819336,145.0923614501953,100.0,46,2013-08-28,2013-08-31,2013-08-29 12:00:00,1.5923616160517153,observed,Borongan City,City/municipality,Reliability-qualified DNB-BRDF,4,G2,10.0
-17,0,0.95,90.79115,65.74323,138.09961,108.54945373535156,179.84092712402344,100.0,46,2013-09-01,2013-09-04,2013-09-02 12:00:00,1.9737207163935122,observed,Borongan City,City/municipality,Reliability-qualified DNB-BRDF,4,G2,10.0
-16,0,0.95,74.702225,61.502644,121.461815,96.35816955566406,160.0617218017578,95.65217391304348,44,2013-09-05,2013-09-08,2013-09-06 12:00:00,1.6977778348055752,observed,Borongan City,City/municipality,Reliability-qualified DNB-BRDF,4,G2,10.0
-15,0,0.95,80.78072,60.191975,134.20514,104.8263168334961,175.8782958984375,95.65217391304348,44,2013-09-09,2013-09-12,2013-09-10 12:00:00,1.8359255357222124,observed,Borongan City,City/municipality,Reliability-qualified DNB-BRDF,4,G2,10.0
-14,0,0.95,61.73544,65.74323,93.90387,73.81058502197266,122.28679656982422,100.0,46,2013-09-13,2013-09-16,2013-09-14 12:00:00,1.3420747674029807,observed,Borongan City,City/municipality,Reliability-qualified DNB-BRDF,4,G2,10.0
-13,0,0.95,,,,,,0.0,0,2013-09-17,2013-09-20,2013-09-18 12:00:00,,not observable,Borongan City,City/municipality,Reliability-qualified DNB-BRDF,4,G2,10.0
-12,0,0.95,,,,,,0.0,0,2013-09-21,2013-09-24,2013-09-22 12:00:00,,not observable,Borongan City,City/municipality,Reliability-qualified DNB-BRDF,4,G2,10.0
-11,0,0.95,,,,,,0.0,0,2013-09-25,2013-09-28,2013-09-26 12:00:00,,not observable,Borongan City,City/municipality,Reliability-qualified DNB-BRDF,4,G2,10.0
-10,0,0.95,,,,,,0.0,0,2013-09-29,2013-10-02,2013-09-30 12:00:00,,not observable,Borongan City,City/municipality,Reliability-qualified DNB-BRDF,4,G2,10.0
-9,0,0.95,,,,,,0.0,0,2013-10-03,2013-10-06,2013-10-04 12:00:00,,not observable,Borongan City,City/municipality,Reliability-qualified DNB-BRDF,4,G2,10.0
-8,0,0.95,67.24982,61.81555,108.79109,84.8877944946289,143.43063354492188,95.65217391304348,44,2013-10-07,2013-10-10,2013-10-08 12:00:00,1.5284049294211648,observed,Borongan City,City/municipality,Reliability-qualified DNB-BRDF,4,G2,10.0
-7,0,0.95,59.793674,59.64634,100.24702,77.94166564941406,132.9890594482422,93.47826086956522,43,2013-10-11,2013-10-14,2013-10-12 12:00:00,1.3905505690463753,observed,Borongan City,City/municipality,Reliability-qualified DNB-BRDF,4,G2,10.0
-6,0,0.95,62.315804,55.65209,111.973885,88.66664123535156,146.33685302734375,89.1304347826087,41,2013-10-15,2013-10-18,2013-10-16 12:00:00,1.5198976470202934,observed,Borongan City,City/municipality,Reliability-qualified DNB-BRDF,4,G2,10.0
-5,0,0.95,2.0195515,2.9401436,68.68887,45.017333984375,114.63776397705078,17.391304347826086,8,2013-10-19,2013-10-22,2013-10-20 12:00:00,0.25244393944740295,observed,Borongan City,City/municipality,Reliability-qualified DNB-BRDF,4,G2,10.0
-4,0,0.95,18.658077,26.710121,69.85396,52.859657287597656,105.13018798828125,65.21739130434783,30,2013-10-23,2013-10-26,2013-10-24 12:00:00,0.6219359079996745,observed,Borongan City,City/municipality,Reliability-qualified DNB-BRDF,4,G2,10.0
-3,0,0.95,65.0501,57.20097,113.72203,91.93145751953125,148.4545135498047,82.6086956521739,38,2013-10-27,2013-10-30,2013-10-28 12:00:00,1.7118447956285978,observed,Borongan City,City/municipality,Reliability-qualified DNB-BRDF,4,G2,10.0
-2,0,0.95,80.91909,65.12424,124.25342,97.52037811279297,162.09671020507812,97.82608695652173,45,2013-10-31,2013-11-03,2013-11-01 12:00:00,1.7982020060221353,observed,Borongan City,City/municipality,Reliability-qualified DNB-BRDF,4,G2,10.0
-1,0,0.95,24.93195,44.786537,55.668404,42.394405364990234,72.92401123046875,80.43478260869566,37,2013-11-04,2013-11-07,2013-11-05 12:00:00,0.673836476094014,observed,Borongan City,City/municipality,Reliability-qualified DNB-BRDF,4,G2,10.0
0,0,0.95,2.8679943,13.628801,21.043629,13.574167251586914,30.707048416137695,50.0,23,2013-11-08,2013-11-11,2013-11-09 12:00:00,0.12469540471615999,observed,Borongan City,City/municipality,Reliability-qualified DNB-BRDF,4,G2,10.0
1,0,0.95,8.930183,34.064568,26.21546,19.122926712036133,38.01456069946289,82.6086956521739,38,2013-11-12,2013-11-15,2013-11-13 12:00:00,0.2350048265959087,observed,Borongan City,City/municipality,Reliability-qualified DNB-BRDF,4,G2,10.0
2,0,0.95,12.232179,27.61834,44.29006,32.84899139404297,56.88482666015625,50.0,23,2013-11-16,2013-11-19,2013-11-17 12:00:00,0.5318338560021442,observed,Borongan City,City/municipality,Reliability-qualified DNB-BRDF,4,G2,10.0
3,0,0.95,,,,,,0.0,0,2013-11-20,2013-11-23,2013-11-21 12:00:00,,not observable,Borongan City,City/municipality,Reliability-qualified DNB-BRDF,4,G2,10.0
4,0,0.95,12.224739,32.9091,37.146988,26.91001319885254,52.08769989013672,80.43478260869566,37,2013-11-24,2013-11-27,2013-11-25 12:00:00,0.3303983533704603,observed,Borongan City,City/municipality,Reliability-qualified DNB-BRDF,4,G2,10.0
5,0,0.95,12.348405,65.74323,18.782776,14.763691902160645,24.4599666595459,100.0,46,2013-11-28,2013-12-01,2013-11-29 12:00:00,0.26844358444213867,observed,Borongan City,City/municipality,Reliability-qualified DNB-BRDF,4,G2,10.0
6,0,0.95,61.184242,65.74323,93.06546,73.15158081054688,121.19497680664062,100.0,46,2013-12-02,2013-12-05,2013-12-03 12:00:00,1.3300922227942424,observed,Borongan City,City/municipality,Reliability-qualified DNB-BRDF,4,G2,10.0
7,0,0.95,48.288307,65.74323,73.44985,57.73326110839844,95.65044403076172,100.0,46,2013-12-06,2013-12-09,2013-12-07 12:00:00,1.049745808476987,observed,Borongan City,City/municipality,Reliability-qualified DNB-BRDF,4,G2,10.0
8,0,0.95,32.250687,65.74323,49.055523,38.55876159667969,63.88280487060547,100.0,46,2013-12-10,2013-12-13,2013-12-11 12:00:00,0.701101883597996,observed,Borongan City,City/municipality,Reliability-qualified DNB-BRDF,4,G2,10.0
9,0,0.95,,,,,,0.0,0,2013-12-14,2013-12-17,2013-12-15 12:00:00,,not observable,Borongan City,City/municipality,Reliability-qualified DNB-BRDF,4,G2,10.0
10,0,0.95,15.083903,34.99199,43.106735,32.488037109375,58.05912399291992,78.26086956521739,36,2013-12-18,2013-12-21,2013-12-19 12:00:00,0.41899731424119735,observed,Borongan City,City/municipality,Reliability-qualified DNB-BRDF,4,G2,10.0
11,0,0.95,35.762543,36.34951,98.385216,80.94542694091797,122.15164184570312,45.65217391304348,21,2013-12-22,2013-12-25,2013-12-23 12:00:00,1.7029782249813987,observed,Borongan City,City/municipality,Reliability-qualified DNB-BRDF,4,G2,10.0
12,0,0.95,33.303963,52.142117,63.87152,48.889801025390625,86.2567138671875,91.30434782608695,42,2013-12-26,2013-12-29,2013-12-27 12:00:00,0.7929514930361793,observed,Borongan City,City/municipality,Reliability-qualified DNB-BRDF,4,G2,10.0
13,0,0.95,1.3625157,2.2094634,61.66727,38.23711013793945,183.06423950195312,10.869565217391305,5,2013-12-30,2014-01-02,2013-12-31 12:00:00,0.272503137588501,observed,Borongan City,City/municipality,Reliability-qualified DNB-BRDF,4,G2,10.0
14,0,0.95,57.984203,65.74323,88.19798,69.32563018798828,114.85626983642578,100.0,46,2014-01-03,2014-01-06,2014-01-04 12:00:00,1.2605261595352837,observed,Borongan City,City/municipality,Reliability-qualified DNB-BRDF,4,G2,10.0
15,0,0.95,,,,,,0.0,0,2014-01-07,2014-01-10,2014-01-08 12:00:00,,not observable,Borongan City,City/municipality,Reliability-qualified DNB-BRDF,4,G2,10.0
16,0,0.95,,,,,,0.0,0,2014-01-11,2014-01-14,2014-01-12 12:00:00,,not observable,Borongan City,City/municipality,Reliability-qualified DNB-BRDF,4,G2,10.0
17,0,0.95,,,,,,0.0,0,2014-01-15,2014-01-18,2014-01-16 12:00:00,,not observable,Borongan City,City/municipality,Reliability-qualified DNB-BRDF,4,G2,10.0
18,0,0.95,,,,,,0.0,0,2014-01-19,2014-01-22,2014-01-20 12:00:00,,not observable,Borongan City,City/municipality,Reliability-qualified DNB-BRDF,4,G2,10.0
19,0,0.95,27.543137,50.38761,54.662518,42.555057525634766,70.63121795654297,89.1304347826087,41,2014-01-23,2014-01-26,2014-01-24 12:00:00,0.6717838194312119,observed,Borongan City,City/municipality,Reliability-qualified DNB-BRDF,4,G2,10.0
20,0,0.95,15.069745,21.57286,69.85511,53.965492248535156,102.28450012207031,36.95652173913044,17,2014-01-27,2014-01-30,2014-01-28 12:00:00,0.8864555919871611,observed,Borongan City,City/municipality,Reliability-qualified DNB-BRDF,4,G2,10.0
21,0,0.95,44.34672,65.74323,67.45443,53.02072525024414,87.84288024902344,100.0,46,2014-01-31,2014-02-03,2014-02-01 12:00:00,0.9640591662863026,observed,Borongan City,City/municipality,Reliability-qualified DNB-BRDF,4,G2,10.0
22,0,0.95,65.755516,65.12424,100.969345,79.24585723876953,131.7211151123047,97.82608695652173,45,2014-02-04,2014-02-07,2014-02-05 12:00:00,1.4612336900499132,observed,Borongan City,City/municipality,Reliability-qualified DNB-BRDF,4,G2,10.0
23,0,0.95,29.381735,55.149364,53.276653,41.50191116333008,70.44134521484375,93.47826086956522,43,2014-02-08,2014-02-11,2014-02-09 12:00:00,0.6832961592563364,observed,Borongan City,City/municipality,Reliability-qualified DNB-BRDF,4,G2,10.0
24,0,0.95,27.807156,58.1206,47.843887,37.857181549072266,63.13789749145508,93.47826086956522,43,2014-02-12,2014-02-15,2014-02-13 12:00:00,0.6466780374216479,observed,Borongan City,City/municipality,Reliability-qualified DNB-BRDF,4,G2,10.0
25,0,0.95,27.723595,58.913055,47.05849,36.602352142333984,60.98101806640625,95.65217391304348,44,2014-02-16,2014-02-19,2014-02-17 12:00:00,0.6300816969438032,observed,Borongan City,City/municipality,Reliability-qualified DNB-BRDF,4,G2,10.0
26,0,0.95,6.715126,16.55563,40.56098,35.40852737426758,46.288124084472656,13.043478260869565,6,2014-02-20,2014-02-23,2014-02-21 12:00:00,1.1191876729329426,observed,Borongan City,City/municipality,Reliability-qualified DNB-BRDF,4,G2,10.0
27,0,0.95,90.05765,65.74323,136.9839,107.67247772216797,178.3879852294922,100.0,46,2014-02-24,2014-02-27,2014-02-25 12:00:00,1.957774950110394,observed,Borongan City,City/municipality,Reliability-qualified DNB-BRDF,4,G2,10.0
28,0,0.95,68.186386,65.74323,103.71621,81.52330780029297,135.06495666503906,100.0,46,2014-02-28,2014-03-03,2014-03-01 12:00:00,1.4823127414869226,observed,Borongan City,City/municipality,Reliability-qualified DNB-BRDF,4,G2,10.0
29,0,0.95,72.35997,65.74323,110.064514,86.51322174072266,143.3320770263672,100.0,46,2014-03-04,2014-03-07,2014-03-05 12:00:00,1.5730428281037703,observed,Borongan City,City/municipality,Reliability-qualified DNB-BRDF,4,G2,10.0
30,0,0.95,82.514786,61.456482,134.2654,105.56912231445312,176.7384033203125,95.65217391304348,44,2014-03-08,2014-03-11,2014-03-09 12:00:00,1.8753360401500354,observed,Borongan City,City/municipality,Reliability-qualified DNB-BRDF,4,G2,10.0
31,0,0.95,,,,,,2.1739130434782608,1,2014-03-12,2014-03-15,2014-03-13 12:00:00,,not observable,Borongan City,City/municipality,Reliability-qualified DNB-BRDF,4,G2,10.0
32,0,0.95,35.964886,65.74323,54.705074,42.99943923950195,71.2399673461914,100.0,46,2014-03-16,2014-03-19,2014-03-17 12:00:00,0.7818453415580418,observed,Borongan City,City/municipality,Reliability-qualified DNB-BRDF,4,G2,10.0
33,0,0.95,,,,,,0.0,0,2014-03-20,2014-03-23,2014-03-21 12:00:00,,not observable,Borongan City,City/municipality,Reliability-qualified DNB-BRDF,4,G2,10.0
34,0,0.95,27.594011,27.395302,100.72534,71.56343078613281,140.171875,78.26086956521739,36,2014-03-24,2014-03-27,2014-03-25 12:00:00,0.7665003140767416,observed,Borongan City,City/municipality,Reliability-qualified DNB-BRDF,4,G2,10.0
35,0,0.95,62.08291,65.74323,94.432396,74.22602081298828,122.9750747680664,100.0,46,2014-03-28,2014-03-31,2014-03-29 12:00:00,1.3496284484863281,observed,Borongan City,City/municipality,Reliability-qualified DNB-BRDF,4,G2,10.0
36,0,0.95,67.706825,65.20966,103.82944,81.67411041259766,135.0352020263672,97.82608695652173,45,2014-04-01,2014-04-04,2014-04-02 12:00:00,1.5045961168077258,observed,Borongan City,City/municipality,Reliability-qualified DNB-BRDF,4,G2,10.0
37,0,0.95,114.29239,65.74323,173.84663,136.6474151611328,226.3926544189453,100.0,46,2014-04-05,2014-04-08,2014-04-06 12:00:00,2.4846171503481655,observed,Borongan City,City/municipality,Reliability-qualified DNB-BRDF,4,G2,10.0
38,0,0.95,,,,,,6.521739130434782,3,2014-04-09,2014-04-12,2014-04-10 12:00:00,,not observable,Borongan City,City/municipality,Reliability-qualified DNB-BRDF,4,G2,10.0
39,0,0.95,53.4138,53.50041,99.83811,79.1736831665039,133.34439086914062,80.43478260869566,37,2014-04-13,2014-04-16,2014-04-14 12:00:00,1.44361619691591,observed,Borongan City,City/municipality,Reliability-qualified DNB-BRDF,4,G2,10.0
40,0,0.95,38.08522,39.014656,97.61772,79.50940704345703,127.10685729980469,58.69565217391305,27,2014-04-17,2014-04-20,2014-04-18 12:00:00,1.4105637161820024,observed,Borongan City,City/municipality,Reliability-qualified DNB-BRDF,4,G2,10.0
41,0,0.95,73.64559,64.97726,113.34057,89.45024108886719,147.4978485107422,95.65217391304348,44,2014-04-21,2014-04-24,2014-04-22 12:00:00,1.6737634485418147,observed,Borongan City,City/municipality,Reliability-qualified DNB-BRDF,4,G2,10.0
42,0,0.95,83.69649,65.74323,127.308136,100.06710815429688,165.7876739501953,100.0,46,2014-04-25,2014-04-28,2014-04-26 12:00:00,1.8194888571034307,observed,Borongan City,City/municipality,Reliability-qualified DNB-BRDF,4,G2,10.0
43,0,0.95,97.49521,65.74323,148.29695,116.56478881835938,193.12045288085938,100.0,46,2014-04-29,2014-05-02,2014-04-30 12:00:00,2.1194610595703125,observed,Borongan City,City/municipality,Reliability-qualified DNB-BRDF,4,G2,10.0
44,0,0.95,50.04619,53.770393,93.07387,73.51842498779297,124.44019317626953,82.6086956521739,38,2014-05-03,2014-05-06,2014-05-04 12:00:00,1.3170049566971629,observed,Borongan City,City/municipality,Reliability-qualified DNB-BRDF,4,G2,10.0
45,0,0.95,117.96471,65.74323,179.43246,141.03802490234375,233.66685485839844,100.0,46,2014-05-07,2014-05-10,2014-05-08 12:00:00,2.5644501395847485,observed,Borongan City,City/municipality,Reliability-qualified DNB-BRDF,4,G2,10.0
46,0,0.95,69.94207,65.74323,106.38672,83.62239837646484,138.5426483154297,100.0,46,2014-05-11,2014-05-14,2014-05-12 12:00:00,1.5204797827679177,observed,Borongan City,City/municipality,Reliability-qualified DNB-BRDF,4,G2,10.0
47,0,0.95,75.5645,65.74323,114.93882,90.34454345703125,149.67967224121094,100.0,46,2014-05-15,2014-05-18,2014-05-16 12:00:00,1.6427064978558084,observed,Borongan City,City/municipality,Reliability-qualified DNB-BRDF,4,G2,10.0
48,0,0.95,62.94919,65.74323,95.75007,75.2617416381836,124.6910171508789,100.0,46,2014-05-19,2014-05-22,2014-05-20 12:00:00,1.3684606137483015,observed,Borongan City,City/municipality,Reliability-qualified DNB-BRDF,4,G2,10.0
49,0,0.95,82.176346,65.12424,126.18397,99.03556823730469,164.615234375,97.82608695652173,45,2014-05-23,2014-05-26,2014-05-24 12:00:00,1.8261410183376736,observed,Borongan City,City/municipality,Reliability-qualified DNB-BRDF,4,G2,10.0
50,0,0.95,85.31134,65.74323,129.76443,101.99781799316406,168.9864044189453,100.0,46,2014-05-27,2014-05-30,2014-05-28 12:00:00,1.8545943550441577,observed,Borongan City,City/municipality,Reliability-qualified DNB-BRDF,4,G2,10.0
51,0,0.95,87.12244,65.74323,132.51926,104.16316223144531,172.57388305664062,100.0,46,2014-05-31,2014-06-03,2014-06-01 12:00:00,1.8939660113790762,observed,Borongan City,City/municipality,Reliability-qualified DNB-BRDF,4,G2,10.0
52,0,0.95,62.308815,65.74323,94.77601,74.49610900878906,123.42254638671875,100.0,46,2014-06-04,2014-06-07,2014-06-05 12:00:00,1.3545394565748132,observed,Borongan City,City/municipality,Reliability-qualified DNB-BRDF,4,G2,10.0
53,0,0.95,,,,,,0.0,0,2014-06-08,2014-06-11,2014-06-09 12:00:00,,not observable,Borongan City,City/municipality,Reliability-qualified DNB-BRDF,4,G2,10.0
54,0,0.95,,,,,,4.3478260869565215,2,2014-06-12,2014-06-15,2014-06-13 12:00:00,,not observable,Borongan City,City/municipality,Reliability-qualified DNB-BRDF,4,G2,10.0
55,0,0.95,62.09528,57.56432,107.871124,85.61721801757812,139.7649383544922,82.6086956521739,38,2014-06-16,2014-06-19,2014-06-17 12:00:00,1.6340863077264083,observed,Borongan City,City/municipality,Reliability-qualified DNB-BRDF,4,G2,10.0
56,0,0.95,74.94246,65.20966,114.92539,90.40238189697266,149.46603393554688,97.82608695652173,45,2014-06-20,2014-06-23,2014-06-21 12:00:00,1.6653879801432292,observed,Borongan City,City/municipality,Reliability-qualified DNB-BRDF,4,G2,10.0
57,0,0.95,53.289272,65.74323,81.05666,63.7123908996582,105.55645751953125,100.0,46,2014-06-24,2014-06-27,2014-06-25 12:00:00,1.158462441485861,observed,Borongan City,City/municipality,Reliability-qualified DNB-BRDF,4,G2,10.0
58,0,0.95,49.555393,64.1879,77.20364,60.74725341796875,99.73701477050781,93.47826086956522,43,2014-06-28,2014-07-01,2014-06-29 12:00:00,1.152451005092887,observed,Borongan City,City/municipality,Reliability-qualified DNB-BRDF,4,G2,10.0
59,0,0.95,,,,,,0.0,0,2014-07-02,2014-07-05,2014-07-03 12:00:00,,not observable,Borongan City,City/municipality,Reliability-qualified DNB-BRDF,4,G2,10.0
60,0,0.95,,,,,,0.0,0,2014-07-06,2014-07-09,2014-07-07 12:00:00,,not observable,Borongan City,City/municipality,Reliability-qualified DNB-BRDF,4,G2,10.0
61,0,0.95,32.78655,62.361187,52.575245,41.20591735839844,68.5119857788086,97.82608695652173,45,2014-07-10,2014-07-13,2014-07-11 12:00:00,0.7285899692111545,observed,Borongan City,City/municipality,Reliability-qualified DNB-BRDF,4,G2,10.0
62,0,0.95,59.019196,47.79997,123.4712,95.54933166503906,159.9185028076172,86.95652173913044,40,2014-07-14,2014-07-17,2014-07-15 12:00:00,1.4754798889160157,observed,Borongan City,City/municipality,Reliability-qualified DNB-BRDF,4,G2,10.0
63,0,0.95,,,,,,0.0,0,2014-07-18,2014-07-21,2014-07-19 12:00:00,,not observable,Borongan City,City/municipality,Reliability-qualified DNB-BRDF,4,G2,10.0
64,0,0.95,,,,,,0.0,0,2014-07-22,2014-07-25,2014-07-23 12:00:00,,not observable,Borongan City,City/municipality,Reliability-qualified DNB-BRDF,4,G2,10.0
65,0,0.95,,,,,,0.0,0,2014-07-26,2014-07-29,2014-07-27 12:00:00,,not observable,Borongan City,City/municipality,Reliability-qualified DNB-BRDF,4,G2,10.0
66,0,0.95,,,,,,0.0,0,2014-07-30,2014-08-02,2014-07-31 12:00:00,,not observable,Borongan City,City/municipality,Reliability-qualified DNB-BRDF,4,G2,10.0
67,0,0.95,79.99979,47.472687,168.5175,135.34239196777344,215.60008239746094,80.43478260869566,37,2014-08-03,2014-08-06,2014-08-04 12:00:00,2.162156388566301,observed,Borongan City,City/municipality,Reliability-qualified DNB-BRDF,4,G2,10.0
68,0,0.95,34.544952,62.361187,55.394955,43.41586685180664,72.18641662597656,97.82608695652173,45,2014-08-07,2014-08-10,2014-08-08 12:00:00,0.7676656087239583,observed,Borongan City,City/municipality,Reliability-qualified DNB-BRDF,4,G2,10.0
69,0,0.95,5.0597816,12.591434,40.184315,30.514381408691406,52.80156326293945,32.608695652173914,15,2014-08-11,2014-08-14,2014-08-12 12:00:00,0.3373187700907389,observed,Borongan City,City/municipality,Reliability-qualified DNB-BRDF,4,G2,10.0
70,0,0.95,63.833588,60.66265,105.227165,83.17483520507812,138.96795654296875,95.65217391304348,44,2014-08-15,2014-08-18,2014-08-16 12:00:00,1.4507633556019177,observed,Borongan City,City/municipality,Reliability-qualified DNB-BRDF,4,G2,10.0
71,0,0.95,88.146034,55.19983,159.68533,123.24266052246094,212.9274444580078,86.95652173913044,40,2014-08-19,2014-08-22,2014-08-20 12:00:00,2.2036508560180663,observed,Borongan City,City/municipality,Reliability-qualified DNB-BRDF,4,G2,10.0
72,0,0.95,96.356064,65.74323,146.56424,115.20283508300781,190.86402893066406,100.0,46,2014-08-23,2014-08-26,2014-08-24 12:00:00,2.094697040060292,observed,Borongan City,City/municipality,Reliability-qualified DNB-BRDF,4,G2,10.0
73,0,0.95,80.95461,65.12424,124.30797,97.56318664550781,162.16786193847656,97.82608695652173,45,2014-08-27,2014-08-30,2014-08-28 12:00:00,1.7989913940429687,observed,Borongan City,City/municipality,Reliability-qualified DNB-BRDF,4,G2,10.0
74,0,0.95,,,,,,0.0,0,2014-08-31,2014-09-03,2014-09-01 12:00:00,,not observable,Borongan City,City/municipality,Reliability-qualified DNB-BRDF,4,G2,10.0
75,0,0.95,6.9356813,8.227002,84.30387,51.604896545410156,116.25851440429688,30.434782608695652,14,2014-09-04,2014-09-07,2014-09-05 12:00:00,0.49540581021990093,observed,Borongan City,City/municipality,Reliability-qualified DNB-BRDF,4,G2,10.0
76,0,0.95,24.250744,46.159477,52.53687,40.02055740356445,70.49478149414062,86.95652173913044,40,2014-09-08,2014-09-11,2014-09-09 12:00:00,0.6062685966491699,observed,Borongan City,City/municipality,Reliability-qualified DNB-BRDF,4,G2,10.0
77,0,0.95,46.733696,62.36176,74.93967,58.763004302978516,97.15998840332031,95.65217391304348,44,2014-09-12,2014-09-15,2014-09-13 12:00:00,1.0621294541792436,observed,Borongan City,City/municipality,Reliability-qualified DNB-BRDF,4,G2,10.0
78,0,0.95,,,,,,0.0,0,2014-09-16,2014-09-19,2014-09-17 12:00:00,,not observable,Borongan City,City/municipality,Reliability-qualified DNB-BRDF,4,G2,10.0
79,0,0.95,138.04347,65.20966,211.69174,166.52053833007812,275.31536865234375,97.82608695652173,45,2014-09-20,2014-09-23,2014-09-21 12:00:00,3.0676327175564237,observed,Borongan City,City/municipality,Reliability-qualified DNB-BRDF,4,G2,10.0
80,0,0.95,70.02612,61.502644,113.85872,90.32648468017578,150.0424041748047,95.65217391304348,44,2014-09-24,2014-09-27,2014-09-25 12:00:00,1.5915027965198865,observed,Borongan City,City/municipality,Reliability-qualified DNB-BRDF,4,G2,10.0
81,0,0.95,46.569626,54.748295,85.061325,66.87603759765625,111.98816680908203,82.6086956521739,38,2014-09-28,2014-10-01,2014-09-29 12:00:00,1.2255164698550576,observed,Borongan City,City/municipality,Reliability-qualified DNB-BRDF,4,G2,10.0
82,0,0.95,5.7388225,3.6318624,158.01321,107.155517578125,238.4948272705078,19.565217391304348,9,2014-10-02,2014-10-05,2014-10-03 12:00:00,0.6376469400193956,observed,Borongan City,City/municipality,Reliability-qualified DNB-BRDF,4,G2,10.0
83,0,0.95,19.763165,41.254692,47.90525,37.26723861694336,61.7783317565918,65.21739130434783,30,2014-10-06,2014-10-09,2014-10-07 12:00:00,0.6587721506754557,observed,Borongan City,City/municipality,Reliability-qualified DNB-BRDF,4,G2,10.0
84,0,0.95,62.324516,63.57401,98.034584,76.81649780273438,128.3484344482422,97.82608695652173,45,2014-10-10,2014-10-13,2014-10-11 12:00:00,1.384989251030816,observed,Borongan City,City/municipality,Reliability-qualified DNB-BRDF,4,G2,10.0
85,0,0.95,,,,,,4.3478260869565215,2,2014-10-14,2014-10-17,2014-10-15 12:00:00,,not observable,Borongan City,City/municipality,Reliability-qualified DNB-BRDF,4,G2,10.0
86,0,0.95,95.774185,65.12424,147.06381,115.42312622070312,191.85435485839844,97.82608695652173,45,2014-10-18,2014-10-21,2014-10-19 12:00:00,2.128315226236979,observed,Borongan City,City/municipality,Reliability-qualified DNB-BRDF,4,G2,10.0
87,0,0.95,93.436386,65.74323,142.1232,111.71208190917969,185.08067321777344,100.0,46,2014-10-22,2014-10-25,2014-10-23 12:00:00,2.0312257849651836,observed,Borongan City,City/municipality,Reliability-qualified DNB-BRDF,4,G2,10.0
88,0,0.95,,,,,,0.0,0,2014-10-26,2014-10-29,2014-10-27 12:00:00,,not observable,Borongan City,City/municipality,Reliability-qualified DNB-BRDF,4,G2,10.0
89,0,0.95,109.6205,59.28677,184.89876,144.44871520996094,240.2232666015625,95.65217391304348,44,2014-10-30,2014-11-02,2014-10-31 12:00:00,2.491374969482422,observed,Borongan City,City/municipality,Reliability-qualified DNB-BRDF,4,G2,10.0
90,0,0.95,11.527319,28.89516,39.893597,28.824254989624023,54.811500549316406,76.08695652173913,35,2014-11-03,2014-11-06,2014-11-04 12:00:00,0.32935197012765066,observed,Borongan City,City/municipality,Reliability-qualified DNB-BRDF,4,G2,10.0
-45,0,0.95,285.79443,161.08087,177.42294,139.80982030321587,221.11817271427864,100.0,111,2013-05-12,2013-05-15,2013-05-13 12:00:00,2.574724626970721,observed,Calbayog City,City/municipality,Reliability-qualified DNB-BRDF,4,G2,10.0
-44,0,0.95,190.76193,156.4535,121.92883,96.33509370428995,152.25149771857093,99.09909909909909,110,2013-05-16,2013-05-19,2013-05-17 12:00:00,1.734199385209517,observed,Calbayog City,City/municipality,Reliability-qualified DNB-BRDF,4,G2,10.0
-43,0,0.95,182.9536,151.118,121.06671,95.61173850042593,151.65900547910687,97.29729729729729,108,2013-05-20,2013-05-23,2013-05-21 12:00:00,1.694014796504268,observed,Calbayog City,City/municipality,Reliability-qualified DNB-BRDF,4,G2,10.0
-42,0,0.95,139.14105,155.37862,89.54968,70.9908945157063,111.50242730551675,98.1981981981982,109,2013-05-24,2013-05-27,2013-05-25 12:00:00,1.2765234151017775,observed,Calbayog City,City/municipality,Reliability-qualified DNB-BRDF,4,G2,10.0
-41,0,0.95,201.17058,155.37233,129.47646,102.43966644080298,161.34817455109072,94.5945945945946,105,2013-05-28,2013-05-31,2013-05-29 12:00:00,1.9159102666945684,observed,Calbayog City,City/municipality,Reliability-qualified DNB-BRDF,4,G2,10.0
-40,0,0.95,174.6694,161.08087,108.43584,85.44776871546328,135.1411112602721,100.0,111,2013-06-01,2013-06-04,2013-06-02 12:00:00,1.5735982259114583,observed,Calbayog City,City/municipality,Reliability-qualified DNB-BRDF,4,G2,10.0
-39,0,0.95,,,,,,0.0,0,2013-06-05,2013-06-08,2013-06-06 12:00:00,,not observable,Calbayog City,City/municipality,Reliability-qualified DNB-BRDF,4,G2,10.0
-38,0,0.95,164.67703,160.03935,102.897835,81.07391035201235,128.08551482570417,97.29729729729729,108,2013-06-09,2013-06-12,2013-06-10 12:00:00,1.5247873376916956,observed,Calbayog City,City/municipality,Reliability-qualified DNB-BRDF,4,G2,10.0
-37,0,0.95,27.242044,27.397655,99.43202,76.29243338807669,131.12677401512963,26.126126126126128,29,2013-06-13,2013-06-16,2013-06-14 12:00:00,0.9393808430638807,observed,Calbayog City,City/municipality,Reliability-qualified DNB-BRDF,4,G2,10.0
-36,0,0.95,,,,,,0.0,0,2013-06-17,2013-06-20,2013-06-18 12:00:00,,not observable,Calbayog City,City/municipality,Reliability-qualified DNB-BRDF,4,G2,10.0
-35,0,0.95,107.818214,145.65364,74.0237,58.53973351223056,93.37637552579865,97.29729729729729,108,2013-06-21,2013-06-24,2013-06-22 12:00:00,0.998316800152814,observed,Calbayog City,City/municipality,Reliability-qualified DNB-BRDF,4,G2,10.0
-34,0,0.95,5.8280206,10.600325,54.979645,42.32565701706541,72.35569145047175,20.72072072072072,23,2013-06-25,2013-06-28,2013-06-26 12:00:00,0.2533921988114067,observed,Calbayog City,City/municipality,Reliability-qualified DNB-BRDF,4,G2,10.0
-33,0,0.95,215.39813,156.4535,137.67549,108.77641133473608,171.9142101319968,99.09909909909909,110,2013-06-29,2013-07-02,2013-06-30 12:00:00,1.9581648393110795,observed,Calbayog City,City/municipality,Reliability-qualified DNB-BRDF,4,G2,10.0
-32,0,0.95,16.304771,16.999763,95.91176,75.29215947379888,133.7199755765186,27.027027027027028,30,2013-07-03,2013-07-06,2013-07-04 12:00:00,0.5434923807779948,observed,Calbayog City,City/municipality,Reliability-qualified DNB-BRDF,4,G2,10.0
-31,0,0.95,152.62651,141.66412,107.7383,84.75569839798611,134.07608994691364,85.58558558558559,95,2013-07-07,2013-07-10,2013-07-08 12:00:00,1.6065948486328125,observed,Calbayog City,City/municipality,Reliability-qualified DNB-BRDF,4,G2,10.0
-30,0,0.95,,,,,,0.0,0,2013-07-11,2013-07-14,2013-07-12 12:00:00,,not observable,Calbayog City,City/municipality,Reliability-qualified DNB-BRDF,4,G2,10.0
-29,0,0.95,223.76627,153.22694,146.03584,115.16690097921185,183.61491262892443,97.29729729729729,108,2013-07-15,2013-07-18,2013-07-16 12:00:00,2.0719098691587097,observed,Calbayog City,City/municipality,Reliability-qualified DNB-BRDF,4,G2,10.0
-28,0,0.95,,,,,,0.0,0,2013-07-19,2013-07-22,2013-07-20 12:00:00,,not observable,Calbayog City,City/municipality,Reliability-qualified DNB-BRDF,4,G2,10.0
-27,0,0.95,53.9018,116.712746,46.1833,35.91506231115897,58.579902917936096,82.88288288288288,92,2013-07-23,2013-07-26,2013-07-24 12:00:00,0.5858891113944675,observed,Calbayog City,City/municipality,Reliability-qualified DNB-BRDF,4,G2,10.0
-26,0,0.95,,,,,,0.0,0,2013-07-27,2013-07-30,2013-07-28 12:00:00,,not observable,Calbayog City,City/municipality,Reliability-qualified DNB-BRDF,4,G2,10.0
-25,0,0.95,,,,,,0.0,0,2013-07-31,2013-08-03,2013-08-01 12:00:00,,not observable,Calbayog City,City/municipality,Reliability-qualified DNB-BRDF,4,G2,10.0
-24,0,0.95,110.29071,133.70317,82.48923,65.30585442314293,103.21292574572128,78.37837837837837,87,2013-08-04,2013-08-07,2013-08-05 12:00:00,1.2677093155082615,observed,Calbayog City,City/municipality,Reliability-qualified DNB-BRDF,4,G2,10.0
-23,0,0.95,,,,,,0.0,0,2013-08-08,2013-08-11,2013-08-09 12:00:00,,not observable,Calbayog City,City/municipality,Reliability-qualified DNB-BRDF,4,G2,10.0
-22,0,0.95,,,,,,0.0,0,2013-08-12,2013-08-15,2013-08-13 12:00:00,,not observable,Calbayog City,City/municipality,Reliability-qualified DNB-BRDF,4,G2,10.0
-21,0,0.95,,,,,,0.0,0,2013-08-16,2013-08-19,2013-08-17 12:00:00,,not observable,Calbayog City,City/municipality,Reliability-qualified DNB-BRDF,4,G2,10.0
-20,0,0.95,,,,,,1.8018018018018018,2,2013-08-20,2013-08-23,2013-08-21 12:00:00,,not observable,Calbayog City,City/municipality,Reliability-qualified DNB-BRDF,4,G2,10.0
-19,0,0.95,17.542625,19.13212,91.69201,79.29532662756941,117.68624246263803,10.81081081081081,12,2013-08-24,2013-08-27,2013-08-25 12:00:00,1.4618854522705078,observed,Calbayog City,City/municipality,Reliability-qualified DNB-BRDF,4,G2,10.0
-18,0,0.95,173.8377,145.88142,119.16371,93.94447906519949,149.70512312058975,95.49549549549549,106,2013-08-28,2013-08-31,2013-08-29 12:00:00,1.6399783728257664,observed,Calbayog City,City/municipality,Reliability-qualified DNB-BRDF,4,G2,10.0
-17,0,0.95,190.65756,161.08087,118.36139,93.26913289127465,147.51109894023304,100.0,111,2013-09-01,2013-09-04,2013-09-02 12:00:00,1.7176356959987331,observed,Calbayog City,City/municipality,Reliability-qualified DNB-BRDF,4,G2,10.0
-16,0,0.95,162.21379,160.22894,101.238754,79.71661526434409,126.14272417366344,99.09909909909909,110,2013-09-05,2013-09-08,2013-09-06 12:00:00,1.4746708263050425,observed,Calbayog City,City/municipality,Reliability-qualified DNB-BRDF,4,G2,10.0
-15,0,0.95,54.401478,52.989365,102.6649,74.21569798705588,139.75963761257054,71.17117117117117,79,2013-09-09,2013-09-12,2013-09-10 12:00:00,0.6886263014395025,observed,Calbayog City,City/municipality,Reliability-qualified DNB-BRDF,4,G2,10.0
-14,0,0.95,164.20976,137.0252,119.839096,93.66664951299676,149.7468986218722,90.990990990991,101,2013-09-13,2013-09-16,2013-09-14 12:00:00,1.6258392333984375,observed,Calbayog City,City/municipality,Reliability-qualified DNB-BRDF,4,G2,10.0
-13,0,0.95,,,,,,0.0,0,2013-09-17,2013-09-20,2013-09-18 12:00:00,,not observable,Calbayog City,City/municipality,Reliability-qualified DNB-BRDF,4,G2,10.0
-12,0,0.95,,,,,,0.0,0,2013-09-21,2013-09-24,2013-09-22 12:00:00,,not observable,Calbayog City,City/municipality,Reliability-qualified DNB-BRDF,4,G2,10.0
-11,0,0.95,85.21537,99.08852,85.99924,64.11290785300642,112.66117646664402,84.68468468468468,94,2013-09-25,2013-09-28,2013-09-26 12:00:00,0.9065464912576878,observed,Calbayog City,City/municipality,Reliability-qualified DNB-BRDF,4,G2,10.0
-10,0,0.95,,,,,,0.0,0,2013-09-29,2013-10-02,2013-09-30 12:00:00,,not observable,Calbayog City,City/municipality,Reliability-qualified DNB-BRDF,4,G2,10.0
-9,0,0.95,,,,,,0.0,0,2013-10-03,2013-10-06,2013-10-04 12:00:00,,not observable,Calbayog City,City/municipality,Reliability-qualified DNB-BRDF,4,G2,10.0
-8,0,0.95,157.65169,160.76903,98.06098,77.26217569378245,122.06544649018723,99.09909909909909,110,2013-10-07,2013-10-10,2013-10-08 12:00:00,1.4331971602006393,observed,Calbayog City,City/municipality,Reliability-qualified DNB-BRDF,4,G2,10.0
-7,0,0.95,164.76564,156.4535,105.31285,83.20692449557839,131.5032600050683,99.09909909909909,110,2013-10-11,2013-10-14,2013-10-12 12:00:00,1.4978694568980824,observed,Calbayog City,City/municipality,Reliability-qualified DNB-BRDF,4,G2,10.0
-6,0,0.95,147.83582,150.85031,98.00167,77.2180514481084,123.11456083461802,97.29729729729729,108,2013-10-15,2013-10-18,2013-10-16 12:00:00,1.3688501428674769,observed,Calbayog City,City/municipality,Reliability-qualified DNB-BRDF,4,G2,10.0
-5,0,0.95,,,,,,0.0,0,2013-10-19,2013-10-22,2013-10-20 12:00:00,,not observable,Calbayog City,City/municipality,Reliability-qualified DNB-BRDF,4,G2,10.0
-4,0,0.95,,,,,,8.108108108108109,9,2013-10-23,2013-10-26,2013-10-24 12:00:00,,not observable,Calbayog City,City/municipality,Reliability-qualified DNB-BRDF,4,G2,10.0
-3,0,0.95,131.26323,122.97881,106.73646,84.3834278935082,131.42195967943314,56.75675675675676,63,2013-10-27,2013-10-30,2013-10-28 12:00:00,2.0835433233351934,observed,Calbayog City,City/municipality,Reliability-qualified DNB-BRDF,4,G2,10.0
-2,0,0.95,197.8455,161.08087,122.823715,96.78545711069799,153.07239058901405,100.0,111,2013-10-31,2013-11-03,2013-11-01 12:00:00,1.7823919347814612,observed,Calbayog City,City/municipality,Reliability-qualified DNB-BRDF,4,G2,10.0
-1,0,0.95,15.123067,17.935495,84.3192,58.021805513471506,124.06454924995096,30.63063063063063,34,2013-11-04,2013-11-07,2013-11-05 12:00:00,0.444796085357666,observed,Calbayog City,City/municipality,Reliability-qualified DNB-BRDF,4,G2,10.0
0,0,0.95,6.1831274,21.695547,28.499523,21.6002643085191,40.46857325451499,35.13513513513514,39,2013-11-08,2013-11-11,2013-11-09 12:00:00,0.15854172828869942,observed,Calbayog City,City/municipality,Reliability-qualified DNB-BRDF,4,G2,10.0
1,0,0.95,9.404204,76.07718,12.3614,9.070600789388491,16.43308270909042,84.68468468468468,94,2013-11-12,2013-11-15,2013-11-13 12:00:00,0.10004472732543945,observed,Calbayog City,City/municipality,Reliability-qualified DNB-BRDF,4,G2,10.0
2,0,0.95,11.453165,74.87119,15.297159,11.369157068101707,20.002915475319003,82.88288288288288,92,2013-11-16,2013-11-19,2013-11-17 12:00:00,0.12449092450349228,observed,Calbayog City,City/municipality,Reliability-qualified DNB-BRDF,4,G2,10.0
3,0,0.95,5.405632,28.823359,18.754345,13.512701700317104,22.96562240072578,17.117117117117118,19,2013-11-20,2013-11-23,2013-11-21 12:00:00,0.2845069483706826,observed,Calbayog City,City/municipality,Reliability-qualified DNB-BRDF,4,G2,10.0
4,0,0.95,8.660043,63.90187,13.552095,9.768873724600947,18.521549025414895,81.98198198198199,91,2013-11-24,2013-11-27,2013-11-25 12:00:00,0.09516530508523459,observed,Calbayog City,City/municipality,Reliability-qualified DNB-BRDF,4,G2,10.0
5,0,0.95,106.96955,157.78441,67.794754,53.55618164541012,84.17066472089981,97.29729729729729,108,2013-11-28,2013-12-01,2013-11-29 12:00:00,0.9904588063557943,observed,Calbayog City,City/municipality,Reliability-qualified DNB-BRDF,4,G2,10.0
6,0,0.95,162.81499,161.08087,101.07655,79.64862800545329,125.96939932809606,100.0,111,2013-12-02,2013-12-05,2013-12-03 12:00:00,1.4668016863298845,observed,Calbayog City,City/municipality,Reliability-qualified DNB-BRDF,4,G2,10.0
7,0,0.95,110.03517,161.08087,68.31052,53.82889358467114,85.133837972611,100.0,111,2013-12-06,2013-12-09,2013-12-07 12:00:00,0.9913078514305321,observed,Calbayog City,City/municipality,Reliability-qualified DNB-BRDF,4,G2,10.0
8,0,0.95,101.51628,137.87923,73.62696,57.56928986461931,93.66003542647492,95.49549549549549,106,2013-12-10,2013-12-13,2013-12-11 12:00:00,0.9577007653578272,observed,Calbayog City,City/municipality,Reliability-qualified DNB-BRDF,4,G2,10.0
9,0,0.95,101.702705,142.22462,71.50851,56.842195210668336,88.93568263344292,94.5945945945946,105,2013-12-14,2013-12-17,2013-12-15 12:00:00,0.9685971941266741,observed,Calbayog City,City/municipality,Reliability-qualified DNB-BRDF,4,G2,10.0
10,0,0.95,66.169624,152.49266,43.392006,34.687538354517976,53.84163940013797,95.49549549549549,106,2013-12-18,2013-12-21,2013-12-19 12:00:00,0.6242417389491819,observed,Calbayog City,City/municipality,Reliability-qualified DNB-BRDF,4,G2,10.0
11,0,0.95,124.385056,130.13162,95.58404,76.73809725376229,117.3820264650092,75.67567567567568,84,2013-12-22,2013-12-25,2013-12-23 12:00:00,1.4807744707380022,observed,Calbayog City,City/municipality,Reliability-qualified DNB-BRDF,4,G2,10.0
12,0,0.95,126.07236,143.04169,88.136795,68.996121874707,110.07618985895891,89.1891891891892,99,2013-12-26,2013-12-29,2013-12-27 12:00:00,1.2734581533104483,observed,Calbayog City,City/municipality,Reliability-qualified DNB-BRDF,4,G2,10.0
13,0,0.95,,,,,,0.0,0,2013-12-30,2014-01-02,2013-12-31 12:00:00,,not observable,Calbayog City,City/municipality,Reliability-qualified DNB-BRDF,4,G2,10.0
14,0,0.95,99.537575,161.08087,61.793545,48.693498806401855,77.01188268309953,100.0,111,2014-01-03,2014-01-06,2014-01-04 12:00:00,0.8967349078204181,observed,Calbayog City,City/municipality,Reliability-qualified DNB-BRDF,4,G2,10.0
15,0,0.95,,,,,,0.0,0,2014-01-07,2014-01-10,2014-01-08 12:00:00,,not observable,Calbayog City,City/municipality,Reliability-qualified DNB-BRDF,4,G2,10.0
16,0,0.95,,,,,,0.0,0,2014-01-11,2014-01-14,2014-01-12 12:00:00,,not observable,Calbayog City,City/municipality,Reliability-qualified DNB-BRDF,4,G2,10.0
17,0,0.95,,,,,,0.0,0,2014-01-15,2014-01-18,2014-01-16 12:00:00,,not observable,Calbayog City,City/municipality,Reliability-qualified DNB-BRDF,4,G2,10.0
18,0,0.95,26.701023,33.105087,80.65535,65.31468041174918,98.70071404252234,29.72972972972973,33,2014-01-19,2014-01-22,2014-01-20 12:00:00,0.8091219121759589,observed,Calbayog City,City/municipality,Reliability-qualified DNB-BRDF,4,G2,10.0
19,0,0.95,159.255,136.58644,116.5965,90.67115583787063,143.45842701515326,96.3963963963964,107,2014-01-23,2014-01-26,2014-01-24 12:00:00,1.48836453161507,observed,Calbayog City,City/municipality,Reliability-qualified DNB-BRDF,4,G2,10.0
20,0,0.95,138.51093,157.67189,87.84757,69.08624074663393,108.97042024358184,92.7927927927928,103,2014-01-27,2014-01-30,2014-01-28 12:00:00,1.3447662649802792,observed,Calbayog City,City/municipality,Reliability-qualified DNB-BRDF,4,G2,10.0
21,0,0.95,108.3864,161.08087,67.28694,53.022315463757046,83.85818308756042,100.0,111,2014-01-31,2014-02-03,2014-02-01 12:00:00,0.976454038877745,observed,Calbayog City,City/municipality,Reliability-qualified DNB-BRDF,4,G2,10.0
22,0,0.95,183.59787,161.08087,113.97869,89.81555393817693,142.04904294318447,100.0,111,2014-02-04,2014-02-07,2014-02-05 12:00:00,1.654034863721143,observed,Calbayog City,City/municipality,Reliability-qualified DNB-BRDF,4,G2,10.0
23,0,0.95,50.080944,88.30542,56.71333,43.57346085486874,70.51045318442836,63.96396396396396,71,2014-02-08,2014-02-11,2014-02-09 12:00:00,0.7053654093137929,observed,Calbayog City,City/municipality,Reliability-qualified DNB-BRDF,4,G2,10.0
24,0,0.95,76.04419,146.04016,52.07074,41.20136196124775,65.19469500483508,95.49549549549549,106,2014-02-12,2014-02-15,2014-02-13 12:00:00,0.7173980137087265,observed,Calbayog City,City/municipality,Reliability-qualified DNB-BRDF,4,G2,10.0
25,0,0.95,92.61483,161.08087,57.49586,45.30691215341714,71.65577929334843,100.0,111,2014-02-16,2014-02-19,2014-02-17 12:00:00,0.8343678379918004,observed,Calbayog City,City/municipality,Reliability-qualified DNB-BRDF,4,G2,10.0
26,0,0.95,118.28488,135.9273,87.02069,68.5559988959751,107.30735965683496,90.09009009009009,100,2014-02-20,2014-02-23,2014-02-21 12:00:00,1.1828488159179686,observed,Calbayog City,City/municipality,Reliability-qualified DNB-BRDF,4,G2,10.0
27,0,0.95,167.82205,161.08087,104.18497,82.09806771812802,129.84334489404975,100.0,111,2014-02-24,2014-02-27,2014-02-25 12:00:00,1.5119103783959742,observed,Calbayog City,City/municipality,Reliability-qualified DNB-BRDF,4,G2,10.0
28,0,0.95,152.32788,161.08087,94.566086,74.51836406440295,117.85555878580254,100.0,111,2014-02-28,2014-03-03,2014-03-01 12:00:00,1.3723232509853605,observed,Calbayog City,City/municipality,Reliability-qualified DNB-BRDF,4,G2,10.0
29,0,0.95,177.14212,161.08087,109.970924,86.65742330627927,137.0542573622882,100.0,111,2014-03-04,2014-03-07,2014-03-05 12:00:00,1.5958749582101632,observed,Calbayog City,City/municipality,Reliability-qualified DNB-BRDF,4,G2,10.0
30,0,0.95,162.95238,161.08087,101.16184,79.71583528477937,126.07569193876856,100.0,111,2014-03-08,2014-03-11,2014-03-09 12:00:00,1.4680394353093327,observed,Calbayog City,City/municipality,Reliability-qualified DNB-BRDF,4,G2,10.0
31,0,0.95,135.35432,139.52798,97.00873,76.5781636287421,120.83136095495685,90.990990990991,101,2014-03-12,2014-03-15,2014-03-13 12:00:00,1.3401418251566368,observed,Calbayog City,City/municipality,Reliability-qualified DNB-BRDF,4,G2,10.0
32,0,0.95,88.2324,145.79515,60.518063,47.67337756593326,75.86232870785865,93.69369369369369,104,2014-03-16,2014-03-19,2014-03-17 12:00:00,0.8483884517963116,observed,Calbayog City,City/municipality,Reliability-qualified DNB-BRDF,4,G2,10.0
33,0,0.95,54.721096,69.36733,78.88597,59.661580824012574,100.92383937570575,51.351351351351354,57,2014-03-20,2014-03-23,2014-03-21 12:00:00,0.9600192287511993,observed,Calbayog City,City/municipality,Reliability-qualified DNB-BRDF,4,G2,10.0
34,0,0.95,121.26167,155.29251,78.085976,61.66282700814409,97.54853984533557,97.29729729729729,108,2014-03-24,2014-03-27,2014-03-25 12:00:00,1.122793268274378,observed,Calbayog City,City/municipality,Reliability-qualified DNB-BRDF,4,G2,10.0
35,0,0.95,67.230484,57.375336,117.17663,87.26050576973151,153.93542210262052,59.45945945945946,66,2014-03-28,2014-03-31,2014-03-29 12:00:00,1.0186436971028645,observed,Calbayog City,City/municipality,Reliability-qualified DNB-BRDF,4,G2,10.0
36,0,0.95,152.79779,161.08087,94.85781,74.74824372561221,118.21912817256327,100.0,111,2014-04-01,2014-04-04,2014-04-02 12:00:00,1.3765566714175113,observed,Calbayog City,City/municipality,Reliability-qualified DNB-BRDF,4,G2,10.0
37,0,0.95,230.35272,161.08087,143.0044,112.6878899063586,178.2231051372625,100.0,111,2014-04-05,2014-04-08,2014-04-06 12:00:00,2.07524974926098,observed,Calbayog City,City/municipality,Reliability-qualified DNB-BRDF,4,G2,10.0
38,0,0.95,170.21956,157.1252,108.33371,85.23137589473558,135.522473341825,99.09909909909909,110,2014-04-09,2014-04-12,2014-04-10 12:00:00,1.5474505337801847,observed,Calbayog City,City/municipality,Reliability-qualified DNB-BRDF,4,G2,10.0
39,0,0.95,,,,,,2.7027027027027026,3,2014-04-13,2014-04-16,2014-04-14 12:00:00,,not observable,Calbayog City,City/municipality,Reliability-qualified DNB-BRDF,4,G2,10.0
40,0,0.95,153.37044,120.38978,127.394905,102.87792561859204,157.32232685108895,69.36936936936937,77,2014-04-17,2014-04-20,2014-04-18 12:00:00,1.9918238652216924,observed,Calbayog City,City/municipality,Reliability-qualified DNB-BRDF,4,G2,10.0
41,0,0.95,195.67732,159.6013,122.603836,96.58873454704522,152.82747338971268,99.09909909909909,110,2014-04-21,2014-04-24,2014-04-22 12:00:00,1.7788847489790482,observed,Calbayog City,City/municipality,Reliability-qualified DNB-BRDF,4,G2,10.0
42,0,0.95,199.13585,161.08087,123.624756,97.41668385347278,154.07071605447877,100.0,111,2014-04-25,2014-04-28,2014-04-26 12:00:00,1.7940166576488599,observed,Calbayog City,City/municipality,Reliability-qualified DNB-BRDF,4,G2,10.0
43,0,0.95,203.24307,161.08087,126.17455,99.42592735211969,157.24846315404093,100.0,111,2014-04-29,2014-05-02,2014-04-30 12:00:00,1.8310186712591499,observed,Calbayog City,City/municipality,Reliability-qualified DNB-BRDF,4,G2,10.0
44,0,0.95,145.04594,161.08087,90.04542,70.95606295727458,112.22155174854325,100.0,111,2014-05-03,2014-05-06,2014-05-04 12:00:00,1.3067202181429476,observed,Calbayog City,City/municipality,Reliability-qualified DNB-BRDF,4,G2,10.0
45,0,0.95,190.59491,161.08087,118.322495,93.23848163280464,147.46262201458086,100.0,111,2014-05-07,2014-05-10,2014-05-08 12:00:00,1.7170712582699887,observed,Calbayog City,City/municipality,Reliability-qualified DNB-BRDF,4,G2,10.0
46,0,0.95,114.36505,147.32622,77.62708,61.329286349991236,97.19294553434355,97.29729729729729,108,2014-05-11,2014-05-14,2014-05-12 12:00:00,1.058935659903067,observed,Calbayog City,City/municipality,Reliability-qualified DNB-BRDF,4,G2,10.0
47,0,0.95,117.76891,156.4535,75.27406,59.473498439049145,93.99408734373914,99.09909909909909,110,2014-05-15,2014-05-18,2014-05-16 12:00:00,1.070626484264027,observed,Calbayog City,City/municipality,Reliability-qualified DNB-BRDF,4,G2,10.0
48,0,0.95,133.93294,161.08087,83.14639,65.51961128900166,103.62345573260586,100.0,111,2014-05-19,2014-05-22,2014-05-20 12:00:00,1.206603041640273,observed,Calbayog City,City/municipality,Reliability-qualified DNB-BRDF,4,G2,10.0
49,0,0.95,202.21736,156.4535,129.25078,102.12010474699817,161.39434028718284,99.09909909909909,110,2014-05-23,2014-05-26,2014-05-24 12:00:00,1.8383396495472302,observed,Calbayog City,City/municipality,Reliability-qualified DNB-BRDF,4,G2,10.0
50,0,0.95,199.8885,150.41527,132.8911,104.49909356018264,166.28699854611,98.1981981981982,109,2014-05-27,2014-05-30,2014-05-28 12:00:00,1.8338394864983516,observed,Calbayog City,City/municipality,Reliability-qualified DNB-BRDF,4,G2,10.0
51,0,0.95,122.22313,161.08087,75.87687,59.791203517412335,94.56361246645321,100.0,111,2014-05-31,2014-06-03,2014-06-01 12:00:00,1.1011092727248732,observed,Calbayog City,City/municipality,Reliability-qualified DNB-BRDF,4,G2,10.0
52,0,0.95,145.89377,137.93076,105.77319,82.83932516348104,133.7886124055827,94.5945945945946,105,2014-06-04,2014-06-07,2014-06-05 12:00:00,1.3894644601004464,observed,Calbayog City,City/municipality,Reliability-qualified DNB-BRDF,4,G2,10.0
53,0,0.95,,,,,,0.0,0,2014-06-08,2014-06-11,2014-06-09 12:00:00,,not observable,Calbayog City,City/municipality,Reliability-qualified DNB-BRDF,4,G2,10.0
54,0,0.95,69.97488,146.21567,47.857304,38.13843785637131,59.77424835977016,87.38738738738739,97,2014-06-12,2014-06-15,2014-06-13 12:00:00,0.7213904783897793,observed,Calbayog City,City/municipality,Reliability-qualified DNB-BRDF,4,G2,10.0
55,0,0.95,130.7912,156.07285,83.801384,66.67397658066535,103.54469647806306,92.7927927927928,103,2014-06-16,2014-06-19,2014-06-17 12:00:00,1.2698174634026091,observed,Calbayog City,City/municipality,Reliability-qualified DNB-BRDF,4,G2,10.0
56,0,0.95,179.9008,152.78392,117.74852,92.71148646699852,146.77496512814662,95.49549549549549,106,2014-06-20,2014-06-23,2014-06-21 12:00:00,1.69717738313495,observed,Calbayog City,City/municipality,Reliability-qualified DNB-BRDF,4,G2,10.0
57,0,0.95,233.38666,161.08087,144.88788,114.17208728423113,180.5704582161145,100.0,111,2014-06-24,2014-06-27,2014-06-25 12:00:00,2.102582501935529,observed,Calbayog City,City/municipality,Reliability-qualified DNB-BRDF,4,G2,10.0
58,0,0.95,139.78543,159.17072,87.821075,69.1002353916391,109.04548483698304,95.49549549549549,106,2014-06-28,2014-07-01,2014-06-29 12:00:00,1.3187304802660673,observed,Calbayog City,City/municipality,Reliability-qualified DNB-BRDF,4,G2,10.0
59,0,0.95,,,,,,0.0,0,2014-07-02,2014-07-05,2014-07-03 12:00:00,,not observable,Calbayog City,City/municipality,Reliability-qualified DNB-BRDF,4,G2,10.0
60,0,0.95,,,,,,0.0,0,2014-07-06,2014-07-09,2014-07-07 12:00:00,,not observable,Calbayog City,City/municipality,Reliability-qualified DNB-BRDF,4,G2,10.0
61,0,0.95,67.72811,141.1027,47.999157,38.090041659061676,59.89854026653022,95.49549549549549,106,2014-07-10,2014-07-13,2014-07-11 12:00:00,0.6389444459159419,observed,Calbayog City,City/municipality,Reliability-qualified DNB-BRDF,4,G2,10.0
62,0,0.95,,,,,,8.108108108108109,9,2014-07-14,2014-07-17,2014-07-15 12:00:00,,not observable,Calbayog City,City/municipality,Reliability-qualified DNB-BRDF,4,G2,10.0
63,0,0.95,,,,,,0.0,0,2014-07-18,2014-07-21,2014-07-19 12:00:00,,not observable,Calbayog City,City/municipality,Reliability-qualified DNB-BRDF,4,G2,10.0
64,0,0.95,,,,,,5.405405405405405,6,2014-07-22,2014-07-25,2014-07-23 12:00:00,,not observable,Calbayog City,City/municipality,Reliability-qualified DNB-BRDF,4,G2,10.0
65,0,0.95,,,,,,0.0,0,2014-07-26,2014-07-29,2014-07-27 12:00:00,,not observable,Calbayog City,City/municipality,Reliability-qualified DNB-BRDF,4,G2,10.0
66,0,0.95,,,,,,0.0,0,2014-07-30,2014-08-02,2014-07-31 12:00:00,,not observable,Calbayog City,City/municipality,Reliability-qualified DNB-BRDF,4,G2,10.0
67,0,0.95,,,,,,0.0,0,2014-08-03,2014-08-06,2014-08-04 12:00:00,,not observable,Calbayog City,City/municipality,Reliability-qualified DNB-BRDF,4,G2,10.0
68,0,0.95,60.04679,121.313866,49.497055,38.762111435137534,61.56830415325552,90.990990990991,101,2014-08-07,2014-08-10,2014-08-08 12:00:00,0.5945226839273283,observed,Calbayog City,City/municipality,Reliability-qualified DNB-BRDF,4,G2,10.0
69,0,0.95,113.130936,152.18599,74.33729,58.632750515893996,93.07315585106913,97.29729729729729,108,2014-08-11,2014-08-14,2014-08-12 12:00:00,1.0475086636013455,observed,Calbayog City,City/municipality,Reliability-qualified DNB-BRDF,4,G2,10.0
70,0,0.95,111.39558,137.89557,80.78256,64.20771486322943,100.00689525358625,90.990990990991,101,2014-08-15,2014-08-18,2014-08-16 12:00:00,1.1029264997727801,observed,Calbayog City,City/municipality,Reliability-qualified DNB-BRDF,4,G2,10.0
71,0,0.95,80.15615,106.57666,75.209854,58.872589299832775,93.94463756597482,69.36936936936937,77,2014-08-19,2014-08-22,2014-08-20 12:00:00,1.0409889716606635,observed,Calbayog City,City/municipality,Reliability-qualified DNB-BRDF,4,G2,10.0
72,0,0.95,162.98141,160.43405,101.5878,80.0364819579171,126.54408379198618,99.09909909909909,110,2014-08-23,2014-08-26,2014-08-24 12:00:00,1.4816492254083806,observed,Calbayog City,City/municipality,Reliability-qualified DNB-BRDF,4,G2,10.0
73,0,0.95,,,,,,0.0,0,2014-08-27,2014-08-30,2014-08-28 12:00:00,,not observable,Calbayog City,City/municipality,Reliability-qualified DNB-BRDF,4,G2,10.0
74,0,0.95,,,,,,0.0,0,2014-08-31,2014-09-03,2014-09-01 12:00:00,,not observable,Calbayog City,City/municipality,Reliability-qualified DNB-BRDF,4,G2,10.0
75,0,0.95,,,,,,5.405405405405405,6,2014-09-04,2014-09-07,2014-09-05 12:00:00,,not observable,Calbayog City,City/municipality,Reliability-qualified DNB-BRDF,4,G2,10.0
76,0,0.95,73.838135,123.14449,59.960567,47.95156854569434,73.53400079851437,87.38738738738739,97,2014-09-08,2014-09-11,2014-09-09 12:00:00,0.761217884181701,observed,Calbayog City,City/municipality,Reliability-qualified DNB-BRDF,4,G2,10.0
77,0,0.95,59.574287,88.030685,67.67445,55.75073974327474,80.97199042197306,35.13513513513514,39,2014-09-12,2014-09-15,2014-09-13 12:00:00,1.5275458311423278,observed,Calbayog City,City/municipality,Reliability-qualified DNB-BRDF,4,G2,10.0
78,0,0.95,9.930566,8.018792,123.84116,97.37726220296202,171.80512763419463,13.513513513513514,15,2014-09-16,2014-09-19,2014-09-17 12:00:00,0.662037722269694,observed,Calbayog City,City/municipality,Reliability-qualified DNB-BRDF,4,G2,10.0
79,0,0.95,231.00774,161.08087,143.41103,113.00832358943494,178.72989150122663,100.0,111,2014-09-20,2014-09-23,2014-09-21 12:00:00,2.0811507766311235,observed,Calbayog City,City/municipality,Reliability-qualified DNB-BRDF,4,G2,10.0
80,0,0.95,123.87493,145.36534,85.21628,66.30374020136156,106.23865652439477,97.29729729729729,108,2014-09-24,2014-09-27,2014-09-25 12:00:00,1.1469901049578632,observed,Calbayog City,City/municipality,Reliability-qualified DNB-BRDF,4,G2,10.0
81,0,0.95,157.62473,159.9171,98.56652,77.6020873259244,122.6659066220131,98.1981981981982,109,2014-09-28,2014-10-01,2014-09-29 12:00:00,1.446098397631164,observed,Calbayog City,City/municipality,Reliability-qualified DNB-BRDF,4,G2,10.0
82,0,0.95,54.68053,57.60321,94.926186,67.74200351340674,130.13926004888867,74.77477477477477,83,2014-10-02,2014-10-05,2014-10-03 12:00:00,0.658801572868623,observed,Calbayog City,City/municipality,Reliability-qualified DNB-BRDF,4,G2,10.0
83,0,0.95,,,,,,0.0,0,2014-10-06,2014-10-09,2014-10-07 12:00:00,,not observable,Calbayog City,City/municipality,Reliability-qualified DNB-BRDF,4,G2,10.0
84,0,0.95,133.85071,154.79335,86.47057,68.04591014790232,107.74430238164565,99.09909909909909,110,2014-10-10,2014-10-13,2014-10-11 12:00:00,1.2168246182528408,observed,Calbayog City,City/municipality,Reliability-qualified DNB-BRDF,4,G2,10.0
85,0,0.95,63.135826,93.03603,67.86169,54.020353157578114,86.49549795736431,72.07207207207207,80,2014-10-14,2014-10-17,2014-10-15 12:00:00,0.7891978263854981,observed,Calbayog City,City/municipality,Reliability-qualified DNB-BRDF,4,G2,10.0
86,0,0.95,165.95764,151.82225,109.310486,86.25384676700315,135.47811855133585,98.1981981981982,109,2014-10-18,2014-10-21,2014-10-19 12:00:00,1.5225471706565368,observed,Calbayog City,City/municipality,Reliability-qualified DNB-BRDF,4,G2,10.0
87,0,0.95,146.06743,152.39932,95.8452,75.28133857505254,120.63103081696433,98.1981981981982,109,2014-10-22,2014-10-25,2014-10-23 12:00:00,1.3400681521914422,observed,Calbayog City,City/municipality,Reliability-qualified DNB-BRDF,4,G2,10.0
88,0,0.95,42.517048,62.658554,67.85513,50.06122902594313,88.89008386689156,60.36036036036036,67,2014-10-26,2014-10-29,2014-10-27 12:00:00,0.6345828042101505,observed,Calbayog City,City/municipality,Reliability-qualified DNB-BRDF,4,G2,10.0
89,0,0.95,205.18953,137.65727,149.05826,116.94585954127406,187.2092274127718,90.990990990991,101,2014-10-30,2014-11-02,2014-10-31 12:00:00,2.0315794991974783,observed,Calbayog City,City/municipality,Reliability-qualified DNB-BRDF,4,G2,10.0
90,0,0.95,50.33923,84.196396,59.787865,44.26249556737656,78.174521802749,84.68468468468468,94,2014-11-03,2014-11-06,2014-11-04 12:00:00,0.53552371897596,observed,Calbayog City,City/municipality,Reliability-qualified DNB-BRDF,4,G2,10.0
