block,spatial_ref,quantile,current_radiance,matched_baseline_radiance,recovery_pct,recovery_low_pct,recovery_high_pct,spatial_coverage_pct,valid_pixel_count,date_start,date_end,date_mid,mean_ntl,observation_status,unit_name,unit_type,method,aggregation_days,ghsl_mask,sc_threshold_pct
-45,0,0.95,158.34386,113.83347,139.10132,122.4623031616211,150.93795776367188,100.0,16,2013-05-12,2013-05-15,2013-05-13 12:00:00,9.896491050720215,observed,Tacloban City Centre,POI 5×5,Reliability-qualified DNB-BRDF,4,G2,10.0
-44,0,0.95,105.820175,113.83347,92.96051,81.84076690673828,100.87085723876953,100.0,16,2013-05-16,2013-05-19,2013-05-17 12:00:00,6.613760948181152,observed,Tacloban City Centre,POI 5×5,Reliability-qualified DNB-BRDF,4,G2,10.0
-43,0,0.95,125.67064,113.83347,110.39867,97.19300842285156,119.79289245605469,100.0,16,2013-05-20,2013-05-23,2013-05-21 12:00:00,7.854414939880371,observed,Tacloban City Centre,POI 5×5,Reliability-qualified DNB-BRDF,4,G2,10.0
-42,0,0.95,152.0024,113.83347,133.53049,117.55784606933594,144.89308166503906,100.0,16,2013-05-24,2013-05-27,2013-05-25 12:00:00,9.500149726867676,observed,Tacloban City Centre,POI 5×5,Reliability-qualified DNB-BRDF,4,G2,10.0
-41,0,0.95,183.53723,98.22286,186.85796,163.72996520996094,200.99777221679688,87.5,14,2013-05-28,2013-05-31,2013-05-29 12:00:00,13.10980224609375,observed,Tacloban City Centre,POI 5×5,Reliability-qualified DNB-BRDF,4,G2,10.0
-40,0,0.95,,,,,,0.0,0,2013-06-01,2013-06-04,2013-06-02 12:00:00,,not observable,Tacloban City Centre,POI 5×5,Reliability-qualified DNB-BRDF,4,G2,10.0
-39,0,0.95,,,,,,0.0,0,2013-06-05,2013-06-08,2013-06-06 12:00:00,,not observable,Tacloban City Centre,POI 5×5,Reliability-qualified DNB-BRDF,4,G2,10.0
-38,0,0.95,,,,,,0.0,0,2013-06-09,2013-06-12,2013-06-10 12:00:00,,not observable,Tacloban City Centre,POI 5×5,Reliability-qualified DNB-BRDF,4,G2,10.0
-37,0,0.95,,,,,,0.0,0,2013-06-13,2013-06-16,2013-06-14 12:00:00,,not observable,Tacloban City Centre,POI 5×5,Reliability-qualified DNB-BRDF,4,G2,10.0
-36,0,0.95,,,,,,0.0,0,2013-06-17,2013-06-20,2013-06-18 12:00:00,,not observable,Tacloban City Centre,POI 5×5,Reliability-qualified DNB-BRDF,4,G2,10.0
-35,0,0.95,89.957306,91.555466,98.25443,84.9753646850586,107.83694458007812,81.25,13,2013-06-21,2013-06-24,2013-06-22 12:00:00,6.919792762169471,observed,Tacloban City Centre,POI 5×5,Reliability-qualified DNB-BRDF,4,G2,10.0
-34,0,0.95,,,,,,0.0,0,2013-06-25,2013-06-28,2013-06-26 12:00:00,,not observable,Tacloban City Centre,POI 5×5,Reliability-qualified DNB-BRDF,4,G2,10.0
-33,0,0.95,130.60416,113.83347,114.73265,101.0085678100586,124.49567413330078,100.0,16,2013-06-29,2013-07-02,2013-06-30 12:00:00,8.162759780883789,observed,Tacloban City Centre,POI 5×5,Reliability-qualified DNB-BRDF,4,G2,10.0
-32,0,0.95,116.28812,113.83347,102.15634,89.93661499023438,110.84920501708984,100.0,16,2013-07-03,2013-07-06,2013-07-04 12:00:00,7.268007278442383,observed,Tacloban City Centre,POI 5×5,Reliability-qualified DNB-BRDF,4,G2,10.0
-31,0,0.95,126.17786,113.83347,110.844246,97.58528900146484,120.2763900756836,100.0,16,2013-07-07,2013-07-10,2013-07-08 12:00:00,7.886116027832031,observed,Tacloban City Centre,POI 5×5,Reliability-qualified DNB-BRDF,4,G2,10.0
-30,0,0.95,,,,,,0.0,0,2013-07-11,2013-07-14,2013-07-12 12:00:00,,not observable,Tacloban City Centre,POI 5×5,Reliability-qualified DNB-BRDF,4,G2,10.0
-29,0,0.95,77.25775,113.83347,67.8691,59.75074005126953,73.64433288574219,100.0,16,2013-07-15,2013-07-18,2013-07-16 12:00:00,4.828609466552734,observed,Tacloban City Centre,POI 5×5,Reliability-qualified DNB-BRDF,4,G2,10.0
-28,0,0.95,117.44789,85.50827,137.35266,122.35877227783203,148.37257385253906,75.0,12,2013-07-19,2013-07-22,2013-07-20 12:00:00,9.78732426961263,observed,Tacloban City Centre,POI 5×5,Reliability-qualified DNB-BRDF,4,G2,10.0
-27,0,0.95,,,,,,0.0,0,2013-07-23,2013-07-26,2013-07-24 12:00:00,,not observable,Tacloban City Centre,POI 5×5,Reliability-qualified DNB-BRDF,4,G2,10.0
-26,0,0.95,,,,,,0.0,0,2013-07-27,2013-07-30,2013-07-28 12:00:00,,not observable,Tacloban City Centre,POI 5×5,Reliability-qualified DNB-BRDF,4,G2,10.0
-25,0,0.95,,,,,,0.0,0,2013-07-31,2013-08-03,2013-08-01 12:00:00,,not observable,Tacloban City Centre,POI 5×5,Reliability-qualified DNB-BRDF,4,G2,10.0
-24,0,0.95,,,,,,0.0,0,2013-08-04,2013-08-07,2013-08-05 12:00:00,,not observable,Tacloban City Centre,POI 5×5,Reliability-qualified DNB-BRDF,4,G2,10.0
-23,0,0.95,,,,,,0.0,0,2013-08-08,2013-08-11,2013-08-09 12:00:00,,not observable,Tacloban City Centre,POI 5×5,Reliability-qualified DNB-BRDF,4,G2,10.0
-22,0,0.95,,,,,,0.0,0,2013-08-12,2013-08-15,2013-08-13 12:00:00,,not observable,Tacloban City Centre,POI 5×5,Reliability-qualified DNB-BRDF,4,G2,10.0
-21,0,0.95,,,,,,0.0,0,2013-08-16,2013-08-19,2013-08-17 12:00:00,,not observable,Tacloban City Centre,POI 5×5,Reliability-qualified DNB-BRDF,4,G2,10.0
-20,0,0.95,,,,,,0.0,0,2013-08-20,2013-08-23,2013-08-21 12:00:00,,not observable,Tacloban City Centre,POI 5×5,Reliability-qualified DNB-BRDF,4,G2,10.0
-19,0,0.95,,,,,,0.0,0,2013-08-24,2013-08-27,2013-08-25 12:00:00,,not observable,Tacloban City Centre,POI 5×5,Reliability-qualified DNB-BRDF,4,G2,10.0
-18,0,0.95,117.04136,113.83347,102.81805,90.51917266845703,111.56721496582031,100.0,16,2013-08-28,2013-08-31,2013-08-29 12:00:00,7.315084934234619,observed,Tacloban City Centre,POI 5×5,Reliability-qualified DNB-BRDF,4,G2,10.0
-17,0,0.95,116.01598,113.83347,101.91728,89.72615051269531,110.58980560302734,100.0,16,2013-09-01,2013-09-04,2013-09-02 12:00:00,7.2509989738464355,observed,Tacloban City Centre,POI 5×5,Reliability-qualified DNB-BRDF,4,G2,10.0
-16,0,0.95,118.22789,113.83347,103.86039,91.43682861328125,112.69825744628906,100.0,16,2013-09-05,2013-09-08,2013-09-06 12:00:00,7.389243125915527,observed,Tacloban City Centre,POI 5×5,Reliability-qualified DNB-BRDF,4,G2,10.0
-15,0,0.95,,,,,,0.0,0,2013-09-09,2013-09-12,2013-09-10 12:00:00,,not observable,Tacloban City Centre,POI 5×5,Reliability-qualified DNB-BRDF,4,G2,10.0
-14,0,0.95,105.60794,113.83347,92.77406,81.67662048339844,100.66854858398438,100.0,16,2013-09-13,2013-09-16,2013-09-14 12:00:00,6.600496292114258,observed,Tacloban City Centre,POI 5×5,Reliability-qualified DNB-BRDF,4,G2,10.0
-13,0,0.95,,,,,,0.0,0,2013-09-17,2013-09-20,2013-09-18 12:00:00,,not observable,Tacloban City Centre,POI 5×5,Reliability-qualified DNB-BRDF,4,G2,10.0
-12,0,0.95,,,,,,0.0,0,2013-09-21,2013-09-24,2013-09-22 12:00:00,,not observable,Tacloban City Centre,POI 5×5,Reliability-qualified DNB-BRDF,4,G2,10.0
-11,0,0.95,102.47139,91.8254,111.59373,97.20952606201172,123.08382415771484,81.25,13,2013-09-25,2013-09-28,2013-09-26 12:00:00,7.88241459773137,observed,Tacloban City Centre,POI 5×5,Reliability-qualified DNB-BRDF,4,G2,10.0
-10,0,0.95,,,,,,0.0,0,2013-09-29,2013-10-02,2013-09-30 12:00:00,,not observable,Tacloban City Centre,POI 5×5,Reliability-qualified DNB-BRDF,4,G2,10.0
-9,0,0.95,129.95514,93.49083,139.00308,123.504638671875,150.46400451660156,81.25,13,2013-10-03,2013-10-06,2013-10-04 12:00:00,9.996549166165865,observed,Tacloban City Centre,POI 5×5,Reliability-qualified DNB-BRDF,4,G2,10.0
-8,0,0.95,,,,,,0.0,0,2013-10-07,2013-10-10,2013-10-08 12:00:00,,not observable,Tacloban City Centre,POI 5×5,Reliability-qualified DNB-BRDF,4,G2,10.0
-7,0,0.95,102.9395,113.83347,90.42991,79.61286926269531,98.12491607666016,100.0,16,2013-10-11,2013-10-14,2013-10-12 12:00:00,6.433718681335449,observed,Tacloban City Centre,POI 5×5,Reliability-qualified DNB-BRDF,4,G2,10.0
-6,0,0.95,116.72415,113.83347,102.53939,90.27384185791016,111.26484680175781,100.0,16,2013-10-15,2013-10-18,2013-10-16 12:00:00,7.295259475708008,observed,Tacloban City Centre,POI 5×5,Reliability-qualified DNB-BRDF,4,G2,10.0
-5,0,0.95,,,,,,0.0,0,2013-10-19,2013-10-22,2013-10-20 12:00:00,,not observable,Tacloban City Centre,POI 5×5,Reliability-qualified DNB-BRDF,4,G2,10.0
-4,0,0.95,,,,,,0.0,0,2013-10-23,2013-10-26,2013-10-24 12:00:00,,not observable,Tacloban City Centre,POI 5×5,Reliability-qualified DNB-BRDF,4,G2,10.0
-3,0,0.95,21.694767,29.212765,74.26469,59.07109069824219,83.63361358642578,31.25,5,2013-10-27,2013-10-30,2013-10-28 12:00:00,4.3389533996582035,observed,Tacloban City Centre,POI 5×5,Reliability-qualified DNB-BRDF,4,G2,10.0
-2,0,0.95,124.37276,113.83347,109.25851,96.1892318725586,118.55571746826172,100.0,16,2013-10-31,2013-11-03,2013-11-01 12:00:00,7.773297309875488,observed,Tacloban City Centre,POI 5×5,Reliability-qualified DNB-BRDF,4,G2,10.0
-1,0,0.95,,,,,,0.0,0,2013-11-04,2013-11-07,2013-11-05 12:00:00,,not observable,Tacloban City Centre,POI 5×5,Reliability-qualified DNB-BRDF,4,G2,10.0
0,0,0.95,6.295947,113.83347,5.53084,4.8692522048950195,6.001479625701904,100.0,16,2013-11-08,2013-11-11,2013-11-09 12:00:00,0.39349669218063354,observed,Tacloban City Centre,POI 5×5,Reliability-qualified DNB-BRDF,4,G2,10.0
1,0,0.95,5.8674755,37.582012,15.612457,12.995245933532715,18.115095138549805,37.5,6,2013-11-12,2013-11-15,2013-11-13 12:00:00,0.9779125849405924,observed,Tacloban City Centre,POI 5×5,Reliability-qualified DNB-BRDF,4,G2,10.0
2,0,0.95,14.399397,76.0251,18.94032,16.36638069152832,20.863887786865234,68.75,11,2013-11-16,2013-11-19,2013-11-17 12:00:00,1.3090360814874822,observed,Tacloban City Centre,POI 5×5,Reliability-qualified DNB-BRDF,4,G2,10.0
3,0,0.95,,,,,,0.0,0,2013-11-20,2013-11-23,2013-11-21 12:00:00,,not observable,Tacloban City Centre,POI 5×5,Reliability-qualified DNB-BRDF,4,G2,10.0
4,0,0.95,,,,,,0.0,0,2013-11-24,2013-11-27,2013-11-25 12:00:00,,not observable,Tacloban City Centre,POI 5×5,Reliability-qualified DNB-BRDF,4,G2,10.0
5,0,0.95,22.95054,113.83347,20.161503,17.749826431274414,21.877119064331055,100.0,16,2013-11-28,2013-12-01,2013-11-29 12:00:00,1.4344087839126587,observed,Tacloban City Centre,POI 5×5,Reliability-qualified DNB-BRDF,4,G2,10.0
6,0,0.95,36.7998,113.83347,32.32775,28.460771560668945,35.078636169433594,100.0,16,2013-12-02,2013-12-05,2013-12-03 12:00:00,2.299987554550171,observed,Tacloban City Centre,POI 5×5,Reliability-qualified DNB-BRDF,4,G2,10.0
7,0,0.95,36.777885,113.83347,32.3085,28.443822860717773,35.05774688720703,100.0,16,2013-12-06,2013-12-09,2013-12-07 12:00:00,2.2986178398132324,observed,Tacloban City Centre,POI 5×5,Reliability-qualified DNB-BRDF,4,G2,10.0
8,0,0.95,39.917755,113.83347,35.0668,30.872180938720703,38.05076217651367,100.0,16,2013-12-10,2013-12-13,2013-12-11 12:00:00,2.4948596954345703,observed,Tacloban City Centre,POI 5×5,Reliability-qualified DNB-BRDF,4,G2,10.0
9,0,0.95,19.91415,84.16108,23.661947,20.397939682006836,26.1080322265625,75.0,12,2013-12-14,2013-12-17,2013-12-15 12:00:00,1.6595125198364258,observed,Tacloban City Centre,POI 5×5,Reliability-qualified DNB-BRDF,4,G2,10.0
10,0,0.95,,,,,,0.0,0,2013-12-18,2013-12-21,2013-12-19 12:00:00,,not observable,Tacloban City Centre,POI 5×5,Reliability-qualified DNB-BRDF,4,G2,10.0
11,0,0.95,23.5747,56.32468,41.855007,36.55044937133789,45.40675354003906,50.0,8,2013-12-22,2013-12-25,2013-12-23 12:00:00,2.9468374252319336,observed,Tacloban City Centre,POI 5×5,Reliability-qualified DNB-BRDF,4,G2,10.0
12,0,0.95,34.81248,98.253235,35.431385,31.145715713500977,38.62638473510742,87.5,14,2013-12-26,2013-12-29,2013-12-27 12:00:00,2.486605780465262,observed,Tacloban City Centre,POI 5×5,Reliability-qualified DNB-BRDF,4,G2,10.0
13,0,0.95,1.3137629,9.342016,14.062949,10.801246643066406,14.691246032714844,12.5,2,2013-12-30,2014-01-02,2013-12-31 12:00:00,0.6568814516067505,observed,Tacloban City Centre,POI 5×5,Reliability-qualified DNB-BRDF,4,G2,10.0
14,0,0.95,42.476025,113.83347,37.31418,32.85073471069336,40.4893798828125,100.0,16,2014-01-03,2014-01-06,2014-01-04 12:00:00,2.6547515392303467,observed,Tacloban City Centre,POI 5×5,Reliability-qualified DNB-BRDF,4,G2,10.0
15,0,0.95,,,,,,0.0,0,2014-01-07,2014-01-10,2014-01-08 12:00:00,,not observable,Tacloban City Centre,POI 5×5,Reliability-qualified DNB-BRDF,4,G2,10.0
16,0,0.95,,,,,,0.0,0,2014-01-11,2014-01-14,2014-01-12 12:00:00,,not observable,Tacloban City Centre,POI 5×5,Reliability-qualified DNB-BRDF,4,G2,10.0
17,0,0.95,,,,,,0.0,0,2014-01-15,2014-01-18,2014-01-16 12:00:00,,not observable,Tacloban City Centre,POI 5×5,Reliability-qualified DNB-BRDF,4,G2,10.0
18,0,0.95,,,,,,0.0,0,2014-01-19,2014-01-22,2014-01-20 12:00:00,,not observable,Tacloban City Centre,POI 5×5,Reliability-qualified DNB-BRDF,4,G2,10.0
19,0,0.95,43.33895,106.47163,40.704693,35.96685028076172,44.406307220458984,93.75,15,2014-01-23,2014-01-26,2014-01-24 12:00:00,2.889263407389323,observed,Tacloban City Centre,POI 5×5,Reliability-qualified DNB-BRDF,4,G2,10.0
20,0,0.95,46.9888,113.83347,41.27854,36.34088897705078,44.79108428955078,100.0,16,2014-01-27,2014-01-30,2014-01-28 12:00:00,2.936800003051758,observed,Tacloban City Centre,POI 5×5,Reliability-qualified DNB-BRDF,4,G2,10.0
21,0,0.95,43.05287,113.83347,37.820923,33.2968635559082,41.03924560546875,100.0,16,2014-01-31,2014-02-03,2014-02-01 12:00:00,2.6908044815063477,observed,Tacloban City Centre,POI 5×5,Reliability-qualified DNB-BRDF,4,G2,10.0
22,0,0.95,64.862076,113.83347,56.97979,50.16398620605469,61.82841110229492,100.0,16,2014-02-04,2014-02-07,2014-02-05 12:00:00,4.053879737854004,observed,Tacloban City Centre,POI 5×5,Reliability-qualified DNB-BRDF,4,G2,10.0
23,0,0.95,,,,,,6.25,1,2014-02-08,2014-02-11,2014-02-09 12:00:00,,not observable,Tacloban City Centre,POI 5×5,Reliability-qualified DNB-BRDF,4,G2,10.0
24,0,0.95,32.717716,106.439095,30.73844,27.02480125427246,33.466426849365234,93.75,15,2014-02-12,2014-02-15,2014-02-13 12:00:00,2.1811810811360677,observed,Tacloban City Centre,POI 5×5,Reliability-qualified DNB-BRDF,4,G2,10.0
25,0,0.95,47.440384,113.83347,41.67525,36.69014358520508,45.22154998779297,100.0,16,2014-02-16,2014-02-19,2014-02-17 12:00:00,2.965023994445801,observed,Tacloban City Centre,POI 5×5,Reliability-qualified DNB-BRDF,4,G2,10.0
26,0,0.95,5.6145597,30.202217,18.589893,17.457515716552734,19.488265991210938,25.0,4,2014-02-20,2014-02-23,2014-02-21 12:00:00,1.4036399126052856,observed,Tacloban City Centre,POI 5×5,Reliability-qualified DNB-BRDF,4,G2,10.0
27,0,0.95,60.19037,113.83347,52.87581,46.5509147644043,57.375205993652344,100.0,16,2014-02-24,2014-02-27,2014-02-25 12:00:00,3.7618980407714844,observed,Tacloban City Centre,POI 5×5,Reliability-qualified DNB-BRDF,4,G2,10.0
28,0,0.95,59.838028,113.83347,52.566284,46.27841567993164,57.039344787597656,100.0,16,2014-02-28,2014-03-03,2014-03-01 12:00:00,3.7398767471313477,observed,Tacloban City Centre,POI 5×5,Reliability-qualified DNB-BRDF,4,G2,10.0
29,0,0.95,65.56811,113.83347,57.60002,50.710025787353516,62.50141906738281,100.0,16,2014-03-04,2014-03-07,2014-03-05 12:00:00,4.098006725311279,observed,Tacloban City Centre,POI 5×5,Reliability-qualified DNB-BRDF,4,G2,10.0
30,0,0.95,62.711098,113.83347,55.09021,48.50043487548828,59.778038024902344,100.0,16,2014-03-08,2014-03-11,2014-03-09 12:00:00,3.9194436073303223,observed,Tacloban City Centre,POI 5×5,Reliability-qualified DNB-BRDF,4,G2,10.0
31,0,0.95,70.97847,113.83347,62.3529,54.89437484741211,67.65873718261719,100.0,16,2014-03-12,2014-03-15,2014-03-13 12:00:00,4.436154365539551,observed,Tacloban City Centre,POI 5×5,Reliability-qualified DNB-BRDF,4,G2,10.0
32,0,0.95,48.0789,106.20169,45.271313,39.75210189819336,49.179134368896484,93.75,15,2014-03-16,2014-03-19,2014-03-17 12:00:00,3.2052599589029946,observed,Tacloban City Centre,POI 5×5,Reliability-qualified DNB-BRDF,4,G2,10.0
33,0,0.95,,,,,,0.0,0,2014-03-20,2014-03-23,2014-03-21 12:00:00,,not observable,Tacloban City Centre,POI 5×5,Reliability-qualified DNB-BRDF,4,G2,10.0
34,0,0.95,35.945694,113.83347,31.577436,27.800209045410156,34.26447677612305,100.0,16,2014-03-24,2014-03-27,2014-03-25 12:00:00,2.24660587310791,observed,Tacloban City Centre,POI 5×5,Reliability-qualified DNB-BRDF,4,G2,10.0
35,0,0.95,89.814735,113.83347,78.90011,69.46224212646484,85.614013671875,100.0,16,2014-03-28,2014-03-31,2014-03-29 12:00:00,5.6134209632873535,observed,Tacloban City Centre,POI 5×5,Reliability-qualified DNB-BRDF,4,G2,10.0
36,0,0.95,61.12462,113.83347,53.696526,47.27345657348633,58.2657585144043,100.0,16,2014-04-01,2014-04-04,2014-04-02 12:00:00,3.82028865814209,observed,Tacloban City Centre,POI 5×5,Reliability-qualified DNB-BRDF,4,G2,10.0
37,0,0.95,122.32375,113.83347,107.4585,94.60454559326172,116.60254669189453,100.0,16,2014-04-05,2014-04-08,2014-04-06 12:00:00,7.64523458480835,observed,Tacloban City Centre,POI 5×5,Reliability-qualified DNB-BRDF,4,G2,10.0
38,0,0.95,39.17811,53.82483,72.78817,62.59889602661133,78.5057601928711,50.0,8,2014-04-09,2014-04-12,2014-04-10 12:00:00,4.897263526916504,observed,Tacloban City Centre,POI 5×5,Reliability-qualified DNB-BRDF,4,G2,10.0
39,0,0.95,,,,,,0.0,0,2014-04-13,2014-04-16,2014-04-14 12:00:00,,not observable,Tacloban City Centre,POI 5×5,Reliability-qualified DNB-BRDF,4,G2,10.0
40,0,0.95,55.67525,113.83347,48.90938,43.05894470214844,53.07126235961914,100.0,16,2014-04-17,2014-04-20,2014-04-18 12:00:00,3.479703187942505,observed,Tacloban City Centre,POI 5×5,Reliability-qualified DNB-BRDF,4,G2,10.0
41,0,0.95,80.220055,113.83347,70.47141,62.04176712036133,76.46807861328125,100.0,16,2014-04-21,2014-04-24,2014-04-22 12:00:00,5.013753414154053,observed,Tacloban City Centre,POI 5×5,Reliability-qualified DNB-BRDF,4,G2,10.0
42,0,0.95,64.98876,113.83347,57.09108,50.261962890625,61.94916915893555,100.0,16,2014-04-25,2014-04-28,2014-04-26 12:00:00,4.061797618865967,observed,Tacloban City Centre,POI 5×5,Reliability-qualified DNB-BRDF,4,G2,10.0
43,0,0.95,93.691284,113.83347,82.30557,72.4603500366211,89.30925750732422,100.0,16,2014-04-29,2014-05-02,2014-04-30 12:00:00,5.855705261230469,observed,Tacloban City Centre,POI 5×5,Reliability-qualified DNB-BRDF,4,G2,10.0
44,0,0.95,54.960365,113.83347,48.281376,42.50605773925781,52.38981628417969,100.0,16,2014-05-03,2014-05-06,2014-05-04 12:00:00,3.4350228309631348,observed,Tacloban City Centre,POI 5×5,Reliability-qualified DNB-BRDF,4,G2,10.0
45,0,0.95,93.03027,113.83347,81.724884,71.9491195678711,88.67915344238281,100.0,16,2014-05-07,2014-05-10,2014-05-08 12:00:00,5.81439208984375,observed,Tacloban City Centre,POI 5×5,Reliability-qualified DNB-BRDF,4,G2,10.0
46,0,0.95,70.78376,113.83347,62.18185,54.7437858581543,67.47312927246094,100.0,16,2014-05-11,2014-05-14,2014-05-12 12:00:00,4.423985004425049,observed,Tacloban City Centre,POI 5×5,Reliability-qualified DNB-BRDF,4,G2,10.0
47,0,0.95,74.87852,113.83347,65.779,57.910648345947266,71.37637329101562,100.0,16,2014-05-15,2014-05-18,2014-05-16 12:00:00,4.679907321929932,observed,Tacloban City Centre,POI 5×5,Reliability-qualified DNB-BRDF,4,G2,10.0
48,0,0.95,67.42288,113.83347,59.229397,52.144500732421875,64.26944732666016,100.0,16,2014-05-19,2014-05-22,2014-05-20 12:00:00,4.213930130004883,observed,Tacloban City Centre,POI 5×5,Reliability-qualified DNB-BRDF,4,G2,10.0
49,0,0.95,105.57211,113.83347,92.74259,81.64891052246094,100.6343994140625,100.0,16,2014-05-23,2014-05-26,2014-05-24 12:00:00,6.598257064819336,observed,Tacloban City Centre,POI 5×5,Reliability-qualified DNB-BRDF,4,G2,10.0
50,0,0.95,88.633896,113.83347,77.86277,68.54898834228516,84.4884033203125,100.0,16,2014-05-27,2014-05-30,2014-05-28 12:00:00,5.539618492126465,observed,Tacloban City Centre,POI 5×5,Reliability-qualified DNB-BRDF,4,G2,10.0
51,0,0.95,80.6169,113.83347,70.82003,62.34868621826172,76.84636688232422,100.0,16,2014-05-31,2014-06-03,2014-06-01 12:00:00,5.038556098937988,observed,Tacloban City Centre,POI 5×5,Reliability-qualified DNB-BRDF,4,G2,10.0
52,0,0.95,51.32767,113.83347,45.090137,39.69654846191406,48.927024841308594,100.0,16,2014-06-04,2014-06-07,2014-06-05 12:00:00,3.207979440689087,observed,Tacloban City Centre,POI 5×5,Reliability-qualified DNB-BRDF,4,G2,10.0
53,0,0.95,,,,,,0.0,0,2014-06-08,2014-06-11,2014-06-09 12:00:00,,not observable,Tacloban City Centre,POI 5×5,Reliability-qualified DNB-BRDF,4,G2,10.0
54,0,0.95,,,,,,0.0,0,2014-06-12,2014-06-15,2014-06-13 12:00:00,,not observable,Tacloban City Centre,POI 5×5,Reliability-qualified DNB-BRDF,4,G2,10.0
55,0,0.95,54.182243,113.83347,47.597813,41.904258728027344,51.6480827331543,100.0,16,2014-06-16,2014-06-19,2014-06-17 12:00:00,3.386390209197998,observed,Tacloban City Centre,POI 5×5,Reliability-qualified DNB-BRDF,4,G2,10.0
56,0,0.95,74.8229,113.83347,65.73014,57.867637634277344,71.32335662841797,100.0,16,2014-06-20,2014-06-23,2014-06-21 12:00:00,4.676431179046631,observed,Tacloban City Centre,POI 5×5,Reliability-qualified DNB-BRDF,4,G2,10.0
57,0,0.95,,,,,,0.0,0,2014-06-24,2014-06-27,2014-06-25 12:00:00,,not observable,Tacloban City Centre,POI 5×5,Reliability-qualified DNB-BRDF,4,G2,10.0
58,0,0.95,5.704174,14.941988,38.17547,36.297393798828125,40.07962417602539,12.5,2,2014-06-28,2014-07-01,2014-06-29 12:00:00,2.8520870208740234,observed,Tacloban City Centre,POI 5×5,Reliability-qualified DNB-BRDF,4,G2,10.0
59,0,0.95,43.557854,100.95621,43.145294,37.97488784790039,46.324195861816406,87.5,14,2014-07-02,2014-07-05,2014-07-03 12:00:00,3.1112752641950334,observed,Tacloban City Centre,POI 5×5,Reliability-qualified DNB-BRDF,4,G2,10.0
60,0,0.95,,,,,,0.0,0,2014-07-06,2014-07-09,2014-07-07 12:00:00,,not observable,Tacloban City Centre,POI 5×5,Reliability-qualified DNB-BRDF,4,G2,10.0
61,0,0.95,66.30088,100.82686,65.757164,58.7018928527832,70.81587982177734,87.5,14,2014-07-10,2014-07-13,2014-07-11 12:00:00,4.735777173723493,observed,Tacloban City Centre,POI 5×5,Reliability-qualified DNB-BRDF,4,G2,10.0
62,0,0.95,87.0199,113.83347,76.444916,67.30073547363281,82.94989776611328,100.0,16,2014-07-14,2014-07-17,2014-07-15 12:00:00,5.438743591308594,observed,Tacloban City Centre,POI 5×5,Reliability-qualified DNB-BRDF,4,G2,10.0
63,0,0.95,,,,,,0.0,0,2014-07-18,2014-07-21,2014-07-19 12:00:00,,not observable,Tacloban City Centre,POI 5×5,Reliability-qualified DNB-BRDF,4,G2,10.0
64,0,0.95,,,,,,0.0,0,2014-07-22,2014-07-25,2014-07-23 12:00:00,,not observable,Tacloban City Centre,POI 5×5,Reliability-qualified DNB-BRDF,4,G2,10.0
65,0,0.95,,,,,,0.0,0,2014-07-26,2014-07-29,2014-07-27 12:00:00,,not observable,Tacloban City Centre,POI 5×5,Reliability-qualified DNB-BRDF,4,G2,10.0
66,0,0.95,,,,,,0.0,0,2014-07-30,2014-08-02,2014-07-31 12:00:00,,not observable,Tacloban City Centre,POI 5×5,Reliability-qualified DNB-BRDF,4,G2,10.0
67,0,0.95,107.52338,113.83347,94.45673,83.15801239013672,102.49440002441406,100.0,16,2014-08-03,2014-08-06,2014-08-04 12:00:00,6.720211029052734,observed,Tacloban City Centre,POI 5×5,Reliability-qualified DNB-BRDF,4,G2,10.0
68,0,0.95,51.364204,93.19507,55.114723,48.58674240112305,59.39395523071289,81.25,13,2014-08-07,2014-08-10,2014-08-08 12:00:00,3.9510926466721754,observed,Tacloban City Centre,POI 5×5,Reliability-qualified DNB-BRDF,4,G2,10.0
69,0,0.95,75.49813,106.52327,70.87478,62.491458892822266,77.18203735351562,93.75,15,2014-08-11,2014-08-14,2014-08-12 12:00:00,5.0332087198893225,observed,Tacloban City Centre,POI 5×5,Reliability-qualified DNB-BRDF,4,G2,10.0
70,0,0.95,74.577156,113.83347,65.51426,57.677581787109375,71.089111328125,100.0,16,2014-08-15,2014-08-18,2014-08-16 12:00:00,4.661072254180908,observed,Tacloban City Centre,POI 5×5,Reliability-qualified DNB-BRDF,4,G2,10.0
71,0,0.95,,,,,,0.0,0,2014-08-19,2014-08-22,2014-08-20 12:00:00,,not observable,Tacloban City Centre,POI 5×5,Reliability-qualified DNB-BRDF,4,G2,10.0
72,0,0.95,91.31114,113.83347,80.21467,70.61956024169922,87.0404281616211,100.0,16,2014-08-23,2014-08-26,2014-08-24 12:00:00,5.70694637298584,observed,Tacloban City Centre,POI 5×5,Reliability-qualified DNB-BRDF,4,G2,10.0
73,0,0.95,,,,,,0.0,0,2014-08-27,2014-08-30,2014-08-28 12:00:00,,not observable,Tacloban City Centre,POI 5×5,Reliability-qualified DNB-BRDF,4,G2,10.0
74,0,0.95,,,,,,0.0,0,2014-08-31,2014-09-03,2014-09-01 12:00:00,,not observable,Tacloban City Centre,POI 5×5,Reliability-qualified DNB-BRDF,4,G2,10.0
75,0,0.95,,,,,,0.0,0,2014-09-04,2014-09-07,2014-09-05 12:00:00,,not observable,Tacloban City Centre,POI 5×5,Reliability-qualified DNB-BRDF,4,G2,10.0
76,0,0.95,21.609962,51.873444,41.65901,37.126426696777344,45.36337661743164,43.75,7,2014-09-08,2014-09-11,2014-09-09 12:00:00,3.0871374947684154,observed,Tacloban City Centre,POI 5×5,Reliability-qualified DNB-BRDF,4,G2,10.0
77,0,0.95,37.121323,70.0215,53.01418,46.47770690917969,56.51179504394531,62.5,10,2014-09-12,2014-09-15,2014-09-13 12:00:00,3.7121322631835936,observed,Tacloban City Centre,POI 5×5,Reliability-qualified DNB-BRDF,4,G2,10.0
78,0,0.95,,,,,,0.0,0,2014-09-16,2014-09-19,2014-09-17 12:00:00,,not observable,Tacloban City Centre,POI 5×5,Reliability-qualified DNB-BRDF,4,G2,10.0
79,0,0.95,110.847435,113.83347,97.37683,85.72882080078125,105.6629867553711,100.0,16,2014-09-20,2014-09-23,2014-09-21 12:00:00,6.927964687347412,observed,Tacloban City Centre,POI 5×5,Reliability-qualified DNB-BRDF,4,G2,10.0
80,0,0.95,,,,,,0.0,0,2014-09-24,2014-09-27,2014-09-25 12:00:00,,not observable,Tacloban City Centre,POI 5×5,Reliability-qualified DNB-BRDF,4,G2,10.0
81,0,0.95,44.74274,76.32106,58.624367,50.469947814941406,64.83673858642578,68.75,11,2014-09-28,2014-10-01,2014-09-29 12:00:00,4.067521875554865,observed,Tacloban City Centre,POI 5×5,Reliability-qualified DNB-BRDF,4,G2,10.0
82,0,0.95,,,,,,0.0,0,2014-10-02,2014-10-05,2014-10-03 12:00:00,,not observable,Tacloban City Centre,POI 5×5,Reliability-qualified DNB-BRDF,4,G2,10.0
83,0,0.95,,,,,,0.0,0,2014-10-06,2014-10-09,2014-10-07 12:00:00,,not observable,Tacloban City Centre,POI 5×5,Reliability-qualified DNB-BRDF,4,G2,10.0
84,0,0.95,66.67444,99.18724,67.22078,58.37571334838867,73.6217269897461,87.5,14,2014-10-10,2014-10-13,2014-10-11 12:00:00,4.762459891183036,observed,Tacloban City Centre,POI 5×5,Reliability-qualified DNB-BRDF,4,G2,10.0
85,0,0.95,70.88622,108.137054,65.5522,58.375431060791016,70.38463592529297,93.75,15,2014-10-14,2014-10-17,2014-10-15 12:00:00,4.725748189290365,observed,Tacloban City Centre,POI 5×5,Reliability-qualified DNB-BRDF,4,G2,10.0
86,0,0.95,65.11647,113.83347,57.20327,50.36073303222656,62.07090759277344,100.0,16,2014-10-18,2014-10-21,2014-10-19 12:00:00,4.069779396057129,observed,Tacloban City Centre,POI 5×5,Reliability-qualified DNB-BRDF,4,G2,10.0
87,0,0.95,83.36786,113.83347,73.23669,64.47626495361328,79.46866607666016,100.0,16,2014-10-22,2014-10-25,2014-10-23 12:00:00,5.210491180419922,observed,Tacloban City Centre,POI 5×5,Reliability-qualified DNB-BRDF,4,G2,10.0
88,0,0.95,,,,,,0.0,0,2014-10-26,2014-10-29,2014-10-27 12:00:00,,not observable,Tacloban City Centre,POI 5×5,Reliability-qualified DNB-BRDF,4,G2,10.0
89,0,0.95,117.06403,105.90927,110.53238,97.0872802734375,119.96296691894531,93.75,15,2014-10-30,2014-11-02,2014-10-31 12:00:00,7.804268900553385,observed,Tacloban City Centre,POI 5×5,Reliability-qualified DNB-BRDF,4,G2,10.0
90,0,0.95,93.36848,106.20169,87.91618,77.19795989990234,95.50511169433594,93.75,15,2014-11-03,2014-11-06,2014-11-04 12:00:00,6.224565124511718,observed,Tacloban City Centre,POI 5×5,Reliability-qualified DNB-BRDF,4,G2,10.0
-45,0,0.95,23.824818,13.438752,177.28444,155.16757829546978,194.6616456155461,26.31578947368421,5,2013-05-12,2013-05-15,2013-05-13 12:00:00,4.764963531494141,observed,Ormoc City Centre,POI 5×5,Reliability-qualified DNB-BRDF,4,G2,10.0
-44,0,0.95,95.69353,97.90346,97.742744,84.11749377615294,111.0777694001584,100.0,19,2013-05-16,2013-05-19,2013-05-17 12:00:00,5.036501432719984,observed,Ormoc City Centre,POI 5×5,Reliability-qualified DNB-BRDF,4,G2,10.0
-43,0,0.95,112.879196,97.90346,115.29644,99.22421918286393,131.0263114428348,100.0,19,2013-05-20,2013-05-23,2013-05-21 12:00:00,5.941010324578536,observed,Ormoc City Centre,POI 5×5,Reliability-qualified DNB-BRDF,4,G2,10.0
-42,0,0.95,106.7591,97.90346,109.04528,93.8444688349946,123.92231152860461,100.0,19,2013-05-24,2013-05-27,2013-05-25 12:00:00,5.618900098298726,observed,Ormoc City Centre,POI 5×5,Reliability-qualified DNB-BRDF,4,G2,10.0
-41,0,0.95,150.57367,79.083015,190.3995,170.74123454434525,216.3594924788067,73.6842105263158,14,2013-05-28,2013-05-31,2013-05-29 12:00:00,10.755262102399554,observed,Ormoc City Centre,POI 5×5,Reliability-qualified DNB-BRDF,4,G2,10.0
-40,0,0.95,,,,,,0.0,0,2013-06-01,2013-06-04,2013-06-02 12:00:00,,not observable,Ormoc City Centre,POI 5×5,Reliability-qualified DNB-BRDF,4,G2,10.0
-39,0,0.95,103.29767,97.90346,105.50972,90.8017626343164,119.90439560482821,100.0,19,2013-06-05,2013-06-08,2013-06-06 12:00:00,5.436719392475329,observed,Ormoc City Centre,POI 5×5,Reliability-qualified DNB-BRDF,4,G2,10.0
-38,0,0.95,,,,,,0.0,0,2013-06-09,2013-06-12,2013-06-10 12:00:00,,not observable,Ormoc City Centre,POI 5×5,Reliability-qualified DNB-BRDF,4,G2,10.0
-37,0,0.95,,,,,,0.0,0,2013-06-13,2013-06-16,2013-06-14 12:00:00,,not observable,Ormoc City Centre,POI 5×5,Reliability-qualified DNB-BRDF,4,G2,10.0
-36,0,0.95,,,,,,0.0,0,2013-06-17,2013-06-20,2013-06-18 12:00:00,,not observable,Ormoc City Centre,POI 5×5,Reliability-qualified DNB-BRDF,4,G2,10.0
-35,0,0.95,72.902245,76.10891,95.78674,85.86871366470251,109.01837876157931,73.6842105263158,14,2013-06-21,2013-06-24,2013-06-22 12:00:00,5.207303183419364,observed,Ormoc City Centre,POI 5×5,Reliability-qualified DNB-BRDF,4,G2,10.0
-34,0,0.95,,,,,,0.0,0,2013-06-25,2013-06-28,2013-06-26 12:00:00,,not observable,Ormoc City Centre,POI 5×5,Reliability-qualified DNB-BRDF,4,G2,10.0
-33,0,0.95,15.970513,15.119447,105.62896,72.94229142126119,129.29334593064056,31.57894736842105,6,2013-06-29,2013-07-02,2013-06-30 12:00:00,2.661752223968506,observed,Ormoc City Centre,POI 5×5,Reliability-qualified DNB-BRDF,4,G2,10.0
-32,0,0.95,,,,,,0.0,0,2013-07-03,2013-07-06,2013-07-04 12:00:00,,not observable,Ormoc City Centre,POI 5×5,Reliability-qualified DNB-BRDF,4,G2,10.0
-31,0,0.95,66.48234,61.523136,108.060715,90.94457275365343,122.90642158270977,68.42105263157895,13,2013-07-07,2013-07-10,2013-07-08 12:00:00,5.11402599628155,observed,Ormoc City Centre,POI 5×5,Reliability-qualified DNB-BRDF,4,G2,10.0
-30,0,0.95,,,,,,0.0,0,2013-07-11,2013-07-14,2013-07-12 12:00:00,,not observable,Ormoc City Centre,POI 5×5,Reliability-qualified DNB-BRDF,4,G2,10.0
-29,0,0.95,120.239136,91.30974,131.68271,114.5475187302933,148.62771153547817,89.47368421052632,17,2013-07-15,2013-07-18,2013-07-16 12:00:00,7.0728903377757355,observed,Ormoc City Centre,POI 5×5,Reliability-qualified DNB-BRDF,4,G2,10.0
-28,0,0.95,,,,,,0.0,0,2013-07-19,2013-07-22,2013-07-20 12:00:00,,not observable,Ormoc City Centre,POI 5×5,Reliability-qualified DNB-BRDF,4,G2,10.0
-27,0,0.95,46.744896,83.01684,56.30773,50.19999158943695,63.737208481010626,78.94736842105263,15,2013-07-23,2013-07-26,2013-07-24 12:00:00,3.116326395670573,observed,Ormoc City Centre,POI 5×5,Reliability-qualified DNB-BRDF,4,G2,10.0
-26,0,0.95,,,,,,0.0,0,2013-07-27,2013-07-30,2013-07-28 12:00:00,,not observable,Ormoc City Centre,POI 5×5,Reliability-qualified DNB-BRDF,4,G2,10.0
-25,0,0.95,,,,,,0.0,0,2013-07-31,2013-08-03,2013-08-01 12:00:00,,not observable,Ormoc City Centre,POI 5×5,Reliability-qualified DNB-BRDF,4,G2,10.0
-24,0,0.95,60.81749,95.26541,63.840054,54.80645591053647,72.72441000022236,94.73684210526316,18,2013-08-04,2013-08-07,2013-08-05 12:00:00,3.3787494235568576,observed,Ormoc City Centre,POI 5×5,Reliability-qualified DNB-BRDF,4,G2,10.0
-23,0,0.95,,,,,,0.0,0,2013-08-08,2013-08-11,2013-08-09 12:00:00,,not observable,Ormoc City Centre,POI 5×5,Reliability-qualified DNB-BRDF,4,G2,10.0
-22,0,0.95,,,,,,0.0,0,2013-08-12,2013-08-15,2013-08-13 12:00:00,,not observable,Ormoc City Centre,POI 5×5,Reliability-qualified DNB-BRDF,4,G2,10.0
-21,0,0.95,,,,,,0.0,0,2013-08-16,2013-08-19,2013-08-17 12:00:00,,not observable,Ormoc City Centre,POI 5×5,Reliability-qualified DNB-BRDF,4,G2,10.0
-20,0,0.95,,,,,,0.0,0,2013-08-20,2013-08-23,2013-08-21 12:00:00,,not observable,Ormoc City Centre,POI 5×5,Reliability-qualified DNB-BRDF,4,G2,10.0
-19,0,0.95,50.91822,80.21136,63.480064,55.89891933759874,71.64852544771838,73.6842105263158,14,2013-08-24,2013-08-27,2013-08-25 12:00:00,3.6370157514299666,observed,Ormoc City Centre,POI 5×5,Reliability-qualified DNB-BRDF,4,G2,10.0
-18,0,0.95,106.43046,97.90346,108.7096,93.55558210094273,123.54083447089324,100.0,19,2013-08-28,2013-08-31,2013-08-29 12:00:00,5.60160305625514,observed,Ormoc City Centre,POI 5×5,Reliability-qualified DNB-BRDF,4,G2,10.0
-17,0,0.95,95.10739,97.90346,97.14406,83.60226536329839,110.39740649034842,100.0,19,2013-09-01,2013-09-04,2013-09-02 12:00:00,5.005652176706414,observed,Ormoc City Centre,POI 5×5,Reliability-qualified DNB-BRDF,4,G2,10.0
-16,0,0.95,45.254776,46.30461,97.732765,81.6037918199955,112.06434233036877,57.89473684210526,11,2013-09-05,2013-09-08,2013-09-06 12:00:00,4.114070545543324,observed,Ormoc City Centre,POI 5×5,Reliability-qualified DNB-BRDF,4,G2,10.0
-15,0,0.95,,,,,,0.0,0,2013-09-09,2013-09-12,2013-09-10 12:00:00,,not observable,Ormoc City Centre,POI 5×5,Reliability-qualified DNB-BRDF,4,G2,10.0
-14,0,0.95,92.40703,92.65491,99.732475,85.60160593152023,112.69635308189456,94.73684210526316,18,2013-09-13,2013-09-16,2013-09-14 12:00:00,5.133723788791233,observed,Ormoc City Centre,POI 5×5,Reliability-qualified DNB-BRDF,4,G2,10.0
-13,0,0.95,,,,,,0.0,0,2013-09-17,2013-09-20,2013-09-18 12:00:00,,not observable,Ormoc City Centre,POI 5×5,Reliability-qualified DNB-BRDF,4,G2,10.0
-12,0,0.95,,,,,,0.0,0,2013-09-21,2013-09-24,2013-09-22 12:00:00,,not observable,Ormoc City Centre,POI 5×5,Reliability-qualified DNB-BRDF,4,G2,10.0
-11,0,0.95,80.42745,68.722145,117.0328,98.34436950397414,129.9014355223079,68.42105263157895,13,2013-09-25,2013-09-28,2013-09-26 12:00:00,6.186727083646334,observed,Ormoc City Centre,POI 5×5,Reliability-qualified DNB-BRDF,4,G2,10.0
-10,0,0.95,,,,,,0.0,0,2013-09-29,2013-10-02,2013-09-30 12:00:00,,not observable,Ormoc City Centre,POI 5×5,Reliability-qualified DNB-BRDF,4,G2,10.0
-9,0,0.95,,,,,,0.0,0,2013-10-03,2013-10-06,2013-10-04 12:00:00,,not observable,Ormoc City Centre,POI 5×5,Reliability-qualified DNB-BRDF,4,G2,10.0
-8,0,0.95,4.9283924,4.9283924,100.0,69.64382479415495,134.5440985184296,10.526315789473685,2,2013-10-07,2013-10-10,2013-10-08 12:00:00,2.46419620513916,observed,Ormoc City Centre,POI 5×5,Reliability-qualified DNB-BRDF,4,G2,10.0
-7,0,0.95,103.285034,95.26541,108.4182,93.07662841367029,123.50630548421914,94.73684210526316,18,2013-10-11,2013-10-14,2013-10-12 12:00:00,5.738057454427083,observed,Ormoc City Centre,POI 5×5,Reliability-qualified DNB-BRDF,4,G2,10.0
-6,0,0.95,94.91118,97.90346,96.94365,83.4297900338903,110.16965154893052,100.0,19,2013-10-15,2013-10-18,2013-10-16 12:00:00,4.995325188887747,observed,Ormoc City Centre,POI 5×5,Reliability-qualified DNB-BRDF,4,G2,10.0
-5,0,0.95,,,,,,0.0,0,2013-10-19,2013-10-22,2013-10-20 12:00:00,,not observable,Ormoc City Centre,POI 5×5,Reliability-qualified DNB-BRDF,4,G2,10.0
-4,0,0.95,,,,,,0.0,0,2013-10-23,2013-10-26,2013-10-24 12:00:00,,not observable,Ormoc City Centre,POI 5×5,Reliability-qualified DNB-BRDF,4,G2,10.0
-3,0,0.95,78.638016,97.90346,80.322,69.12518822140692,91.28031961381083,100.0,19,2013-10-27,2013-10-30,2013-10-28 12:00:00,4.138842934056332,observed,Ormoc City Centre,POI 5×5,Reliability-qualified DNB-BRDF,4,G2,10.0
-2,0,0.95,105.83684,93.947784,112.65495,98.21279375274209,126.86886856621969,94.73684210526316,18,2013-10-31,2013-11-03,2013-11-01 12:00:00,5.879824320475261,observed,Ormoc City Centre,POI 5×5,Reliability-qualified DNB-BRDF,4,G2,10.0
-1,0,0.95,,,,,,0.0,0,2013-11-04,2013-11-07,2013-11-05 12:00:00,,not observable,Ormoc City Centre,POI 5×5,Reliability-qualified DNB-BRDF,4,G2,10.0
0,0,0.95,8.61815,97.90346,8.802702,7.575613690491369,10.00365361355596,100.0,19,2013-11-08,2013-11-11,2013-11-09 12:00:00,0.453586829336066,observed,Ormoc City Centre,POI 5×5,Reliability-qualified DNB-BRDF,4,G2,10.0
1,0,0.95,11.217037,51.910095,21.608585,18.09313120141308,24.560397735632435,63.1578947368421,12,2013-11-12,2013-11-15,2013-11-13 12:00:00,0.9347531000773112,observed,Ormoc City Centre,POI 5×5,Reliability-qualified DNB-BRDF,4,G2,10.0
2,0,0.95,3.435325,35.24249,9.74768,7.502682131363462,11.062259317118606,52.63157894736842,10,2013-11-16,2013-11-19,2013-11-17 12:00:00,0.34353249073028563,observed,Ormoc City Centre,POI 5×5,Reliability-qualified DNB-BRDF,4,G2,10.0
3,0,0.95,,,,,,0.0,0,2013-11-20,2013-11-23,2013-11-21 12:00:00,,not observable,Ormoc City Centre,POI 5×5,Reliability-qualified DNB-BRDF,4,G2,10.0
4,0,0.95,8.546113,64.16119,13.319756,11.260289773269005,15.06987886257998,73.6842105263158,14,2013-11-24,2013-11-27,2013-11-25 12:00:00,0.6104366438729423,observed,Ormoc City Centre,POI 5×5,Reliability-qualified DNB-BRDF,4,G2,10.0
5,0,0.95,26.879745,92.65491,29.010601,24.900155340251857,32.7815894045717,94.73684210526316,18,2013-11-28,2013-12-01,2013-11-29 12:00:00,1.4933191935221355,observed,Ormoc City Centre,POI 5×5,Reliability-qualified DNB-BRDF,4,G2,10.0
6,0,0.95,40.393,97.90346,41.25799,35.50666519289941,46.88681261665958,100.0,19,2013-12-02,2013-12-05,2013-12-03 12:00:00,2.125947450336657,observed,Ormoc City Centre,POI 5×5,Reliability-qualified DNB-BRDF,4,G2,10.0
7,0,0.95,32.106384,97.90346,32.793922,28.22247971949859,37.26799210786572,100.0,19,2013-12-06,2013-12-09,2013-12-07 12:00:00,1.6898096988075657,observed,Ormoc City Centre,POI 5×5,Reliability-qualified DNB-BRDF,4,G2,10.0
8,0,0.95,54.526592,92.65491,58.849113,50.510916330135395,66.49870641194265,94.73684210526316,18,2013-12-10,2013-12-13,2013-12-11 12:00:00,3.029255125257704,observed,Ormoc City Centre,POI 5×5,Reliability-qualified DNB-BRDF,4,G2,10.0
9,0,0.95,36.29361,82.63989,43.91778,37.394803284239636,50.504275949771305,89.47368421052632,17,2013-12-14,2013-12-17,2013-12-15 12:00:00,2.134918212890625,observed,Ormoc City Centre,POI 5×5,Reliability-qualified DNB-BRDF,4,G2,10.0
10,0,0.95,,,,,,0.0,0,2013-12-18,2013-12-21,2013-12-19 12:00:00,,not observable,Ormoc City Centre,POI 5×5,Reliability-qualified DNB-BRDF,4,G2,10.0
11,0,0.95,28.484035,52.408424,54.35011,49.52916314452235,60.986338553694665,42.10526315789474,8,2013-12-22,2013-12-25,2013-12-23 12:00:00,3.56050443649292,observed,Ormoc City Centre,POI 5×5,Reliability-qualified DNB-BRDF,4,G2,10.0
12,0,0.95,35.462986,82.63989,42.91267,36.53897856598422,49.34842529836212,89.47368421052632,17,2013-12-26,2013-12-29,2013-12-27 12:00:00,2.0860579995548023,observed,Ormoc City Centre,POI 5×5,Reliability-qualified DNB-BRDF,4,G2,10.0
13,0,0.95,,,,,,0.0,0,2013-12-30,2014-01-02,2013-12-31 12:00:00,,not observable,Ormoc City Centre,POI 5×5,Reliability-qualified DNB-BRDF,4,G2,10.0
14,0,0.95,39.217903,97.90346,40.05773,34.4737189263418,45.522799472083854,100.0,19,2014-01-03,2014-01-06,2014-01-04 12:00:00,2.0641001651161597,observed,Ormoc City Centre,POI 5×5,Reliability-qualified DNB-BRDF,4,G2,10.0
15,0,0.95,,,,,,0.0,0,2014-01-07,2014-01-10,2014-01-08 12:00:00,,not observable,Ormoc City Centre,POI 5×5,Reliability-qualified DNB-BRDF,4,G2,10.0
16,0,0.95,,,,,,0.0,0,2014-01-11,2014-01-14,2014-01-12 12:00:00,,not observable,Ormoc City Centre,POI 5×5,Reliability-qualified DNB-BRDF,4,G2,10.0
17,0,0.95,,,,,,0.0,0,2014-01-15,2014-01-18,2014-01-16 12:00:00,,not observable,Ormoc City Centre,POI 5×5,Reliability-qualified DNB-BRDF,4,G2,10.0
18,0,0.95,8.343679,18.130394,46.020397,42.53744759205756,49.634441336328564,15.789473684210526,3,2014-01-19,2014-01-22,2014-01-20 12:00:00,2.781226476033529,observed,Ormoc City Centre,POI 5×5,Reliability-qualified DNB-BRDF,4,G2,10.0
19,0,0.95,65.47535,97.90346,66.877464,57.5548079670769,76.001547362432,100.0,19,2014-01-23,2014-01-26,2014-01-24 12:00:00,3.4460710224352384,observed,Ormoc City Centre,POI 5×5,Reliability-qualified DNB-BRDF,4,G2,10.0
20,0,0.95,49.596817,97.90346,50.6589,43.597096860415775,57.57028715649295,100.0,19,2014-01-27,2014-01-30,2014-01-28 12:00:00,2.6103587903474508,observed,Ormoc City Centre,POI 5×5,Reliability-qualified DNB-BRDF,4,G2,10.0
21,0,0.95,39.49125,97.90346,40.33693,34.71399932782645,45.84009151003393,100.0,19,2014-01-31,2014-02-03,2014-02-01 12:00:00,2.0784867939196134,observed,Ormoc City Centre,POI 5×5,Reliability-qualified DNB-BRDF,4,G2,10.0
22,0,0.95,67.75283,97.90346,69.20372,59.55678196033681,78.64516874944344,100.0,19,2014-02-04,2014-02-07,2014-02-05 12:00:00,3.56593844765111,observed,Ormoc City Centre,POI 5×5,Reliability-qualified DNB-BRDF,4,G2,10.0
23,0,0.95,31.301815,82.92854,37.745525,31.990924969205683,42.46368726799317,84.21052631578948,16,2014-02-08,2014-02-11,2014-02-09 12:00:00,1.9563634395599365,observed,Ormoc City Centre,POI 5×5,Reliability-qualified DNB-BRDF,4,G2,10.0
24,0,0.95,36.07555,88.403046,40.80804,35.08207573810906,46.07690736420697,84.21052631578948,16,2014-02-12,2014-02-15,2014-02-13 12:00:00,2.2547218799591064,observed,Ormoc City Centre,POI 5×5,Reliability-qualified DNB-BRDF,4,G2,10.0
25,0,0.95,47.877087,97.90346,48.902344,42.08540107371314,55.57408174831246,100.0,19,2014-02-16,2014-02-19,2014-02-17 12:00:00,2.519846665231805,observed,Ormoc City Centre,POI 5×5,Reliability-qualified DNB-BRDF,4,G2,10.0
26,0,0.95,13.624405,27.079805,50.312046,43.705597475675624,56.3943545104653,21.05263157894737,4,2014-02-20,2014-02-23,2014-02-21 12:00:00,3.4061012268066406,observed,Ormoc City Centre,POI 5×5,Reliability-qualified DNB-BRDF,4,G2,10.0
27,0,0.95,72.02024,97.90346,73.56251,63.307961565805165,83.59862901662174,100.0,19,2014-02-24,2014-02-27,2014-02-25 12:00:00,3.7905389886153373,observed,Ormoc City Centre,POI 5×5,Reliability-qualified DNB-BRDF,4,G2,10.0
28,0,0.95,56.794468,97.90346,58.010685,49.92404940616897,65.92507454177947,100.0,19,2014-02-28,2014-03-03,2014-03-01 12:00:00,2.989182522422389,observed,Ormoc City Centre,POI 5×5,Reliability-qualified DNB-BRDF,4,G2,10.0
29,0,0.95,70.882065,97.90346,72.39996,62.307472457344915,82.27747578810718,100.0,19,2014-03-04,2014-03-07,2014-03-05 12:00:00,3.730634990491365,observed,Ormoc City Centre,POI 5×5,Reliability-qualified DNB-BRDF,4,G2,10.0
30,0,0.95,70.2748,97.90346,71.77969,61.773671957332574,81.57258830056688,100.0,19,2014-03-08,2014-03-11,2014-03-09 12:00:00,3.6986738506116366,observed,Ormoc City Centre,POI 5×5,Reliability-qualified DNB-BRDF,4,G2,10.0
31,0,0.95,,,,,,0.0,0,2014-03-12,2014-03-15,2014-03-13 12:00:00,,not observable,Ormoc City Centre,POI 5×5,Reliability-qualified DNB-BRDF,4,G2,10.0
32,0,0.95,62.359352,95.48468,65.30823,57.8512152810215,74.27130544281154,94.73684210526316,18,2014-03-16,2014-03-19,2014-03-17 12:00:00,3.464408450656467,observed,Ormoc City Centre,POI 5×5,Reliability-qualified DNB-BRDF,4,G2,10.0
33,0,0.95,,,,,,0.0,0,2014-03-20,2014-03-23,2014-03-21 12:00:00,,not observable,Ormoc City Centre,POI 5×5,Reliability-qualified DNB-BRDF,4,G2,10.0
34,0,0.95,37.558624,95.26541,39.425247,33.846431514129506,44.91189443988092,94.73684210526316,18,2014-03-24,2014-03-27,2014-03-25 12:00:00,2.0865902370876737,observed,Ormoc City Centre,POI 5×5,Reliability-qualified DNB-BRDF,4,G2,10.0
35,0,0.95,63.106373,97.90346,64.457756,55.47240357371301,73.2517170403412,100.0,19,2014-03-28,2014-03-31,2014-03-29 12:00:00,3.321388043855366,observed,Ormoc City Centre,POI 5×5,Reliability-qualified DNB-BRDF,4,G2,10.0
36,0,0.95,59.50425,97.90346,60.778496,52.30602796067577,69.07049474768482,100.0,19,2014-04-01,2014-04-04,2014-04-02 12:00:00,3.131802609092311,observed,Ormoc City Centre,POI 5×5,Reliability-qualified DNB-BRDF,4,G2,10.0
37,0,0.95,89.920135,97.90346,91.84572,79.04251107809326,104.37621740973664,100.0,19,2014-04-05,2014-04-08,2014-04-06 12:00:00,4.73263871042352,observed,Ormoc City Centre,POI 5×5,Reliability-qualified DNB-BRDF,4,G2,10.0
38,0,0.95,66.69371,92.65491,71.98077,61.78197356364692,81.33729538199306,94.73684210526316,18,2014-04-09,2014-04-12,2014-04-10 12:00:00,3.705206129286024,observed,Ormoc City Centre,POI 5×5,Reliability-qualified DNB-BRDF,4,G2,10.0
39,0,0.95,,,,,,0.0,0,2014-04-13,2014-04-16,2014-04-14 12:00:00,,not observable,Ormoc City Centre,POI 5×5,Reliability-qualified DNB-BRDF,4,G2,10.0
40,0,0.95,50.886158,97.90346,51.975853,44.73046631237455,59.06690985622383,100.0,19,2014-04-17,2014-04-20,2014-04-18 12:00:00,2.6782188415527344,observed,Ormoc City Centre,POI 5×5,Reliability-qualified DNB-BRDF,4,G2,10.0
41,0,0.95,78.220245,97.90346,79.89528,68.75795277485715,90.7953825048193,100.0,19,2014-04-21,2014-04-24,2014-04-22 12:00:00,4.11685501901727,observed,Ormoc City Centre,POI 5×5,Reliability-qualified DNB-BRDF,4,G2,10.0
42,0,0.95,79.54824,97.90346,81.25172,69.92530309439815,92.33687719019636,100.0,19,2014-04-25,2014-04-28,2014-04-26 12:00:00,4.186749508506374,observed,Ormoc City Centre,POI 5×5,Reliability-qualified DNB-BRDF,4,G2,10.0
43,0,0.95,90.395645,97.90346,92.33141,79.46049678083756,104.92817060541255,100.0,19,2014-04-29,2014-05-02,2014-04-30 12:00:00,4.757665533768503,observed,Ormoc City Centre,POI 5×5,Reliability-qualified DNB-BRDF,4,G2,10.0
44,0,0.95,55.01285,97.90346,56.190918,48.35795504478691,63.8570354155139,100.0,19,2014-05-03,2014-05-06,2014-05-04 12:00:00,2.8954132481625208,observed,Ormoc City Centre,POI 5×5,Reliability-qualified DNB-BRDF,4,G2,10.0
45,0,0.95,92.489296,97.90346,94.4699,81.30088031019254,107.35841059598506,100.0,19,2014-05-07,2014-05-10,2014-05-08 12:00:00,4.867857682077508,observed,Ormoc City Centre,POI 5×5,Reliability-qualified DNB-BRDF,4,G2,10.0
46,0,0.95,71.71466,97.90346,73.25038,63.039346606111096,83.24392098609326,100.0,19,2014-05-11,2014-05-14,2014-05-12 12:00:00,3.7744558233963814,observed,Ormoc City Centre,POI 5×5,Reliability-qualified DNB-BRDF,4,G2,10.0
47,0,0.95,74.273895,97.90346,75.864426,65.2889942109618,86.21459719939322,100.0,19,2014-05-15,2014-05-18,2014-05-16 12:00:00,3.9091523822985197,observed,Ormoc City Centre,POI 5×5,Reliability-qualified DNB-BRDF,4,G2,10.0
48,0,0.95,63.11265,97.90346,64.46417,55.47792326497368,73.25900583326036,100.0,19,2014-05-19,2014-05-22,2014-05-20 12:00:00,3.3217185171026933,observed,Ormoc City Centre,POI 5×5,Reliability-qualified DNB-BRDF,4,G2,10.0
49,0,0.95,96.65564,97.90346,98.725464,84.96322550662349,112.19456437245746,100.0,19,2014-05-23,2014-05-26,2014-05-24 12:00:00,5.087138928865132,observed,Ormoc City Centre,POI 5×5,Reliability-qualified DNB-BRDF,4,G2,10.0
50,0,0.95,54.401962,97.90346,55.566948,47.820965485204844,63.14793675134923,100.0,19,2014-05-27,2014-05-30,2014-05-28 12:00:00,2.8632611726459705,observed,Ormoc City Centre,POI 5×5,Reliability-qualified DNB-BRDF,4,G2,10.0
51,0,0.95,77.99636,97.90346,79.6666,68.56115389150331,90.53550813146295,100.0,19,2014-05-31,2014-06-03,2014-06-01 12:00:00,4.105071619937294,observed,Ormoc City Centre,POI 5×5,Reliability-qualified DNB-BRDF,4,G2,10.0
52,0,0.95,74.947685,97.90346,76.55264,65.88127511021725,86.99670848438572,100.0,19,2014-06-04,2014-06-07,2014-06-05 12:00:00,3.9446150127210116,observed,Ormoc City Centre,POI 5×5,Reliability-qualified DNB-BRDF,4,G2,10.0
53,0,0.95,,,,,,0.0,0,2014-06-08,2014-06-11,2014-06-09 12:00:00,,not observable,Ormoc City Centre,POI 5×5,Reliability-qualified DNB-BRDF,4,G2,10.0
54,0,0.95,81.67944,93.651596,87.216286,75.18117220546344,99.068115070036,89.47368421052632,17,2014-06-12,2014-06-15,2014-06-13 12:00:00,4.8046731387867645,observed,Ormoc City Centre,POI 5×5,Reliability-qualified DNB-BRDF,4,G2,10.0
55,0,0.95,1.0753852,2.8571708,37.638115,32.91636030488314,45.6510869864037,10.526315789473685,2,2014-06-16,2014-06-19,2014-06-17 12:00:00,0.5376926064491272,observed,Ormoc City Centre,POI 5×5,Reliability-qualified DNB-BRDF,4,G2,10.0
56,0,0.95,78.986305,97.90346,80.67775,69.43134223224082,91.68459823755155,100.0,19,2014-06-20,2014-06-23,2014-06-21 12:00:00,4.157173959832442,observed,Ormoc City Centre,POI 5×5,Reliability-qualified DNB-BRDF,4,G2,10.0
57,0,0.95,48.371677,97.90346,49.407528,42.52016474934856,56.14819038062988,100.0,19,2014-06-24,2014-06-27,2014-06-25 12:00:00,2.5458777578253495,observed,Ormoc City Centre,POI 5×5,Reliability-qualified DNB-BRDF,4,G2,10.0
58,0,0.95,48.134537,90.237946,53.34179,47.01572065287466,60.83301905863929,84.21052631578948,16,2014-06-28,2014-07-01,2014-06-29 12:00:00,3.008408546447754,observed,Ormoc City Centre,POI 5×5,Reliability-qualified DNB-BRDF,4,G2,10.0
59,0,0.95,45.753254,88.699234,51.582466,44.8776212824602,57.71921023625786,89.47368421052632,17,2014-07-02,2014-07-05,2014-07-03 12:00:00,2.691367878633387,observed,Ormoc City Centre,POI 5×5,Reliability-qualified DNB-BRDF,4,G2,10.0
60,0,0.95,,,,,,0.0,0,2014-07-06,2014-07-09,2014-07-07 12:00:00,,not observable,Ormoc City Centre,POI 5×5,Reliability-qualified DNB-BRDF,4,G2,10.0
61,0,0.95,73.08616,97.90346,74.65125,64.24493559551316,84.83591011635116,100.0,19,2014-07-10,2014-07-13,2014-07-11 12:00:00,3.8466399343390214,observed,Ormoc City Centre,POI 5×5,Reliability-qualified DNB-BRDF,4,G2,10.0
62,0,0.95,69.60785,85.56659,81.349335,69.16525647037888,91.19047006153212,89.47368421052632,17,2014-07-14,2014-07-17,2014-07-15 12:00:00,4.094579360064338,observed,Ormoc City Centre,POI 5×5,Reliability-qualified DNB-BRDF,4,G2,10.0
63,0,0.95,73.769295,77.044846,95.74852,81.87676532120732,107.40348123515581,78.94736842105263,15,2014-07-18,2014-07-21,2014-07-19 12:00:00,4.9179529825846355,observed,Ormoc City Centre,POI 5×5,Reliability-qualified DNB-BRDF,4,G2,10.0
64,0,0.95,,,,,,0.0,0,2014-07-22,2014-07-25,2014-07-23 12:00:00,,not observable,Ormoc City Centre,POI 5×5,Reliability-qualified DNB-BRDF,4,G2,10.0
65,0,0.95,,,,,,0.0,0,2014-07-26,2014-07-29,2014-07-27 12:00:00,,not observable,Ormoc City Centre,POI 5×5,Reliability-qualified DNB-BRDF,4,G2,10.0
66,0,0.95,,,,,,0.0,0,2014-07-30,2014-08-02,2014-07-31 12:00:00,,not observable,Ormoc City Centre,POI 5×5,Reliability-qualified DNB-BRDF,4,G2,10.0
67,0,0.95,99.283134,97.90346,101.409225,87.27286863592337,115.24446511719131,100.0,19,2014-08-03,2014-08-06,2014-08-04 12:00:00,5.2254281294973275,observed,Ormoc City Centre,POI 5×5,Reliability-qualified DNB-BRDF,4,G2,10.0
68,0,0.95,76.93175,97.90346,78.57919,67.62532586301352,89.2997403347735,100.0,19,2014-08-07,2014-08-10,2014-08-08 12:00:00,4.049039338764391,observed,Ormoc City Centre,POI 5×5,Reliability-qualified DNB-BRDF,4,G2,10.0
69,0,0.95,54.646027,77.21404,70.77213,63.78459584070647,79.87411271785896,63.1578947368421,12,2014-08-11,2014-08-14,2014-08-12 12:00:00,4.553835550944011,observed,Ormoc City Centre,POI 5×5,Reliability-qualified DNB-BRDF,4,G2,10.0
70,0,0.95,69.41227,92.10118,75.365234,64.38162227586557,85.79852497870283,94.73684210526316,18,2014-08-15,2014-08-18,2014-08-16 12:00:00,3.8562371995713978,observed,Ormoc City Centre,POI 5×5,Reliability-qualified DNB-BRDF,4,G2,10.0
71,0,0.95,57.55725,74.5226,77.23463,65.90720393645627,84.8362665488289,78.94736842105263,15,2014-08-19,2014-08-22,2014-08-20 12:00:00,3.837150065104167,observed,Ormoc City Centre,POI 5×5,Reliability-qualified DNB-BRDF,4,G2,10.0
72,0,0.95,25.21069,20.739082,121.56126,113.38858598849725,131.83114511660932,21.05263157894737,4,2014-08-23,2014-08-26,2014-08-24 12:00:00,6.302672386169434,observed,Ormoc City Centre,POI 5×5,Reliability-qualified DNB-BRDF,4,G2,10.0
73,0,0.95,,,,,,0.0,0,2014-08-27,2014-08-30,2014-08-28 12:00:00,,not observable,Ormoc City Centre,POI 5×5,Reliability-qualified DNB-BRDF,4,G2,10.0
74,0,0.95,,,,,,0.0,0,2014-08-31,2014-09-03,2014-09-01 12:00:00,,not observable,Ormoc City Centre,POI 5×5,Reliability-qualified DNB-BRDF,4,G2,10.0
75,0,0.95,,,,,,0.0,0,2014-09-04,2014-09-07,2014-09-05 12:00:00,,not observable,Ormoc City Centre,POI 5×5,Reliability-qualified DNB-BRDF,4,G2,10.0
76,0,0.95,35.16527,71.43936,49.22394,42.084582616140764,55.55291045483728,73.6842105263158,14,2014-09-08,2014-09-11,2014-09-09 12:00:00,2.5118051256452287,observed,Ormoc City Centre,POI 5×5,Reliability-qualified DNB-BRDF,4,G2,10.0
77,0,0.95,65.177124,93.947784,69.3759,60.482037113154874,78.1292062258623,94.73684210526316,18,2014-09-12,2014-09-15,2014-09-13 12:00:00,3.6209513346354165,observed,Ormoc City Centre,POI 5×5,Reliability-qualified DNB-BRDF,4,G2,10.0
78,0,0.95,,,,,,0.0,0,2014-09-16,2014-09-19,2014-09-17 12:00:00,,not observable,Ormoc City Centre,POI 5×5,Reliability-qualified DNB-BRDF,4,G2,10.0
79,0,0.95,103.2531,97.90346,105.464195,90.76258398592806,119.85265991138648,100.0,19,2014-09-20,2014-09-23,2014-09-21 12:00:00,5.43437355443051,observed,Ormoc City Centre,POI 5×5,Reliability-qualified DNB-BRDF,4,G2,10.0
80,0,0.95,,,,,,0.0,0,2014-09-24,2014-09-27,2014-09-25 12:00:00,,not observable,Ormoc City Centre,POI 5×5,Reliability-qualified DNB-BRDF,4,G2,10.0
81,0,0.95,,,,,,0.0,0,2014-09-28,2014-10-01,2014-09-29 12:00:00,,not observable,Ormoc City Centre,POI 5×5,Reliability-qualified DNB-BRDF,4,G2,10.0
82,0,0.95,,,,,,0.0,0,2014-10-02,2014-10-05,2014-10-03 12:00:00,,not observable,Ormoc City Centre,POI 5×5,Reliability-qualified DNB-BRDF,4,G2,10.0
83,0,0.95,27.31546,46.622864,58.58812,52.99480146999926,68.60742928790509,42.10526315789474,8,2014-10-06,2014-10-09,2014-10-07 12:00:00,3.4144325256347656,observed,Ormoc City Centre,POI 5×5,Reliability-qualified DNB-BRDF,4,G2,10.0
84,0,0.95,83.67961,97.90346,85.47156,73.55689940421055,97.13242683566342,100.0,19,2014-10-10,2014-10-13,2014-10-11 12:00:00,4.4041900634765625,observed,Ormoc City Centre,POI 5×5,Reliability-qualified DNB-BRDF,4,G2,10.0
85,0,0.95,18.597694,44.347992,41.93582,38.28756529643329,47.017834409415784,36.8421052631579,7,2014-10-14,2014-10-17,2014-10-15 12:00:00,2.656813485281808,observed,Ormoc City Centre,POI 5×5,Reliability-qualified DNB-BRDF,4,G2,10.0
86,0,0.95,82.9239,97.90346,84.69966,72.89260499020274,96.25522117462302,100.0,19,2014-10-18,2014-10-21,2014-10-19 12:00:00,4.3644156205026725,observed,Ormoc City Centre,POI 5×5,Reliability-qualified DNB-BRDF,4,G2,10.0
87,0,0.95,124.951645,91.9904,135.83118,118.05847129772343,154.61417284024776,94.73684210526316,18,2014-10-22,2014-10-25,2014-10-23 12:00:00,6.941758049858941,observed,Ormoc City Centre,POI 5×5,Reliability-qualified DNB-BRDF,4,G2,10.0
88,0,0.95,2.7481627,2.8571708,96.18476,84.11824673912754,116.66202956412539,10.526315789473685,2,2014-10-26,2014-10-29,2014-10-27 12:00:00,1.3740813732147217,observed,Ormoc City Centre,POI 5×5,Reliability-qualified DNB-BRDF,4,G2,10.0
89,0,0.95,123.94282,95.26541,130.10265,111.69265284954162,148.20849377857647,94.73684210526316,18,2014-10-30,2014-11-02,2014-10-31 12:00:00,6.885712093777126,observed,Ormoc City Centre,POI 5×5,Reliability-qualified DNB-BRDF,4,G2,10.0
90,0,0.95,68.72853,80.319855,85.56854,72.17341431657239,96.1285464947996,78.94736842105263,15,2014-11-03,2014-11-06,2014-11-04 12:00:00,4.581902058919271,observed,Ormoc City Centre,POI 5×5,Reliability-qualified DNB-BRDF,4,G2,10.0
-45,0,0.95,28.785694,18.616571,154.62404,133.53173828125,188.73745727539062,100.0,6,2013-05-12,2013-05-15,2013-05-13 12:00:00,4.797615687052409,observed,Baybay City Centre,POI 5×5,Reliability-qualified DNB-BRDF,4,G2,10.0
-44,0,0.95,20.69351,18.616571,111.1564,95.99353790283203,135.67991638183594,100.0,6,2013-05-16,2013-05-19,2013-05-17 12:00:00,3.448918342590332,observed,Baybay City Centre,POI 5×5,Reliability-qualified DNB-BRDF,4,G2,10.0
-43,0,0.95,24.762428,18.616571,133.01283,114.8685302734375,162.3583526611328,100.0,6,2013-05-20,2013-05-23,2013-05-21 12:00:00,4.127071380615234,observed,Baybay City Centre,POI 5×5,Reliability-qualified DNB-BRDF,4,G2,10.0
-42,0,0.95,22.576748,18.616571,121.27232,104.72953796386719,148.0276336669922,100.0,6,2013-05-24,2013-05-27,2013-05-25 12:00:00,3.762791315714518,observed,Baybay City Centre,POI 5×5,Reliability-qualified DNB-BRDF,4,G2,10.0
-41,0,0.95,30.103184,17.692484,170.14673,147.3402862548828,209.6365203857422,83.33333333333333,5,2013-05-28,2013-05-31,2013-05-29 12:00:00,6.020636749267578,observed,Baybay City Centre,POI 5×5,Reliability-qualified DNB-BRDF,4,G2,10.0
-40,0,0.95,26.110195,18.616571,140.25244,121.12057495117188,171.19517517089844,100.0,6,2013-06-01,2013-06-04,2013-06-02 12:00:00,4.351699193318685,observed,Baybay City Centre,POI 5×5,Reliability-qualified DNB-BRDF,4,G2,10.0
-39,0,0.95,,,,,,0.0,0,2013-06-05,2013-06-08,2013-06-06 12:00:00,,not observable,Baybay City Centre,POI 5×5,Reliability-qualified DNB-BRDF,4,G2,10.0
-38,0,0.95,,,,,,0.0,0,2013-06-09,2013-06-12,2013-06-10 12:00:00,,not observable,Baybay City Centre,POI 5×5,Reliability-qualified DNB-BRDF,4,G2,10.0
-37,0,0.95,,,,,,0.0,0,2013-06-13,2013-06-16,2013-06-14 12:00:00,,not observable,Baybay City Centre,POI 5×5,Reliability-qualified DNB-BRDF,4,G2,10.0
-36,0,0.95,,,,,,0.0,0,2013-06-17,2013-06-20,2013-06-18 12:00:00,,not observable,Baybay City Centre,POI 5×5,Reliability-qualified DNB-BRDF,4,G2,10.0
-35,0,0.95,10.813232,15.0595455,71.80318,61.593177795410156,89.02312469482422,83.33333333333333,5,2013-06-21,2013-06-24,2013-06-22 12:00:00,2.162646484375,observed,Baybay City Centre,POI 5×5,Reliability-qualified DNB-BRDF,4,G2,10.0
-34,0,0.95,,,,,,0.0,0,2013-06-25,2013-06-28,2013-06-26 12:00:00,,not observable,Baybay City Centre,POI 5×5,Reliability-qualified DNB-BRDF,4,G2,10.0
-33,0,0.95,16.882387,17.692484,95.42124,82.63098907470703,117.56779479980469,83.33333333333333,5,2013-06-29,2013-07-02,2013-06-30 12:00:00,3.3764774322509767,observed,Baybay City Centre,POI 5×5,Reliability-qualified DNB-BRDF,4,G2,10.0
-32,0,0.95,,,,,,0.0,0,2013-07-03,2013-07-06,2013-07-04 12:00:00,,not observable,Baybay City Centre,POI 5×5,Reliability-qualified DNB-BRDF,4,G2,10.0
-31,0,0.95,19.307575,18.616571,103.71177,89.5644302368164,126.59284210205078,100.0,6,2013-07-07,2013-07-10,2013-07-08 12:00:00,3.217929204305013,observed,Baybay City Centre,POI 5×5,Reliability-qualified DNB-BRDF,4,G2,10.0
-30,0,0.95,,,,,,0.0,0,2013-07-11,2013-07-14,2013-07-12 12:00:00,,not observable,Baybay City Centre,POI 5×5,Reliability-qualified DNB-BRDF,4,G2,10.0
-29,0,0.95,26.791548,18.616571,143.91237,124.28125,175.66256713867188,100.0,6,2013-07-15,2013-07-18,2013-07-16 12:00:00,4.465257962544759,observed,Baybay City Centre,POI 5×5,Reliability-qualified DNB-BRDF,4,G2,10.0
-28,0,0.95,5.027496,11.324766,44.393814,39.5895881652832,56.15098190307617,66.66666666666667,4,2013-07-19,2013-07-22,2013-07-20 12:00:00,1.2568739652633667,observed,Baybay City Centre,POI 5×5,Reliability-qualified DNB-BRDF,4,G2,10.0
-27,0,0.95,,,,,,0.0,0,2013-07-23,2013-07-26,2013-07-24 12:00:00,,not observable,Baybay City Centre,POI 5×5,Reliability-qualified DNB-BRDF,4,G2,10.0
-26,0,0.95,,,,,,0.0,0,2013-07-27,2013-07-30,2013-07-28 12:00:00,,not observable,Baybay City Centre,POI 5×5,Reliability-qualified DNB-BRDF,4,G2,10.0
-25,0,0.95,,,,,,0.0,0,2013-07-31,2013-08-03,2013-08-01 12:00:00,,not observable,Baybay City Centre,POI 5×5,Reliability-qualified DNB-BRDF,4,G2,10.0
-24,0,0.95,,,,,,0.0,0,2013-08-04,2013-08-07,2013-08-05 12:00:00,,not observable,Baybay City Centre,POI 5×5,Reliability-qualified DNB-BRDF,4,G2,10.0
-23,0,0.95,,,,,,0.0,0,2013-08-08,2013-08-11,2013-08-09 12:00:00,,not observable,Baybay City Centre,POI 5×5,Reliability-qualified DNB-BRDF,4,G2,10.0
-22,0,0.95,,,,,,0.0,0,2013-08-12,2013-08-15,2013-08-13 12:00:00,,not observable,Baybay City Centre,POI 5×5,Reliability-qualified DNB-BRDF,4,G2,10.0
-21,0,0.95,,,,,,0.0,0,2013-08-16,2013-08-19,2013-08-17 12:00:00,,not observable,Baybay City Centre,POI 5×5,Reliability-qualified DNB-BRDF,4,G2,10.0
-20,0,0.95,,,,,,0.0,0,2013-08-20,2013-08-23,2013-08-21 12:00:00,,not observable,Baybay City Centre,POI 5×5,Reliability-qualified DNB-BRDF,4,G2,10.0
-19,0,0.95,11.804121,15.0595455,78.38298,67.23737335205078,97.180908203125,83.33333333333333,5,2013-08-24,2013-08-27,2013-08-25 12:00:00,2.360824203491211,observed,Baybay City Centre,POI 5×5,Reliability-qualified DNB-BRDF,4,G2,10.0
-18,0,0.95,19.321745,18.616571,103.78788,89.63015747070312,126.68574523925781,100.0,6,2013-08-28,2013-08-31,2013-08-29 12:00:00,3.2202908198038735,observed,Baybay City Centre,POI 5×5,Reliability-qualified DNB-BRDF,4,G2,10.0
-17,0,0.95,21.2624,18.616571,114.21222,98.63251495361328,139.40992736816406,100.0,6,2013-09-01,2013-09-04,2013-09-02 12:00:00,3.543733278910319,observed,Baybay City Centre,POI 5×5,Reliability-qualified DNB-BRDF,4,G2,10.0
-16,0,0.95,,,,,,0.0,0,2013-09-05,2013-09-08,2013-09-06 12:00:00,,not observable,Baybay City Centre,POI 5×5,Reliability-qualified DNB-BRDF,4,G2,10.0
-15,0,0.95,,,,,,0.0,0,2013-09-09,2013-09-12,2013-09-10 12:00:00,,not observable,Baybay City Centre,POI 5×5,Reliability-qualified DNB-BRDF,4,G2,10.0
-14,0,0.95,17.609688,18.616571,94.59146,81.68822479248047,115.46040344238281,100.0,6,2013-09-13,2013-09-16,2013-09-14 12:00:00,2.934947967529297,observed,Baybay City Centre,POI 5×5,Reliability-qualified DNB-BRDF,4,G2,10.0
-13,0,0.95,,,,,,0.0,0,2013-09-17,2013-09-20,2013-09-18 12:00:00,,not observable,Baybay City Centre,POI 5×5,Reliability-qualified DNB-BRDF,4,G2,10.0
-12,0,0.95,,,,,,0.0,0,2013-09-21,2013-09-24,2013-09-22 12:00:00,,not observable,Baybay City Centre,POI 5×5,Reliability-qualified DNB-BRDF,4,G2,10.0
-11,0,0.95,,,,,,0.0,0,2013-09-25,2013-09-28,2013-09-26 12:00:00,,not observable,Baybay City Centre,POI 5×5,Reliability-qualified DNB-BRDF,4,G2,10.0
-10,0,0.95,,,,,,0.0,0,2013-09-29,2013-10-02,2013-09-30 12:00:00,,not observable,Baybay City Centre,POI 5×5,Reliability-qualified DNB-BRDF,4,G2,10.0
-9,0,0.95,,,,,,0.0,0,2013-10-03,2013-10-06,2013-10-04 12:00:00,,not observable,Baybay City Centre,POI 5×5,Reliability-qualified DNB-BRDF,4,G2,10.0
-8,0,0.95,14.422663,18.616571,77.472176,66.90418243408203,94.56421661376953,100.0,6,2013-10-07,2013-10-10,2013-10-08 12:00:00,2.4037771224975586,observed,Baybay City Centre,POI 5×5,Reliability-qualified DNB-BRDF,4,G2,10.0
-7,0,0.95,18.892536,18.616571,101.48236,87.6391372680664,123.87158203125,100.0,6,2013-10-11,2013-10-14,2013-10-12 12:00:00,3.1487560272216797,observed,Baybay City Centre,POI 5×5,Reliability-qualified DNB-BRDF,4,G2,10.0
-6,0,0.95,21.429338,18.616571,115.10894,99.40691375732422,140.50448608398438,100.0,6,2013-10-15,2013-10-18,2013-10-16 12:00:00,3.5715564092000327,observed,Baybay City Centre,POI 5×5,Reliability-qualified DNB-BRDF,4,G2,10.0
-5,0,0.95,,,,,,0.0,0,2013-10-19,2013-10-22,2013-10-20 12:00:00,,not observable,Baybay City Centre,POI 5×5,Reliability-qualified DNB-BRDF,4,G2,10.0
-4,0,0.95,,,,,,0.0,0,2013-10-23,2013-10-26,2013-10-24 12:00:00,,not observable,Baybay City Centre,POI 5×5,Reliability-qualified DNB-BRDF,4,G2,10.0
-3,0,0.95,24.63124,18.616571,132.30815,114.25996398925781,161.49819946289062,100.0,6,2013-10-27,2013-10-30,2013-10-28 12:00:00,4.105206807454427,observed,Baybay City Centre,POI 5×5,Reliability-qualified DNB-BRDF,4,G2,10.0
-2,0,0.95,12.358544,18.616571,66.38464,57.329105377197266,81.0305404663086,100.0,6,2013-10-31,2013-11-03,2013-11-01 12:00:00,2.059757391611735,observed,Baybay City Centre,POI 5×5,Reliability-qualified DNB-BRDF,4,G2,10.0
-1,0,0.95,,,,,,0.0,0,2013-11-04,2013-11-07,2013-11-05 12:00:00,,not observable,Baybay City Centre,POI 5×5,Reliability-qualified DNB-BRDF,4,G2,10.0
0,0,0.95,1.096203,18.616571,5.8883185,5.085092067718506,7.187409400939941,100.0,6,2013-11-08,2013-11-11,2013-11-09 12:00:00,0.18270049492518106,observed,Baybay City Centre,POI 5×5,Reliability-qualified DNB-BRDF,4,G2,10.0
1,0,0.95,2.0327983,18.616571,10.919294,9.429791450500488,13.328329086303711,100.0,6,2013-11-12,2013-11-15,2013-11-13 12:00:00,0.33879971504211426,observed,Baybay City Centre,POI 5×5,Reliability-qualified DNB-BRDF,4,G2,10.0
2,0,0.95,0.5310774,14.584539,3.6413724,3.2004799842834473,4.618424415588379,83.33333333333333,5,2013-11-16,2013-11-19,2013-11-17 12:00:00,0.1062154769897461,observed,Baybay City Centre,POI 5×5,Reliability-qualified DNB-BRDF,4,G2,10.0
3,0,0.95,,,,,,0.0,0,2013-11-20,2013-11-23,2013-11-21 12:00:00,,not observable,Baybay City Centre,POI 5×5,Reliability-qualified DNB-BRDF,4,G2,10.0
4,0,0.95,,,,,,0.0,0,2013-11-24,2013-11-27,2013-11-25 12:00:00,,not observable,Baybay City Centre,POI 5×5,Reliability-qualified DNB-BRDF,4,G2,10.0
5,0,0.95,4.4283633,14.584539,30.363409,26.687047958374023,38.51051330566406,83.33333333333333,5,2013-11-28,2013-12-01,2013-11-29 12:00:00,0.885672664642334,observed,Baybay City Centre,POI 5×5,Reliability-qualified DNB-BRDF,4,G2,10.0
6,0,0.95,13.432924,18.616571,72.15574,62.31296157836914,88.07486724853516,100.0,6,2013-12-02,2013-12-05,2013-12-03 12:00:00,2.238820711771647,observed,Baybay City Centre,POI 5×5,Reliability-qualified DNB-BRDF,4,G2,10.0
7,0,0.95,,,,,,0.0,0,2013-12-06,2013-12-09,2013-12-07 12:00:00,,not observable,Baybay City Centre,POI 5×5,Reliability-qualified DNB-BRDF,4,G2,10.0
8,0,0.95,6.697841,14.432711,46.407368,40.50358581542969,56.693458557128906,66.66666666666667,4,2013-12-10,2013-12-13,2013-12-11 12:00:00,1.6744602918624878,observed,Baybay City Centre,POI 5×5,Reliability-qualified DNB-BRDF,4,G2,10.0
9,0,0.95,13.392041,10.82485,123.71572,110.6510238647461,150.76504516601562,50.0,3,2013-12-14,2013-12-17,2013-12-15 12:00:00,4.464013735453288,observed,Baybay City Centre,POI 5×5,Reliability-qualified DNB-BRDF,4,G2,10.0
10,0,0.95,,,,,,0.0,0,2013-12-18,2013-12-21,2013-12-19 12:00:00,,not observable,Baybay City Centre,POI 5×5,Reliability-qualified DNB-BRDF,4,G2,10.0
11,0,0.95,9.339783,10.82485,86.280945,77.1694564819336,105.14549255371094,50.0,3,2013-12-22,2013-12-25,2013-12-23 12:00:00,3.1132609049479165,observed,Baybay City Centre,POI 5×5,Reliability-qualified DNB-BRDF,4,G2,10.0
12,0,0.95,14.264599,18.616571,76.62312,66.17095184326172,93.5278549194336,100.0,6,2013-12-26,2013-12-29,2013-12-27 12:00:00,2.3774331410725913,observed,Baybay City Centre,POI 5×5,Reliability-qualified DNB-BRDF,4,G2,10.0
13,0,0.95,0.7535918,3.7596884,20.043995,16.781068801879883,28.80284881591797,33.333333333333336,2,2013-12-30,2014-01-02,2013-12-31 12:00:00,0.3767958879470825,observed,Baybay City Centre,POI 5×5,Reliability-qualified DNB-BRDF,4,G2,10.0
14,0,0.95,8.795626,18.616571,47.246216,40.80134963989258,57.669761657714844,100.0,6,2014-01-03,2014-01-06,2014-01-04 12:00:00,1.465937614440918,observed,Baybay City Centre,POI 5×5,Reliability-qualified DNB-BRDF,4,G2,10.0
15,0,0.95,,,,,,0.0,0,2014-01-07,2014-01-10,2014-01-08 12:00:00,,not observable,Baybay City Centre,POI 5×5,Reliability-qualified DNB-BRDF,4,G2,10.0
16,0,0.95,,,,,,0.0,0,2014-01-11,2014-01-14,2014-01-12 12:00:00,,not observable,Baybay City Centre,POI 5×5,Reliability-qualified DNB-BRDF,4,G2,10.0
17,0,0.95,,,,,,0.0,0,2014-01-15,2014-01-18,2014-01-16 12:00:00,,not observable,Baybay City Centre,POI 5×5,Reliability-qualified DNB-BRDF,4,G2,10.0
18,0,0.95,,,,,,0.0,0,2014-01-19,2014-01-22,2014-01-20 12:00:00,,not observable,Baybay City Centre,POI 5×5,Reliability-qualified DNB-BRDF,4,G2,10.0
19,0,0.95,17.619102,18.616571,94.64204,81.73190307617188,115.52213287353516,100.0,6,2014-01-23,2014-01-26,2014-01-24 12:00:00,2.936517079671224,observed,Baybay City Centre,POI 5×5,Reliability-qualified DNB-BRDF,4,G2,10.0
20,0,0.95,14.293953,18.616571,76.7808,66.30712127685547,93.7203140258789,100.0,6,2014-01-27,2014-01-30,2014-01-28 12:00:00,2.3823254903157554,observed,Baybay City Centre,POI 5×5,Reliability-qualified DNB-BRDF,4,G2,10.0
21,0,0.95,10.789844,18.616571,57.958275,50.05217742919922,70.74513244628906,100.0,6,2014-01-31,2014-02-03,2014-02-01 12:00:00,1.7983072598775227,observed,Baybay City Centre,POI 5×5,Reliability-qualified DNB-BRDF,4,G2,10.0
22,0,0.95,20.585348,18.616571,110.5754,95.49179077148438,134.9707489013672,100.0,6,2014-02-04,2014-02-07,2014-02-05 12:00:00,3.4308913548787436,observed,Baybay City Centre,POI 5×5,Reliability-qualified DNB-BRDF,4,G2,10.0
23,0,0.95,8.9545,17.692484,50.61189,43.827877044677734,62.35852813720703,83.33333333333333,5,2014-02-08,2014-02-11,2014-02-09 12:00:00,1.7909000396728516,observed,Baybay City Centre,POI 5×5,Reliability-qualified DNB-BRDF,4,G2,10.0
24,0,0.95,7.2226205,18.616571,38.796726,33.504459381103516,47.35612869262695,100.0,6,2014-02-12,2014-02-15,2014-02-13 12:00:00,1.2037700812021892,observed,Baybay City Centre,POI 5×5,Reliability-qualified DNB-BRDF,4,G2,10.0
25,0,0.95,9.261334,18.616571,49.7478,42.961692810058594,60.723243713378906,100.0,6,2014-02-16,2014-02-19,2014-02-17 12:00:00,1.543555736541748,observed,Baybay City Centre,POI 5×5,Reliability-qualified DNB-BRDF,4,G2,10.0
26,0,0.95,17.33381,15.780973,109.839935,95.27947998046875,128.13909912109375,83.33333333333333,5,2014-02-20,2014-02-23,2014-02-21 12:00:00,3.466762161254883,observed,Baybay City Centre,POI 5×5,Reliability-qualified DNB-BRDF,4,G2,10.0
27,0,0.95,23.07222,18.616571,123.93377,107.02794647216797,151.27626037597656,100.0,6,2014-02-24,2014-02-27,2014-02-25 12:00:00,3.8453699747721353,observed,Baybay City Centre,POI 5×5,Reliability-qualified DNB-BRDF,4,G2,10.0
28,0,0.95,15.514723,18.616571,83.33824,71.97005462646484,101.72447204589844,100.0,6,2014-02-28,2014-03-03,2014-03-01 12:00:00,2.5857871373494468,observed,Baybay City Centre,POI 5×5,Reliability-qualified DNB-BRDF,4,G2,10.0
29,0,0.95,18.66085,18.616571,100.23785,86.56438446044922,122.35250091552734,100.0,6,2014-03-04,2014-03-07,2014-03-05 12:00:00,3.1101417541503906,observed,Baybay City Centre,POI 5×5,Reliability-qualified DNB-BRDF,4,G2,10.0
30,0,0.95,19.39028,18.616571,104.15602,89.94807434082031,127.13510131835938,100.0,6,2014-03-08,2014-03-11,2014-03-09 12:00:00,3.23171329498291,observed,Baybay City Centre,POI 5×5,Reliability-qualified DNB-BRDF,4,G2,10.0
31,0,0.95,,,,,,0.0,0,2014-03-12,2014-03-15,2014-03-13 12:00:00,,not observable,Baybay City Centre,POI 5×5,Reliability-qualified DNB-BRDF,4,G2,10.0
32,0,0.95,13.862677,18.616571,74.46418,64.30650329589844,90.89259338378906,100.0,6,2014-03-16,2014-03-19,2014-03-17 12:00:00,2.3104461034139,observed,Baybay City Centre,POI 5×5,Reliability-qualified DNB-BRDF,4,G2,10.0
33,0,0.95,,,,,,0.0,0,2014-03-20,2014-03-23,2014-03-21 12:00:00,,not observable,Baybay City Centre,POI 5×5,Reliability-qualified DNB-BRDF,4,G2,10.0
34,0,0.95,11.765445,18.616571,63.198772,54.577816009521484,77.14179229736328,100.0,6,2014-03-24,2014-03-27,2014-03-25 12:00:00,1.9609074592590332,observed,Baybay City Centre,POI 5×5,Reliability-qualified DNB-BRDF,4,G2,10.0
35,0,0.95,23.139683,18.616571,124.29616,107.34089660644531,151.71859741210938,100.0,6,2014-03-28,2014-03-31,2014-03-29 12:00:00,3.856613794962565,observed,Baybay City Centre,POI 5×5,Reliability-qualified DNB-BRDF,4,G2,10.0
36,0,0.95,17.40602,18.616571,93.49745,80.74344635009766,114.1250228881836,100.0,6,2014-04-01,2014-04-04,2014-04-02 12:00:00,2.9010032018025718,observed,Baybay City Centre,POI 5×5,Reliability-qualified DNB-BRDF,4,G2,10.0
37,0,0.95,33.261055,18.616571,178.6637,154.29214477539062,218.08079528808594,100.0,6,2014-04-05,2014-04-08,2014-04-06 12:00:00,5.543509165445964,observed,Baybay City Centre,POI 5×5,Reliability-qualified DNB-BRDF,4,G2,10.0
38,0,0.95,,,,,,0.0,0,2014-04-09,2014-04-12,2014-04-10 12:00:00,,not observable,Baybay City Centre,POI 5×5,Reliability-qualified DNB-BRDF,4,G2,10.0
39,0,0.95,,,,,,0.0,0,2014-04-13,2014-04-16,2014-04-14 12:00:00,,not observable,Baybay City Centre,POI 5×5,Reliability-qualified DNB-BRDF,4,G2,10.0
40,0,0.95,9.594604,14.584539,65.786125,57.820831298828125,83.4378433227539,83.33333333333333,5,2014-04-17,2014-04-20,2014-04-18 12:00:00,1.9189207077026367,observed,Baybay City Centre,POI 5×5,Reliability-qualified DNB-BRDF,4,G2,10.0
41,0,0.95,15.173752,18.616571,81.5067,70.38835144042969,99.48884582519531,100.0,6,2014-04-21,2014-04-24,2014-04-22 12:00:00,2.5289586385091147,observed,Baybay City Centre,POI 5×5,Reliability-qualified DNB-BRDF,4,G2,10.0
42,0,0.95,16.243626,18.616571,87.253586,75.35130310058594,106.50362396240234,100.0,6,2014-04-25,2014-04-28,2014-04-26 12:00:00,2.707270940144857,observed,Baybay City Centre,POI 5×5,Reliability-qualified DNB-BRDF,4,G2,10.0
43,0,0.95,22.485521,18.616571,120.782295,104.30635833740234,147.42950439453125,100.0,6,2014-04-29,2014-05-02,2014-04-30 12:00:00,3.7475868860880532,observed,Baybay City Centre,POI 5×5,Reliability-qualified DNB-BRDF,4,G2,10.0
44,0,0.95,12.990891,18.616571,69.78133,60.262447357177734,85.1766128540039,100.0,6,2014-05-03,2014-05-06,2014-05-04 12:00:00,2.1651485761006675,observed,Baybay City Centre,POI 5×5,Reliability-qualified DNB-BRDF,4,G2,10.0
45,0,0.95,18.95023,18.616571,101.79227,87.9067611694336,124.2498550415039,100.0,6,2014-05-07,2014-05-10,2014-05-08 12:00:00,3.158371607462565,observed,Baybay City Centre,POI 5×5,Reliability-qualified DNB-BRDF,4,G2,10.0
46,0,0.95,18.668255,18.616571,100.27762,86.5987319946289,122.40104675292969,100.0,6,2014-05-11,2014-05-14,2014-05-12 12:00:00,3.1113758087158203,observed,Baybay City Centre,POI 5×5,Reliability-qualified DNB-BRDF,4,G2,10.0
47,0,0.95,19.839352,18.616571,106.56824,92.03124237060547,130.0795135498047,100.0,6,2014-05-15,2014-05-18,2014-05-16 12:00:00,3.306558609008789,observed,Baybay City Centre,POI 5×5,Reliability-qualified DNB-BRDF,4,G2,10.0
48,0,0.95,17.855728,18.616571,95.913086,82.82955932617188,117.07359313964844,100.0,6,2014-05-19,2014-05-22,2014-05-20 12:00:00,2.9759546915690103,observed,Baybay City Centre,POI 5×5,Reliability-qualified DNB-BRDF,4,G2,10.0
49,0,0.95,32.478455,18.616571,174.45992,150.66180419921875,212.94956970214844,100.0,6,2014-05-23,2014-05-26,2014-05-24 12:00:00,5.413075764973958,observed,Baybay City Centre,POI 5×5,Reliability-qualified DNB-BRDF,4,G2,10.0
50,0,0.95,5.880515,3.7596884,156.40964,130.947998046875,224.75775146484375,33.333333333333336,2,2014-05-27,2014-05-30,2014-05-28 12:00:00,2.9402575492858887,observed,Baybay City Centre,POI 5×5,Reliability-qualified DNB-BRDF,4,G2,10.0
51,0,0.95,22.835094,18.616571,122.66005,105.92797088623047,149.72152709960938,100.0,6,2014-05-31,2014-06-03,2014-06-01 12:00:00,3.805849075317383,observed,Baybay City Centre,POI 5×5,Reliability-qualified DNB-BRDF,4,G2,10.0
52,0,0.95,17.211395,18.616571,92.45201,79.84062194824219,112.84893798828125,100.0,6,2014-06-04,2014-06-07,2014-06-05 12:00:00,2.868565877278646,observed,Baybay City Centre,POI 5×5,Reliability-qualified DNB-BRDF,4,G2,10.0
53,0,0.95,,,,,,0.0,0,2014-06-08,2014-06-11,2014-06-09 12:00:00,,not observable,Baybay City Centre,POI 5×5,Reliability-qualified DNB-BRDF,4,G2,10.0
54,0,0.95,,,,,,0.0,0,2014-06-12,2014-06-15,2014-06-13 12:00:00,,not observable,Baybay City Centre,POI 5×5,Reliability-qualified DNB-BRDF,4,G2,10.0
55,0,0.95,14.306599,18.616571,76.84873,66.36578369140625,93.80323791503906,100.0,6,2014-06-16,2014-06-19,2014-06-17 12:00:00,2.384433110555013,observed,Baybay City Centre,POI 5×5,Reliability-qualified DNB-BRDF,4,G2,10.0
56,0,0.95,11.549188,18.616571,62.03714,53.574642181396484,75.72388458251953,100.0,6,2014-06-20,2014-06-23,2014-06-21 12:00:00,1.9248646100362141,observed,Baybay City Centre,POI 5×5,Reliability-qualified DNB-BRDF,4,G2,10.0
57,0,0.95,,,,,,0.0,0,2014-06-24,2014-06-27,2014-06-25 12:00:00,,not observable,Baybay City Centre,POI 5×5,Reliability-qualified DNB-BRDF,4,G2,10.0
58,0,0.95,12.86392,18.616571,69.0993,59.67344665527344,84.34410095214844,100.0,6,2014-06-28,2014-07-01,2014-06-29 12:00:00,2.143986701965332,observed,Baybay City Centre,POI 5×5,Reliability-qualified DNB-BRDF,4,G2,10.0
59,0,0.95,,,,,,0.0,0,2014-07-02,2014-07-05,2014-07-03 12:00:00,,not observable,Baybay City Centre,POI 5×5,Reliability-qualified DNB-BRDF,4,G2,10.0
60,0,0.95,,,,,,0.0,0,2014-07-06,2014-07-09,2014-07-07 12:00:00,,not observable,Baybay City Centre,POI 5×5,Reliability-qualified DNB-BRDF,4,G2,10.0
61,0,0.95,13.625066,18.616571,73.187836,63.20426940917969,89.33466339111328,100.0,6,2014-07-10,2014-07-13,2014-07-11 12:00:00,2.270844300587972,observed,Baybay City Centre,POI 5×5,Reliability-qualified DNB-BRDF,4,G2,10.0
62,0,0.95,16.491407,18.616571,88.58456,76.50072479248047,108.12824249267578,100.0,6,2014-07-14,2014-07-17,2014-07-15 12:00:00,2.7485678990681968,observed,Baybay City Centre,POI 5×5,Reliability-qualified DNB-BRDF,4,G2,10.0
63,0,0.95,,,,,,0.0,0,2014-07-18,2014-07-21,2014-07-19 12:00:00,,not observable,Baybay City Centre,POI 5×5,Reliability-qualified DNB-BRDF,4,G2,10.0
64,0,0.95,,,,,,0.0,0,2014-07-22,2014-07-25,2014-07-23 12:00:00,,not observable,Baybay City Centre,POI 5×5,Reliability-qualified DNB-BRDF,4,G2,10.0
65,0,0.95,,,,,,0.0,0,2014-07-26,2014-07-29,2014-07-27 12:00:00,,not observable,Baybay City Centre,POI 5×5,Reliability-qualified DNB-BRDF,4,G2,10.0
66,0,0.95,,,,,,0.0,0,2014-07-30,2014-08-02,2014-07-31 12:00:00,,not observable,Baybay City Centre,POI 5×5,Reliability-qualified DNB-BRDF,4,G2,10.0
67,0,0.95,16.888689,17.692484,95.456856,82.66183471679688,117.61167907714844,83.33333333333333,5,2014-08-03,2014-08-06,2014-08-04 12:00:00,3.377737808227539,observed,Baybay City Centre,POI 5×5,Reliability-qualified DNB-BRDF,4,G2,10.0
68,0,0.95,8.392337,18.616571,45.07993,38.93056869506836,55.025543212890625,100.0,6,2014-08-07,2014-08-10,2014-08-08 12:00:00,1.398722807566325,observed,Baybay City Centre,POI 5×5,Reliability-qualified DNB-BRDF,4,G2,10.0
69,0,0.95,,,,,,0.0,0,2014-08-11,2014-08-14,2014-08-12 12:00:00,,not observable,Baybay City Centre,POI 5×5,Reliability-qualified DNB-BRDF,4,G2,10.0
70,0,0.95,13.668963,18.616571,73.42364,63.40790557861328,89.62248992919922,100.0,6,2014-08-15,2014-08-18,2014-08-16 12:00:00,2.278160572052002,observed,Baybay City Centre,POI 5×5,Reliability-qualified DNB-BRDF,4,G2,10.0
71,0,0.95,22.578197,18.616571,121.28011,104.73626708984375,148.03713989257812,100.0,6,2014-08-19,2014-08-22,2014-08-20 12:00:00,3.763032913208008,observed,Baybay City Centre,POI 5×5,Reliability-qualified DNB-BRDF,4,G2,10.0
72,0,0.95,,,,,,0.0,0,2014-08-23,2014-08-26,2014-08-24 12:00:00,,not observable,Baybay City Centre,POI 5×5,Reliability-qualified DNB-BRDF,4,G2,10.0
73,0,0.95,,,,,,0.0,0,2014-08-27,2014-08-30,2014-08-28 12:00:00,,not observable,Baybay City Centre,POI 5×5,Reliability-qualified DNB-BRDF,4,G2,10.0
74,0,0.95,,,,,,0.0,0,2014-08-31,2014-09-03,2014-09-01 12:00:00,,not observable,Baybay City Centre,POI 5×5,Reliability-qualified DNB-BRDF,4,G2,10.0
75,0,0.95,13.505602,11.597112,116.4566,102.53404998779297,133.85452270507812,50.0,3,2014-09-04,2014-09-07,2014-09-05 12:00:00,4.501867294311523,observed,Baybay City Centre,POI 5×5,Reliability-qualified DNB-BRDF,4,G2,10.0
76,0,0.95,10.172218,14.6085205,69.63209,58.62889099121094,84.62935638427734,83.33333333333333,5,2014-09-08,2014-09-11,2014-09-09 12:00:00,2.034443664550781,observed,Baybay City Centre,POI 5×5,Reliability-qualified DNB-BRDF,4,G2,10.0
77,0,0.95,15.134538,18.616571,81.29605,70.2064437866211,99.23172760009766,100.0,6,2014-09-12,2014-09-15,2014-09-13 12:00:00,2.522422949473063,observed,Baybay City Centre,POI 5×5,Reliability-qualified DNB-BRDF,4,G2,10.0
78,0,0.95,7.2366667,14.6085205,49.5373,41.70946502685547,60.20657730102539,83.33333333333333,5,2014-09-16,2014-09-19,2014-09-17 12:00:00,1.4473333358764648,observed,Baybay City Centre,POI 5×5,Reliability-qualified DNB-BRDF,4,G2,10.0
79,0,0.95,24.231026,18.616571,130.15837,112.4034423828125,158.87413024902344,100.0,6,2014-09-20,2014-09-23,2014-09-21 12:00:00,4.038504282633464,observed,Baybay City Centre,POI 5×5,Reliability-qualified DNB-BRDF,4,G2,10.0
80,0,0.95,,,,,,0.0,0,2014-09-24,2014-09-27,2014-09-25 12:00:00,,not observable,Baybay City Centre,POI 5×5,Reliability-qualified DNB-BRDF,4,G2,10.0
81,0,0.95,,,,,,0.0,0,2014-09-28,2014-10-01,2014-09-29 12:00:00,,not observable,Baybay City Centre,POI 5×5,Reliability-qualified DNB-BRDF,4,G2,10.0
82,0,0.95,,,,,,0.0,0,2014-10-02,2014-10-05,2014-10-03 12:00:00,,not observable,Baybay City Centre,POI 5×5,Reliability-qualified DNB-BRDF,4,G2,10.0
83,0,0.95,,,,,,0.0,0,2014-10-06,2014-10-09,2014-10-07 12:00:00,,not observable,Baybay City Centre,POI 5×5,Reliability-qualified DNB-BRDF,4,G2,10.0
84,0,0.95,16.996645,18.616571,91.29848,78.84442901611328,111.44090270996094,100.0,6,2014-10-10,2014-10-13,2014-10-11 12:00:00,2.8327741622924805,observed,Baybay City Centre,POI 5×5,Reliability-qualified DNB-BRDF,4,G2,10.0
85,0,0.95,16.652765,18.616571,89.4513,77.24922943115234,109.18620300292969,100.0,6,2014-10-14,2014-10-17,2014-10-15 12:00:00,2.775460879007975,observed,Baybay City Centre,POI 5×5,Reliability-qualified DNB-BRDF,4,G2,10.0
86,0,0.95,19.202633,18.616571,103.14806,89.07762145996094,125.90476989746094,100.0,6,2014-10-18,2014-10-21,2014-10-19 12:00:00,3.2004388173421225,observed,Baybay City Centre,POI 5×5,Reliability-qualified DNB-BRDF,4,G2,10.0
87,0,0.95,24.766022,18.616571,133.03212,114.88518524169922,162.3819122314453,100.0,6,2014-10-22,2014-10-25,2014-10-23 12:00:00,4.1276702880859375,observed,Baybay City Centre,POI 5×5,Reliability-qualified DNB-BRDF,4,G2,10.0
88,0,0.95,,,,,,0.0,0,2014-10-26,2014-10-29,2014-10-27 12:00:00,,not observable,Baybay City Centre,POI 5×5,Reliability-qualified DNB-BRDF,4,G2,10.0
89,0,0.95,,,,,,0.0,0,2014-10-30,2014-11-02,2014-10-31 12:00:00,,not observable,Baybay City Centre,POI 5×5,Reliability-qualified DNB-BRDF,4,G2,10.0
90,0,0.95,22.772116,14.135458,161.09924,138.60284423828125,202.33721923828125,66.66666666666667,4,2014-11-03,2014-11-06,2014-11-04 12:00:00,5.693028926849365,observed,Baybay City Centre,POI 5×5,Reliability-qualified DNB-BRDF,4,G2,10.0
-45,0,0.95,110.41034,64.720245,170.5963,126.92543826564054,221.36554751471616,100.0,25,2013-05-12,2013-05-15,2013-05-13 12:00:00,4.41641357421875,observed,Palo Centre,POI 5×5,Reliability-qualified DNB-BRDF,4,G2,10.0
-44,0,0.95,67.90935,64.720245,104.92751,78.0671749169967,136.15381719037376,100.0,25,2013-05-16,2013-05-19,2013-05-17 12:00:00,2.7163739013671875,observed,Palo Centre,POI 5×5,Reliability-qualified DNB-BRDF,4,G2,10.0
-43,0,0.95,80.52571,64.720245,124.42121,92.57068888618367,161.44881206726384,100.0,25,2013-05-20,2013-05-23,2013-05-21 12:00:00,3.2210284423828126,observed,Palo Centre,POI 5×5,Reliability-qualified DNB-BRDF,4,G2,10.0
-42,0,0.95,79.83171,64.720245,123.3489,91.77287639393631,160.05737941535685,100.0,25,2013-05-24,2013-05-27,2013-05-25 12:00:00,3.1932684326171876,observed,Palo Centre,POI 5×5,Reliability-qualified DNB-BRDF,4,G2,10.0
-41,0,0.95,92.80813,60.355045,153.77028,117.39751945398915,198.93717357614958,80.0,20,2013-05-28,2013-05-31,2013-05-29 12:00:00,4.6404064178466795,observed,Palo Centre,POI 5×5,Reliability-qualified DNB-BRDF,4,G2,10.0
-40,0,0.95,45.711376,41.905968,109.080826,85.15746775784942,140.12523790066493,68.0,17,2013-06-01,2013-06-04,2013-06-02 12:00:00,2.6889044817756202,observed,Palo Centre,POI 5×5,Reliability-qualified DNB-BRDF,4,G2,10.0
-39,0,0.95,,,,,,0.0,0,2013-06-05,2013-06-08,2013-06-06 12:00:00,,not observable,Palo Centre,POI 5×5,Reliability-qualified DNB-BRDF,4,G2,10.0
-38,0,0.95,,,,,,0.0,0,2013-06-09,2013-06-12,2013-06-10 12:00:00,,not observable,Palo Centre,POI 5×5,Reliability-qualified DNB-BRDF,4,G2,10.0
-37,0,0.95,,,,,,0.0,0,2013-06-13,2013-06-16,2013-06-14 12:00:00,,not observable,Palo Centre,POI 5×5,Reliability-qualified DNB-BRDF,4,G2,10.0
-36,0,0.95,,,,,,0.0,0,2013-06-17,2013-06-20,2013-06-18 12:00:00,,not observable,Palo Centre,POI 5×5,Reliability-qualified DNB-BRDF,4,G2,10.0
-35,0,0.95,53.641693,55.759182,96.20244,72.90846813291807,124.01428398712223,88.0,22,2013-06-21,2013-06-24,2013-06-22 12:00:00,2.4382587779651987,observed,Palo Centre,POI 5×5,Reliability-qualified DNB-BRDF,4,G2,10.0
-34,0,0.95,,,,,,0.0,0,2013-06-25,2013-06-28,2013-06-26 12:00:00,,not observable,Palo Centre,POI 5×5,Reliability-qualified DNB-BRDF,4,G2,10.0
-33,0,0.95,74.75108,64.720245,115.498764,85.93229530077443,149.87105704248484,100.0,25,2013-06-29,2013-07-02,2013-06-30 12:00:00,2.9900433349609377,observed,Palo Centre,POI 5×5,Reliability-qualified DNB-BRDF,4,G2,10.0
-32,0,0.95,64.80171,64.720245,100.12588,74.49470583189704,129.923217668256,100.0,25,2013-07-03,2013-07-06,2013-07-04 12:00:00,2.5920684814453123,observed,Palo Centre,POI 5×5,Reliability-qualified DNB-BRDF,4,G2,10.0
-31,0,0.95,69.205154,64.720245,106.92969,79.55681183772947,138.75183297871405,100.0,25,2013-07-07,2013-07-10,2013-07-08 12:00:00,2.7682061767578126,observed,Palo Centre,POI 5×5,Reliability-qualified DNB-BRDF,4,G2,10.0
-30,0,0.95,,,,,,0.0,0,2013-07-11,2013-07-14,2013-07-12 12:00:00,,not observable,Palo Centre,POI 5×5,Reliability-qualified DNB-BRDF,4,G2,10.0
-29,0,0.95,81.84636,64.720245,126.461754,94.08887444012761,164.0966183775668,100.0,25,2013-07-15,2013-07-18,2013-07-16 12:00:00,3.2738543701171876,observed,Palo Centre,POI 5×5,Reliability-qualified DNB-BRDF,4,G2,10.0
-28,0,0.95,60.37153,51.759045,116.63957,87.77325404076358,148.65093735065173,80.0,20,2013-07-19,2013-07-22,2013-07-20 12:00:00,3.018576431274414,observed,Palo Centre,POI 5×5,Reliability-qualified DNB-BRDF,4,G2,10.0
-27,0,0.95,,,,,,0.0,0,2013-07-23,2013-07-26,2013-07-24 12:00:00,,not observable,Palo Centre,POI 5×5,Reliability-qualified DNB-BRDF,4,G2,10.0
-26,0,0.95,,,,,,0.0,0,2013-07-27,2013-07-30,2013-07-28 12:00:00,,not observable,Palo Centre,POI 5×5,Reliability-qualified DNB-BRDF,4,G2,10.0
-25,0,0.95,,,,,,0.0,0,2013-07-31,2013-08-03,2013-08-01 12:00:00,,not observable,Palo Centre,POI 5×5,Reliability-qualified DNB-BRDF,4,G2,10.0
-24,0,0.95,3.6138124,4.7453904,76.15417,47.95988493844862,108.32268200901012,28.0,7,2013-08-04,2013-08-07,2013-08-05 12:00:00,0.5162589209420341,observed,Palo Centre,POI 5×5,Reliability-qualified DNB-BRDF,4,G2,10.0
-23,0,0.95,,,,,,0.0,0,2013-08-08,2013-08-11,2013-08-09 12:00:00,,not observable,Palo Centre,POI 5×5,Reliability-qualified DNB-BRDF,4,G2,10.0
-22,0,0.95,,,,,,0.0,0,2013-08-12,2013-08-15,2013-08-13 12:00:00,,not observable,Palo Centre,POI 5×5,Reliability-qualified DNB-BRDF,4,G2,10.0
-21,0,0.95,,,,,,0.0,0,2013-08-16,2013-08-19,2013-08-17 12:00:00,,not observable,Palo Centre,POI 5×5,Reliability-qualified DNB-BRDF,4,G2,10.0
-20,0,0.95,,,,,,0.0,0,2013-08-20,2013-08-23,2013-08-21 12:00:00,,not observable,Palo Centre,POI 5×5,Reliability-qualified DNB-BRDF,4,G2,10.0
-19,0,0.95,,,,,,0.0,0,2013-08-24,2013-08-27,2013-08-25 12:00:00,,not observable,Palo Centre,POI 5×5,Reliability-qualified DNB-BRDF,4,G2,10.0
-18,0,0.95,81.962296,64.720245,126.64089,94.22215378479258,164.32906551745705,100.0,25,2013-08-28,2013-08-31,2013-08-29 12:00:00,3.2784918212890624,observed,Palo Centre,POI 5×5,Reliability-qualified DNB-BRDF,4,G2,10.0
-17,0,0.95,69.62299,64.720245,107.575294,80.03714848534636,139.5895687899433,100.0,25,2013-09-01,2013-09-04,2013-09-02 12:00:00,2.7849197387695312,observed,Palo Centre,POI 5×5,Reliability-qualified DNB-BRDF,4,G2,10.0
-16,0,0.95,67.08062,64.720245,103.64704,77.11448917682772,134.4922763411659,100.0,25,2013-09-05,2013-09-08,2013-09-06 12:00:00,2.683224792480469,observed,Palo Centre,POI 5×5,Reliability-qualified DNB-BRDF,4,G2,10.0
-15,0,0.95,11.777714,15.226563,77.349785,47.521299997722025,107.23969977309241,60.0,15,2013-09-09,2013-09-12,2013-09-10 12:00:00,0.7851809183756511,observed,Palo Centre,POI 5×5,Reliability-qualified DNB-BRDF,4,G2,10.0
-14,0,0.95,54.838085,56.821857,96.50879,70.06777381452517,128.48362123302485,96.0,24,2013-09-13,2013-09-16,2013-09-14 12:00:00,2.2849202156066895,observed,Palo Centre,POI 5×5,Reliability-qualified DNB-BRDF,4,G2,10.0
-13,0,0.95,,,,,,0.0,0,2013-09-17,2013-09-20,2013-09-18 12:00:00,,not observable,Palo Centre,POI 5×5,Reliability-qualified DNB-BRDF,4,G2,10.0
-12,0,0.95,,,,,,0.0,0,2013-09-21,2013-09-24,2013-09-22 12:00:00,,not observable,Palo Centre,POI 5×5,Reliability-qualified DNB-BRDF,4,G2,10.0
-11,0,0.95,35.39972,33.878788,104.489334,77.12274472920477,137.01026799542922,44.0,11,2013-09-25,2013-09-28,2013-09-26 12:00:00,3.2181562943892046,observed,Palo Centre,POI 5×5,Reliability-qualified DNB-BRDF,4,G2,10.0
-10,0,0.95,,,,,,0.0,0,2013-09-29,2013-10-02,2013-09-30 12:00:00,,not observable,Palo Centre,POI 5×5,Reliability-qualified DNB-BRDF,4,G2,10.0
-9,0,0.95,101.81433,60.911385,167.15157,123.87907289772953,215.3619739066502,96.0,24,2013-10-03,2013-10-06,2013-10-04 12:00:00,4.2422637939453125,observed,Palo Centre,POI 5×5,Reliability-qualified DNB-BRDF,4,G2,10.0
-8,0,0.95,,,,,,0.0,0,2013-10-07,2013-10-10,2013-10-08 12:00:00,,not observable,Palo Centre,POI 5×5,Reliability-qualified DNB-BRDF,4,G2,10.0
-7,0,0.95,66.969864,64.720245,103.475914,76.98716541608667,134.27021609545625,100.0,25,2013-10-11,2013-10-14,2013-10-12 12:00:00,2.6787945556640627,observed,Palo Centre,POI 5×5,Reliability-qualified DNB-BRDF,4,G2,10.0
-6,0,0.95,63.06101,64.720245,97.436295,72.49362963346027,126.4332212235832,100.0,25,2013-10-15,2013-10-18,2013-10-16 12:00:00,2.5224403381347655,observed,Palo Centre,POI 5×5,Reliability-qualified DNB-BRDF,4,G2,10.0
-5,0,0.95,,,,,,0.0,0,2013-10-19,2013-10-22,2013-10-20 12:00:00,,not observable,Palo Centre,POI 5×5,Reliability-qualified DNB-BRDF,4,G2,10.0
-4,0,0.95,50.761124,54.017326,93.97193,69.59554143296525,120.95181480633919,80.0,20,2013-10-23,2013-10-26,2013-10-24 12:00:00,2.538056182861328,observed,Palo Centre,POI 5×5,Reliability-qualified DNB-BRDF,4,G2,10.0
-3,0,0.95,20.583866,29.892086,68.86059,45.72115687109089,95.16125186628354,76.0,19,2013-10-27,2013-10-30,2013-10-28 12:00:00,1.0833613747044613,observed,Palo Centre,POI 5×5,Reliability-qualified DNB-BRDF,4,G2,10.0
-2,0,0.95,76.06469,49.984413,152.17682,111.43874648590634,190.20123885619643,88.0,22,2013-10-31,2013-11-03,2013-11-01 12:00:00,3.45748589255593,observed,Palo Centre,POI 5×5,Reliability-qualified DNB-BRDF,4,G2,10.0
-1,0,0.95,13.1342325,11.30591,116.17139,67.77156644820597,159.2956397969464,52.0,13,2013-11-04,2013-11-07,2013-11-05 12:00:00,1.010325578542856,observed,Palo Centre,POI 5×5,Reliability-qualified DNB-BRDF,4,G2,10.0
0,0,0.95,8.79595,64.720245,13.590724,10.111641295173246,17.63530654031532,100.0,25,2013-11-08,2013-11-11,2013-11-09 12:00:00,0.35183799743652344,observed,Palo Centre,POI 5×5,Reliability-qualified DNB-BRDF,4,G2,10.0
1,0,0.95,20.224712,64.720245,31.249437,23.249909217846117,40.549230745254015,100.0,25,2013-11-12,2013-11-15,2013-11-13 12:00:00,0.8089884948730469,observed,Palo Centre,POI 5×5,Reliability-qualified DNB-BRDF,4,G2,10.0
2,0,0.95,8.408409,45.8576,18.335913,12.912594456533377,23.577067820187,88.0,22,2013-11-16,2013-11-19,2013-11-17 12:00:00,0.38220041448419745,observed,Palo Centre,POI 5×5,Reliability-qualified DNB-BRDF,4,G2,10.0
3,0,0.95,,,,,,0.0,0,2013-11-20,2013-11-23,2013-11-21 12:00:00,,not observable,Palo Centre,POI 5×5,Reliability-qualified DNB-BRDF,4,G2,10.0
4,0,0.95,10.646501,32.082542,33.184715,23.513543800133327,42.92942699406745,68.0,17,2013-11-24,2013-11-27,2013-11-25 12:00:00,0.6262647404390222,observed,Palo Centre,POI 5×5,Reliability-qualified DNB-BRDF,4,G2,10.0
5,0,0.95,19.40218,64.720245,29.978533,22.30434379644008,38.90010815737327,100.0,25,2013-11-28,2013-12-01,2013-11-29 12:00:00,0.7760871887207031,observed,Palo Centre,POI 5×5,Reliability-qualified DNB-BRDF,4,G2,10.0
6,0,0.95,25.375822,64.720245,39.208477,29.17151937013499,50.87687263833685,100.0,25,2013-12-02,2013-12-05,2013-12-03 12:00:00,1.0150328826904298,observed,Palo Centre,POI 5×5,Reliability-qualified DNB-BRDF,4,G2,10.0
7,0,0.95,18.733883,64.720245,28.94594,21.53608329331944,37.560215940091325,100.0,25,2013-12-06,2013-12-09,2013-12-07 12:00:00,0.7493553161621094,observed,Palo Centre,POI 5×5,Reliability-qualified DNB-BRDF,4,G2,10.0
8,0,0.95,23.874142,64.720245,36.88821,27.445216749880803,47.86609773040331,100.0,25,2013-12-10,2013-12-13,2013-12-11 12:00:00,0.9549656677246093,observed,Palo Centre,POI 5×5,Reliability-qualified DNB-BRDF,4,G2,10.0
9,0,0.95,9.69009,39.88345,24.296019,16.789506171324824,31.050619560453267,84.0,21,2013-12-14,2013-12-17,2013-12-15 12:00:00,0.461432865687779,observed,Palo Centre,POI 5×5,Reliability-qualified DNB-BRDF,4,G2,10.0
10,0,0.95,,,,,,0.0,0,2013-12-18,2013-12-21,2013-12-19 12:00:00,,not observable,Palo Centre,POI 5×5,Reliability-qualified DNB-BRDF,4,G2,10.0
11,0,0.95,24.73463,44.83627,55.16657,38.501096585394265,72.67301480286112,88.0,22,2013-12-22,2013-12-25,2013-12-23 12:00:00,1.1243013902144,observed,Palo Centre,POI 5×5,Reliability-qualified DNB-BRDF,4,G2,10.0
12,0,0.95,11.510459,39.88345,28.860239,19.94356249849685,36.88375140411197,84.0,21,2013-12-26,2013-12-29,2013-12-27 12:00:00,0.5481170926775251,observed,Palo Centre,POI 5×5,Reliability-qualified DNB-BRDF,4,G2,10.0
13,0,0.95,6.576971,39.88345,16.490477,11.395568923978521,21.075037688583794,84.0,21,2013-12-30,2014-01-02,2013-12-31 12:00:00,0.31318909781319754,observed,Palo Centre,POI 5×5,Reliability-qualified DNB-BRDF,4,G2,10.0
14,0,0.95,26.071722,64.720245,40.28372,29.971509776201845,52.272103702064825,100.0,25,2014-01-03,2014-01-06,2014-01-04 12:00:00,1.042868881225586,observed,Palo Centre,POI 5×5,Reliability-qualified DNB-BRDF,4,G2,10.0
15,0,0.95,,,,,,0.0,0,2014-01-07,2014-01-10,2014-01-08 12:00:00,,not observable,Palo Centre,POI 5×5,Reliability-qualified DNB-BRDF,4,G2,10.0
16,0,0.95,,,,,,0.0,0,2014-01-11,2014-01-14,2014-01-12 12:00:00,,not observable,Palo Centre,POI 5×5,Reliability-qualified DNB-BRDF,4,G2,10.0
17,0,0.95,,,,,,0.0,0,2014-01-15,2014-01-18,2014-01-16 12:00:00,,not observable,Palo Centre,POI 5×5,Reliability-qualified DNB-BRDF,4,G2,10.0
18,0,0.95,,,,,,0.0,0,2014-01-19,2014-01-22,2014-01-20 12:00:00,,not observable,Palo Centre,POI 5×5,Reliability-qualified DNB-BRDF,4,G2,10.0
19,0,0.95,19.519852,64.720245,30.160347,22.439615819986283,39.136030648285285,100.0,25,2014-01-23,2014-01-26,2014-01-24 12:00:00,0.7807940673828125,observed,Palo Centre,POI 5×5,Reliability-qualified DNB-BRDF,4,G2,10.0
20,0,0.95,23.423803,64.720245,36.19239,26.92751877653573,46.963201534946066,100.0,25,2014-01-27,2014-01-30,2014-01-28 12:00:00,0.936952133178711,observed,Palo Centre,POI 5×5,Reliability-qualified DNB-BRDF,4,G2,10.0
21,0,0.95,18.217936,64.720245,28.148743,20.942961021024605,36.52577526102958,100.0,25,2014-01-31,2014-02-03,2014-02-01 12:00:00,0.7287174224853515,observed,Palo Centre,POI 5×5,Reliability-qualified DNB-BRDF,4,G2,10.0
22,0,0.95,32.855595,64.720245,50.76556,37.77011117101594,65.87333046323633,100.0,25,2014-02-04,2014-02-07,2014-02-05 12:00:00,1.3142237854003906,observed,Palo Centre,POI 5×5,Reliability-qualified DNB-BRDF,4,G2,10.0
23,0,0.95,7.0872602,35.07101,20.208315,14.69563683110242,28.131415541202998,72.0,18,2014-02-08,2014-02-11,2014-02-09 12:00:00,0.3937366803487142,observed,Palo Centre,POI 5×5,Reliability-qualified DNB-BRDF,4,G2,10.0
24,0,0.95,13.567676,64.720245,20.963573,15.597118591928986,27.202306676525183,100.0,25,2014-02-12,2014-02-15,2014-02-13 12:00:00,0.5427070236206055,observed,Palo Centre,POI 5×5,Reliability-qualified DNB-BRDF,4,G2,10.0
25,0,0.95,13.420019,64.720245,20.735428,15.427376030327375,26.90626550779705,100.0,25,2014-02-16,2014-02-19,2014-02-17 12:00:00,0.536800765991211,observed,Palo Centre,POI 5×5,Reliability-qualified DNB-BRDF,4,G2,10.0
26,0,0.95,18.135899,46.734917,38.805885,29.882544187590174,50.532535936663265,72.0,18,2014-02-20,2014-02-23,2014-02-21 12:00:00,1.0075499216715496,observed,Palo Centre,POI 5×5,Reliability-qualified DNB-BRDF,4,G2,10.0
27,0,0.95,38.584835,64.720245,59.617874,44.35632463563655,77.36008023985076,100.0,25,2014-02-24,2014-02-27,2014-02-25 12:00:00,1.5433934020996094,observed,Palo Centre,POI 5×5,Reliability-qualified DNB-BRDF,4,G2,10.0
28,0,0.95,38.38979,64.720245,59.31651,44.13210616264791,76.96902982699211,100.0,25,2014-02-28,2014-03-03,2014-03-01 12:00:00,1.535591583251953,observed,Palo Centre,POI 5×5,Reliability-qualified DNB-BRDF,4,G2,10.0
29,0,0.95,39.903694,64.720245,61.65566,45.872458572309796,80.00430840705947,100.0,25,2014-03-04,2014-03-07,2014-03-05 12:00:00,1.5961477661132812,observed,Palo Centre,POI 5×5,Reliability-qualified DNB-BRDF,4,G2,10.0
30,0,0.95,41.47663,64.720245,64.08602,47.68067432753265,83.15794471629094,100.0,25,2014-03-08,2014-03-11,2014-03-09 12:00:00,1.6590652465820312,observed,Palo Centre,POI 5×5,Reliability-qualified DNB-BRDF,4,G2,10.0
31,0,0.95,22.920458,64.720245,35.414665,26.34888412168447,45.954028126270806,100.0,25,2014-03-12,2014-03-15,2014-03-13 12:00:00,0.9168183135986329,observed,Palo Centre,POI 5×5,Reliability-qualified DNB-BRDF,4,G2,10.0
32,0,0.95,21.075378,64.720245,32.563812,24.227817782107593,42.25476170662059,100.0,25,2014-03-16,2014-03-19,2014-03-17 12:00:00,0.84301513671875,observed,Palo Centre,POI 5×5,Reliability-qualified DNB-BRDF,4,G2,10.0
33,0,0.95,,,,,,0.0,0,2014-03-20,2014-03-23,2014-03-21 12:00:00,,not observable,Palo Centre,POI 5×5,Reliability-qualified DNB-BRDF,4,G2,10.0
34,0,0.95,31.854565,64.720245,49.218857,36.61934753687216,63.866329932742815,100.0,25,2014-03-24,2014-03-27,2014-03-25 12:00:00,1.274182586669922,observed,Palo Centre,POI 5×5,Reliability-qualified DNB-BRDF,4,G2,10.0
35,0,0.95,49.792496,64.720245,76.93496,57.240419350532854,99.83071118481051,100.0,25,2014-03-28,2014-03-31,2014-03-29 12:00:00,1.9916998291015624,observed,Palo Centre,POI 5×5,Reliability-qualified DNB-BRDF,4,G2,10.0
36,0,0.95,38.55955,64.720245,59.578808,44.32725958987024,77.30938906353879,100.0,25,2014-04-01,2014-04-04,2014-04-02 12:00:00,1.542382049560547,observed,Palo Centre,POI 5×5,Reliability-qualified DNB-BRDF,4,G2,10.0
37,0,0.95,87.59466,64.720245,135.34352,100.69700175926187,175.62158722569959,100.0,25,2014-04-05,2014-04-08,2014-04-06 12:00:00,3.503786315917969,observed,Palo Centre,POI 5×5,Reliability-qualified DNB-BRDF,4,G2,10.0
38,0,0.95,30.116526,31.526814,95.5267,77.73704723635633,119.65620809257793,24.0,6,2014-04-09,2014-04-12,2014-04-10 12:00:00,5.019420941670735,observed,Palo Centre,POI 5×5,Reliability-qualified DNB-BRDF,4,G2,10.0
39,0,0.95,,,,,,0.0,0,2014-04-13,2014-04-16,2014-04-14 12:00:00,,not observable,Palo Centre,POI 5×5,Reliability-qualified DNB-BRDF,4,G2,10.0
40,0,0.95,29.021797,64.720245,44.841915,33.362855577357074,58.18681339574557,100.0,25,2014-04-17,2014-04-20,2014-04-18 12:00:00,1.1608718872070312,observed,Palo Centre,POI 5×5,Reliability-qualified DNB-BRDF,4,G2,10.0
41,0,0.95,41.43355,64.720245,64.019455,47.631149240859,83.07157000624834,100.0,25,2014-04-21,2014-04-24,2014-04-22 12:00:00,1.6573420715332032,observed,Palo Centre,POI 5×5,Reliability-qualified DNB-BRDF,4,G2,10.0
42,0,0.95,48.074596,64.720245,74.28061,55.26555670244924,96.38643273808614,100.0,25,2014-04-25,2014-04-28,2014-04-26 12:00:00,1.9229838562011718,observed,Palo Centre,POI 5×5,Reliability-qualified DNB-BRDF,4,G2,10.0
43,0,0.95,58.963543,64.720245,91.105255,67.78326793583561,118.21806900165626,100.0,25,2014-04-29,2014-05-02,2014-04-30 12:00:00,2.358541717529297,observed,Palo Centre,POI 5×5,Reliability-qualified DNB-BRDF,4,G2,10.0
44,0,0.95,42.83744,64.720245,66.18863,49.24503389972178,85.8862812730872,100.0,25,2014-05-03,2014-05-06,2014-05-04 12:00:00,1.7134976196289062,observed,Palo Centre,POI 5×5,Reliability-qualified DNB-BRDF,4,G2,10.0
45,0,0.95,59.18977,64.720245,91.454796,68.04333217596671,118.6716365740221,100.0,25,2014-05-07,2014-05-10,2014-05-08 12:00:00,2.3675907897949218,observed,Palo Centre,POI 5×5,Reliability-qualified DNB-BRDF,4,G2,10.0
46,0,0.95,38.068035,60.911385,62.497406,46.317964933754205,80.52311114491025,96.0,24,2014-05-11,2014-05-14,2014-05-12 12:00:00,1.5861681302388508,observed,Palo Centre,POI 5×5,Reliability-qualified DNB-BRDF,4,G2,10.0
47,0,0.95,46.65319,64.720245,72.08438,53.63153756711606,93.53660574134557,100.0,25,2014-05-15,2014-05-18,2014-05-16 12:00:00,1.8661276245117187,observed,Palo Centre,POI 5×5,Reliability-qualified DNB-BRDF,4,G2,10.0
48,0,0.95,51.705482,64.720245,79.89074,59.439550990224625,103.66612815188422,100.0,25,2014-05-19,2014-05-22,2014-05-20 12:00:00,2.0682192993164064,observed,Palo Centre,POI 5×5,Reliability-qualified DNB-BRDF,4,G2,10.0
49,0,0.95,72.60716,64.720245,112.186165,83.46768831548252,145.57263521181994,100.0,25,2014-05-23,2014-05-26,2014-05-24 12:00:00,2.9042864990234376,observed,Palo Centre,POI 5×5,Reliability-qualified DNB-BRDF,4,G2,10.0
50,0,0.95,59.845867,64.720245,92.468544,68.7975695522844,119.98707162034587,100.0,25,2014-05-27,2014-05-30,2014-05-28 12:00:00,2.393834686279297,observed,Palo Centre,POI 5×5,Reliability-qualified DNB-BRDF,4,G2,10.0
51,0,0.95,65.884155,64.720245,101.79837,75.73905801529953,132.0934422201187,100.0,25,2014-05-31,2014-06-03,2014-06-01 12:00:00,2.6353662109375,observed,Palo Centre,POI 5×5,Reliability-qualified DNB-BRDF,4,G2,10.0
52,0,0.95,43.453545,64.720245,67.14057,49.95329371909242,87.12152871315925,100.0,25,2014-06-04,2014-06-07,2014-06-05 12:00:00,1.7381417846679688,observed,Palo Centre,POI 5×5,Reliability-qualified DNB-BRDF,4,G2,10.0
53,0,0.95,,,,,,0.0,0,2014-06-08,2014-06-11,2014-06-09 12:00:00,,not observable,Palo Centre,POI 5×5,Reliability-qualified DNB-BRDF,4,G2,10.0
54,0,0.95,,,,,,0.0,0,2014-06-12,2014-06-15,2014-06-13 12:00:00,,not observable,Palo Centre,POI 5×5,Reliability-qualified DNB-BRDF,4,G2,10.0
55,0,0.95,16.590485,39.66898,41.82231,30.85606190780255,54.25427983332627,76.0,19,2014-06-16,2014-06-19,2014-06-17 12:00:00,0.8731834010074013,observed,Palo Centre,POI 5×5,Reliability-qualified DNB-BRDF,4,G2,10.0
56,0,0.95,48.37837,64.720245,74.74998,55.61476946650086,96.99548066236139,100.0,25,2014-06-20,2014-06-23,2014-06-21 12:00:00,1.935134735107422,observed,Palo Centre,POI 5×5,Reliability-qualified DNB-BRDF,4,G2,10.0
57,0,0.95,15.78613,23.550415,67.03122,45.60497592121576,97.02355789580851,56.0,14,2014-06-24,2014-06-27,2014-06-25 12:00:00,1.1275807108197893,observed,Palo Centre,POI 5×5,Reliability-qualified DNB-BRDF,4,G2,10.0
58,0,0.95,15.887248,24.781815,64.1085,43.74108972129275,93.05194270698776,64.0,16,2014-06-28,2014-07-01,2014-06-29 12:00:00,0.9929530024528503,observed,Palo Centre,POI 5×5,Reliability-qualified DNB-BRDF,4,G2,10.0
59,0,0.95,34.314762,57.002285,60.198925,45.39923495391896,79.11249042688571,92.0,23,2014-07-02,2014-07-05,2014-07-03 12:00:00,1.4919461789338484,observed,Palo Centre,POI 5×5,Reliability-qualified DNB-BRDF,4,G2,10.0
60,0,0.95,,,,,,0.0,0,2014-07-06,2014-07-09,2014-07-07 12:00:00,,not observable,Palo Centre,POI 5×5,Reliability-qualified DNB-BRDF,4,G2,10.0
61,0,0.95,38.167736,56.42113,67.64795,50.37356661978584,87.96938316815005,92.0,23,2014-07-10,2014-07-13,2014-07-11 12:00:00,1.659466784933339,observed,Palo Centre,POI 5×5,Reliability-qualified DNB-BRDF,4,G2,10.0
62,0,0.95,47.260914,60.762844,77.7793,59.63977296907716,100.6315446429098,88.0,22,2014-07-14,2014-07-17,2014-07-15 12:00:00,2.1482233567671343,observed,Palo Centre,POI 5×5,Reliability-qualified DNB-BRDF,4,G2,10.0
63,0,0.95,,,,,,0.0,0,2014-07-18,2014-07-21,2014-07-19 12:00:00,,not observable,Palo Centre,POI 5×5,Reliability-qualified DNB-BRDF,4,G2,10.0
64,0,0.95,,,,,,4.0,1,2014-07-22,2014-07-25,2014-07-23 12:00:00,,not observable,Palo Centre,POI 5×5,Reliability-qualified DNB-BRDF,4,G2,10.0
65,0,0.95,,,,,,0.0,0,2014-07-26,2014-07-29,2014-07-27 12:00:00,,not observable,Palo Centre,POI 5×5,Reliability-qualified DNB-BRDF,4,G2,10.0
66,0,0.95,,,,,,0.0,0,2014-07-30,2014-08-02,2014-07-31 12:00:00,,not observable,Palo Centre,POI 5×5,Reliability-qualified DNB-BRDF,4,G2,10.0
67,0,0.95,85.514984,64.720245,132.13019,98.30624738253452,171.45196875670652,100.0,25,2014-08-03,2014-08-06,2014-08-04 12:00:00,3.420599365234375,observed,Palo Centre,POI 5×5,Reliability-qualified DNB-BRDF,4,G2,10.0
68,0,0.95,34.584953,61.733334,56.023144,42.70972883928194,72.48909836318484,92.0,23,2014-08-07,2014-08-10,2014-08-08 12:00:00,1.5036936220915422,observed,Palo Centre,POI 5×5,Reliability-qualified DNB-BRDF,4,G2,10.0
69,0,0.95,41.631397,61.938442,67.21415,49.74590599028431,86.586193578891,96.0,24,2014-08-11,2014-08-14,2014-08-12 12:00:00,1.7346415519714355,observed,Palo Centre,POI 5×5,Reliability-qualified DNB-BRDF,4,G2,10.0
70,0,0.95,48.929108,63.182156,77.44134,58.36980945034029,100.40658013359958,96.0,24,2014-08-15,2014-08-18,2014-08-16 12:00:00,2.038712819417318,observed,Palo Centre,POI 5×5,Reliability-qualified DNB-BRDF,4,G2,10.0
71,0,0.95,77.56682,64.720245,119.84939,89.16920287545393,155.5164172422568,100.0,25,2014-08-19,2014-08-22,2014-08-20 12:00:00,3.1026727294921876,observed,Palo Centre,POI 5×5,Reliability-qualified DNB-BRDF,4,G2,10.0
72,0,0.95,62.19419,64.720245,96.09696,71.49714986334367,124.69530096966581,100.0,25,2014-08-23,2014-08-26,2014-08-24 12:00:00,2.487767639160156,observed,Palo Centre,POI 5×5,Reliability-qualified DNB-BRDF,4,G2,10.0
73,0,0.95,,,,,,0.0,0,2014-08-27,2014-08-30,2014-08-28 12:00:00,,not observable,Palo Centre,POI 5×5,Reliability-qualified DNB-BRDF,4,G2,10.0
74,0,0.95,,,,,,0.0,0,2014-08-31,2014-09-03,2014-09-01 12:00:00,,not observable,Palo Centre,POI 5×5,Reliability-qualified DNB-BRDF,4,G2,10.0
75,0,0.95,,,,,,0.0,0,2014-09-04,2014-09-07,2014-09-05 12:00:00,,not observable,Palo Centre,POI 5×5,Reliability-qualified DNB-BRDF,4,G2,10.0
76,0,0.95,19.243032,35.7254,53.863728,37.48773632143809,70.95464610193956,76.0,19,2014-09-08,2014-09-11,2014-09-09 12:00:00,1.0127911818654913,observed,Palo Centre,POI 5×5,Reliability-qualified DNB-BRDF,4,G2,10.0
77,0,0.95,39.285686,62.87219,62.484997,47.286337065033614,80.74849333324306,96.0,24,2014-09-12,2014-09-15,2014-09-13 12:00:00,1.6369036038716633,observed,Palo Centre,POI 5×5,Reliability-qualified DNB-BRDF,4,G2,10.0
78,0,0.95,,,,,,0.0,0,2014-09-16,2014-09-19,2014-09-17 12:00:00,,not observable,Palo Centre,POI 5×5,Reliability-qualified DNB-BRDF,4,G2,10.0
79,0,0.95,101.59339,64.720245,156.97311,116.78965187692465,203.68813048871021,100.0,25,2014-09-20,2014-09-23,2014-09-21 12:00:00,4.063735656738281,observed,Palo Centre,POI 5×5,Reliability-qualified DNB-BRDF,4,G2,10.0
80,0,0.95,17.346687,10.907616,159.0328,95.85151386470034,217.10303665608924,52.0,13,2014-09-24,2014-09-27,2014-09-25 12:00:00,1.3343605628380408,observed,Palo Centre,POI 5×5,Reliability-qualified DNB-BRDF,4,G2,10.0
81,0,0.95,,,,,,0.0,0,2014-09-28,2014-10-01,2014-09-29 12:00:00,,not observable,Palo Centre,POI 5×5,Reliability-qualified DNB-BRDF,4,G2,10.0
82,0,0.95,,,,,,0.0,0,2014-10-02,2014-10-05,2014-10-03 12:00:00,,not observable,Palo Centre,POI 5×5,Reliability-qualified DNB-BRDF,4,G2,10.0
83,0,0.95,14.219824,30.842905,46.10404,31.661547306442035,57.614858382889196,72.0,18,2014-10-06,2014-10-09,2014-10-07 12:00:00,0.7899902131822374,observed,Palo Centre,POI 5×5,Reliability-qualified DNB-BRDF,4,G2,10.0
84,0,0.95,45.46263,62.87219,72.30961,54.72123691397103,93.4446968911455,96.0,24,2014-10-10,2014-10-13,2014-10-11 12:00:00,1.8942763010660808,observed,Palo Centre,POI 5×5,Reliability-qualified DNB-BRDF,4,G2,10.0
85,0,0.95,47.8954,54.091644,88.544914,65.4660489726761,117.14437954829737,88.0,22,2014-10-14,2014-10-17,2014-10-15 12:00:00,2.177063681862571,observed,Palo Centre,POI 5×5,Reliability-qualified DNB-BRDF,4,G2,10.0
86,0,0.95,53.399952,64.720245,82.50888,61.387475987741894,107.06342572662692,100.0,25,2014-10-18,2014-10-21,2014-10-19 12:00:00,2.135998077392578,observed,Palo Centre,POI 5×5,Reliability-qualified DNB-BRDF,4,G2,10.0
87,0,0.95,82.70828,64.720245,127.793526,95.07972419075723,165.82471954113254,100.0,25,2014-10-22,2014-10-25,2014-10-23 12:00:00,3.308331298828125,observed,Palo Centre,POI 5×5,Reliability-qualified DNB-BRDF,4,G2,10.0
88,0,0.95,,,,,,0.0,0,2014-10-26,2014-10-29,2014-10-27 12:00:00,,not observable,Palo Centre,POI 5×5,Reliability-qualified DNB-BRDF,4,G2,10.0
89,0,0.95,93.777275,52.618626,178.22069,128.1555559041485,228.68623956477765,92.0,23,2014-10-30,2014-11-02,2014-10-31 12:00:00,4.07727282980214,observed,Palo Centre,POI 5×5,Reliability-qualified DNB-BRDF,4,G2,10.0
90,0,0.95,58.51765,61.938442,94.47711,69.9235151714619,121.70671937375485,96.0,24,2014-11-03,2014-11-06,2014-11-04 12:00:00,2.4382354418436685,observed,Palo Centre,POI 5×5,Reliability-qualified DNB-BRDF,4,G2,10.0
-45,0,0.95,11.957477,14.538079,82.24936,48.98484802246094,120.30575561523438,100.0,17,2013-05-12,2013-05-15,2013-05-13 12:00:00,0.7033809774062213,observed,Alangalang Centre,POI 5×5,Reliability-qualified DNB-BRDF,4,G2,10.0
-44,0,0.95,21.295187,14.538079,146.47868,87.23759460449219,214.25369262695312,100.0,17,2013-05-16,2013-05-19,2013-05-17 12:00:00,1.2526580586152918,observed,Alangalang Centre,POI 5×5,Reliability-qualified DNB-BRDF,4,G2,10.0
-43,0,0.95,11.829218,14.538079,81.36713,48.45942306518555,119.01531982421875,100.0,17,2013-05-20,2013-05-23,2013-05-21 12:00:00,0.6958363476921531,observed,Alangalang Centre,POI 5×5,Reliability-qualified DNB-BRDF,4,G2,10.0
-42,0,0.95,10.393747,14.538079,71.49326,42.578895568847656,104.57286834716797,100.0,17,2013-05-24,2013-05-27,2013-05-25 12:00:00,0.6113969017477596,observed,Alangalang Centre,POI 5×5,Reliability-qualified DNB-BRDF,4,G2,10.0
-41,0,0.95,7.7909203,14.538079,53.589752,31.91618537902832,78.3854751586914,100.0,17,2013-05-28,2013-05-31,2013-05-29 12:00:00,0.45828942691578584,observed,Alangalang Centre,POI 5×5,Reliability-qualified DNB-BRDF,4,G2,10.0
-40,0,0.95,9.5264,11.072739,86.03472,49.31584167480469,130.28207397460938,82.3529411764706,14,2013-06-01,2013-06-04,2013-06-02 12:00:00,0.6804571151733398,observed,Alangalang Centre,POI 5×5,Reliability-qualified DNB-BRDF,4,G2,10.0
-39,0,0.95,35.036526,14.538079,240.9983,143.53018188476562,352.5071105957031,100.0,17,2013-06-05,2013-06-08,2013-06-06 12:00:00,2.060972101548139,observed,Alangalang Centre,POI 5×5,Reliability-qualified DNB-BRDF,4,G2,10.0
-38,0,0.95,,,,,,0.0,0,2013-06-09,2013-06-12,2013-06-10 12:00:00,,not observable,Alangalang Centre,POI 5×5,Reliability-qualified DNB-BRDF,4,G2,10.0
-37,0,0.95,,,,,,0.0,0,2013-06-13,2013-06-16,2013-06-14 12:00:00,,not observable,Alangalang Centre,POI 5×5,Reliability-qualified DNB-BRDF,4,G2,10.0
-36,0,0.95,,,,,,0.0,0,2013-06-17,2013-06-20,2013-06-18 12:00:00,,not observable,Alangalang Centre,POI 5×5,Reliability-qualified DNB-BRDF,4,G2,10.0
-35,0,0.95,1.4601321,10.808985,13.508504,7.846931457519531,22.06328582763672,88.23529411764706,15,2013-06-21,2013-06-24,2013-06-22 12:00:00,0.09734214146931966,observed,Alangalang Centre,POI 5×5,Reliability-qualified DNB-BRDF,4,G2,10.0
-34,0,0.95,,,,,,0.0,0,2013-06-25,2013-06-28,2013-06-26 12:00:00,,not observable,Alangalang Centre,POI 5×5,Reliability-qualified DNB-BRDF,4,G2,10.0
-33,0,0.95,19.660233,14.538079,135.23267,80.53985595703125,197.80418395996094,100.0,17,2013-06-29,2013-07-02,2013-06-30 12:00:00,1.1564842672909008,observed,Alangalang Centre,POI 5×5,Reliability-qualified DNB-BRDF,4,G2,10.0
-32,0,0.95,15.1807995,14.538079,104.420944,62.18947219848633,152.73602294921875,100.0,17,2013-07-03,2013-07-06,2013-07-04 12:00:00,0.8929882049560547,observed,Alangalang Centre,POI 5×5,Reliability-qualified DNB-BRDF,4,G2,10.0
-31,0,0.95,21.31402,14.538079,146.60823,87.31475067138672,214.44317626953125,100.0,17,2013-07-07,2013-07-10,2013-07-08 12:00:00,1.2537658915800207,observed,Alangalang Centre,POI 5×5,Reliability-qualified DNB-BRDF,4,G2,10.0
-30,0,0.95,,,,,,0.0,0,2013-07-11,2013-07-14,2013-07-12 12:00:00,,not observable,Alangalang Centre,POI 5×5,Reliability-qualified DNB-BRDF,4,G2,10.0
-29,0,0.95,26.949879,14.538079,185.3744,110.40252685546875,271.1462707519531,100.0,17,2013-07-15,2013-07-18,2013-07-16 12:00:00,1.5852869819192326,observed,Alangalang Centre,POI 5×5,Reliability-qualified DNB-BRDF,4,G2,10.0
-28,0,0.95,,,,,,0.0,0,2013-07-19,2013-07-22,2013-07-20 12:00:00,,not observable,Alangalang Centre,POI 5×5,Reliability-qualified DNB-BRDF,4,G2,10.0
-27,0,0.95,3.6963015,10.808985,34.196568,19.864383697509766,55.85285949707031,88.23529411764706,15,2013-07-23,2013-07-26,2013-07-24 12:00:00,0.24642009735107423,observed,Alangalang Centre,POI 5×5,Reliability-qualified DNB-BRDF,4,G2,10.0
-26,0,0.95,,,,,,0.0,0,2013-07-27,2013-07-30,2013-07-28 12:00:00,,not observable,Alangalang Centre,POI 5×5,Reliability-qualified DNB-BRDF,4,G2,10.0
-25,0,0.95,,,,,,0.0,0,2013-07-31,2013-08-03,2013-08-01 12:00:00,,not observable,Alangalang Centre,POI 5×5,Reliability-qualified DNB-BRDF,4,G2,10.0
-24,0,0.95,13.566999,14.538079,93.32044,55.57839584350586,136.49937438964844,100.0,17,2013-08-04,2013-08-07,2013-08-05 12:00:00,0.7980587903191062,observed,Alangalang Centre,POI 5×5,Reliability-qualified DNB-BRDF,4,G2,10.0
-23,0,0.95,,,,,,0.0,0,2013-08-08,2013-08-11,2013-08-09 12:00:00,,not observable,Alangalang Centre,POI 5×5,Reliability-qualified DNB-BRDF,4,G2,10.0
-22,0,0.95,,,,,,0.0,0,2013-08-12,2013-08-15,2013-08-13 12:00:00,,not observable,Alangalang Centre,POI 5×5,Reliability-qualified DNB-BRDF,4,G2,10.0
-21,0,0.95,,,,,,0.0,0,2013-08-16,2013-08-19,2013-08-17 12:00:00,,not observable,Alangalang Centre,POI 5×5,Reliability-qualified DNB-BRDF,4,G2,10.0
-20,0,0.95,,,,,,0.0,0,2013-08-20,2013-08-23,2013-08-21 12:00:00,,not observable,Alangalang Centre,POI 5×5,Reliability-qualified DNB-BRDF,4,G2,10.0
-19,0,0.95,3.7329922,6.44821,57.89192,35.9131965637207,95.61539459228516,52.94117647058823,9,2013-08-24,2013-08-27,2013-08-25 12:00:00,0.4147769080268012,observed,Alangalang Centre,POI 5×5,Reliability-qualified DNB-BRDF,4,G2,10.0
-18,0,0.95,16.242126,14.538079,111.72127,66.53729248046875,163.4141845703125,100.0,17,2013-08-28,2013-08-31,2013-08-29 12:00:00,0.9554192038143382,observed,Alangalang Centre,POI 5×5,Reliability-qualified DNB-BRDF,4,G2,10.0
-17,0,0.95,15.207314,14.538079,104.60332,62.2980842590332,153.00279235839844,100.0,17,2013-09-01,2013-09-04,2013-09-02 12:00:00,0.8945478551528033,observed,Alangalang Centre,POI 5×5,Reliability-qualified DNB-BRDF,4,G2,10.0
-16,0,0.95,16.464779,14.538079,113.25278,67.44940185546875,165.65431213378906,100.0,17,2013-09-05,2013-09-08,2013-09-06 12:00:00,0.9685164058909697,observed,Alangalang Centre,POI 5×5,Reliability-qualified DNB-BRDF,4,G2,10.0
-15,0,0.95,20.98845,8.572512,244.8343,136.8580322265625,387.26239013671875,64.70588235294117,11,2013-09-09,2013-09-12,2013-09-10 12:00:00,1.9080408269708806,observed,Alangalang Centre,POI 5×5,Reliability-qualified DNB-BRDF,4,G2,10.0
-14,0,0.95,13.798436,14.538079,94.91238,56.52649688720703,138.827880859375,100.0,17,2013-09-13,2013-09-16,2013-09-14 12:00:00,0.8116727155797622,observed,Alangalang Centre,POI 5×5,Reliability-qualified DNB-BRDF,4,G2,10.0
-13,0,0.95,,,,,,0.0,0,2013-09-17,2013-09-20,2013-09-18 12:00:00,,not observable,Alangalang Centre,POI 5×5,Reliability-qualified DNB-BRDF,4,G2,10.0
-12,0,0.95,,,,,,0.0,0,2013-09-21,2013-09-24,2013-09-22 12:00:00,,not observable,Alangalang Centre,POI 5×5,Reliability-qualified DNB-BRDF,4,G2,10.0
-11,0,0.95,9.471366,14.538079,65.148674,38.80027770996094,95.29266357421875,100.0,17,2013-09-25,2013-09-28,2013-09-26 12:00:00,0.5571391722735237,observed,Alangalang Centre,POI 5×5,Reliability-qualified DNB-BRDF,4,G2,10.0
-10,0,0.95,,,,,,0.0,0,2013-09-29,2013-10-02,2013-09-30 12:00:00,,not observable,Alangalang Centre,POI 5×5,Reliability-qualified DNB-BRDF,4,G2,10.0
-9,0,0.95,29.163893,10.808985,269.81158,156.73037719726562,440.6801452636719,88.23529411764706,15,2013-10-03,2013-10-06,2013-10-04 12:00:00,1.944259516398112,observed,Alangalang Centre,POI 5×5,Reliability-qualified DNB-BRDF,4,G2,10.0
-8,0,0.95,13.888629,9.253456,150.09126,85.90470886230469,244.19772338867188,70.58823529411765,12,2013-10-07,2013-10-10,2013-10-08 12:00:00,1.1573857466379802,observed,Alangalang Centre,POI 5×5,Reliability-qualified DNB-BRDF,4,G2,10.0
-7,0,0.95,14.310395,14.538079,98.43388,58.623783111572266,143.97877502441406,100.0,17,2013-10-11,2013-10-14,2013-10-12 12:00:00,0.8417879553402171,observed,Alangalang Centre,POI 5×5,Reliability-qualified DNB-BRDF,4,G2,10.0
-6,0,0.95,12.889259,14.538079,88.65861,52.80197525024414,129.6805419921875,100.0,17,2013-10-15,2013-10-18,2013-10-16 12:00:00,0.7581917257869945,observed,Alangalang Centre,POI 5×5,Reliability-qualified DNB-BRDF,4,G2,10.0
-5,0,0.95,,,,,,0.0,0,2013-10-19,2013-10-22,2013-10-20 12:00:00,,not observable,Alangalang Centre,POI 5×5,Reliability-qualified DNB-BRDF,4,G2,10.0
-4,0,0.95,12.772707,12.788771,99.8744,58.51750183105469,143.7462921142578,88.23529411764706,15,2013-10-23,2013-10-26,2013-10-24 12:00:00,0.8515137990315755,observed,Alangalang Centre,POI 5×5,Reliability-qualified DNB-BRDF,4,G2,10.0
-3,0,0.95,14.246145,14.538079,97.991936,58.36057662963867,143.3323516845703,100.0,17,2013-10-27,2013-10-30,2013-10-28 12:00:00,0.8380085440242991,observed,Alangalang Centre,POI 5×5,Reliability-qualified DNB-BRDF,4,G2,10.0
-2,0,0.95,21.650818,14.538079,148.92488,88.69446563720703,217.8317413330078,100.0,17,2013-10-31,2013-11-03,2013-11-01 12:00:00,1.2735775218290442,observed,Alangalang Centre,POI 5×5,Reliability-qualified DNB-BRDF,4,G2,10.0
-1,0,0.95,,,,,,5.882352941176471,1,2013-11-04,2013-11-07,2013-11-05 12:00:00,,not observable,Alangalang Centre,POI 5×5,Reliability-qualified DNB-BRDF,4,G2,10.0
0,0,0.95,2.6433566,14.538079,18.182297,10.828741073608398,26.59515953063965,100.0,17,2013-11-08,2013-11-11,2013-11-09 12:00:00,0.15549156245063334,observed,Alangalang Centre,POI 5×5,Reliability-qualified DNB-BRDF,4,G2,10.0
1,0,0.95,3.0880663,14.538079,21.241226,12.650533676147461,31.069442749023438,100.0,17,2013-11-12,2013-11-15,2013-11-13 12:00:00,0.18165096114663518,observed,Alangalang Centre,POI 5×5,Reliability-qualified DNB-BRDF,4,G2,10.0
2,0,0.95,0.3532763,14.538079,2.430007,1.4472273588180542,3.5543596744537354,100.0,17,2013-11-16,2013-11-19,2013-11-17 12:00:00,0.020780959550072167,observed,Alangalang Centre,POI 5×5,Reliability-qualified DNB-BRDF,4,G2,10.0
3,0,0.95,,,,,,0.0,0,2013-11-20,2013-11-23,2013-11-21 12:00:00,,not observable,Alangalang Centre,POI 5×5,Reliability-qualified DNB-BRDF,4,G2,10.0
4,0,0.95,1.5782064,8.285413,19.048012,10.876995086669922,25.621469497680664,52.94117647058823,9,2013-11-24,2013-11-27,2013-11-25 12:00:00,0.17535626888275146,observed,Alangalang Centre,POI 5×5,Reliability-qualified DNB-BRDF,4,G2,10.0
5,0,0.95,7.6817093,14.538079,52.838543,31.468791961669922,77.28668975830078,100.0,17,2013-11-28,2013-12-01,2013-11-29 12:00:00,0.45186525232651653,observed,Alangalang Centre,POI 5×5,Reliability-qualified DNB-BRDF,4,G2,10.0
6,0,0.95,5.0783668,14.538079,34.931484,20.803972244262695,51.0941162109375,100.0,17,2013-12-02,2013-12-05,2013-12-03 12:00:00,0.29872745626112995,observed,Alangalang Centre,POI 5×5,Reliability-qualified DNB-BRDF,4,G2,10.0
7,0,0.95,10.064609,14.538079,69.22929,41.23054885864258,101.26136016845703,100.0,17,2013-12-06,2013-12-09,2013-12-07 12:00:00,0.5920357984655044,observed,Alangalang Centre,POI 5×5,Reliability-qualified DNB-BRDF,4,G2,10.0
8,0,0.95,2.06559,14.538079,14.208135,8.461869239807129,20.78217315673828,100.0,17,2013-12-10,2013-12-13,2013-12-11 12:00:00,0.12150528851677389,observed,Alangalang Centre,POI 5×5,Reliability-qualified DNB-BRDF,4,G2,10.0
9,0,0.95,0.72250724,14.538079,4.969757,2.9598140716552734,7.269240856170654,100.0,17,2013-12-14,2013-12-17,2013-12-15 12:00:00,0.04250042578753303,observed,Alangalang Centre,POI 5×5,Reliability-qualified DNB-BRDF,4,G2,10.0
10,0,0.95,,,,,,0.0,0,2013-12-18,2013-12-21,2013-12-19 12:00:00,,not observable,Alangalang Centre,POI 5×5,Reliability-qualified DNB-BRDF,4,G2,10.0
11,0,0.95,2.73212,9.600399,28.4584,18.0449275970459,43.42129135131836,64.70588235294117,11,2013-12-22,2013-12-25,2013-12-23 12:00:00,0.24837454882535068,observed,Alangalang Centre,POI 5×5,Reliability-qualified DNB-BRDF,4,G2,10.0
12,0,0.95,3.7483547,14.538079,25.783012,15.355463027954102,37.71269226074219,100.0,17,2013-12-26,2013-12-29,2013-12-27 12:00:00,0.2204914513756247,observed,Alangalang Centre,POI 5×5,Reliability-qualified DNB-BRDF,4,G2,10.0
13,0,0.95,,,,,,0.0,0,2013-12-30,2014-01-02,2013-12-31 12:00:00,,not observable,Alangalang Centre,POI 5×5,Reliability-qualified DNB-BRDF,4,G2,10.0
14,0,0.95,9.761464,14.538079,67.14411,39.98868942260742,98.21138000488281,100.0,17,2014-01-03,2014-01-06,2014-01-04 12:00:00,0.5742037717033835,observed,Alangalang Centre,POI 5×5,Reliability-qualified DNB-BRDF,4,G2,10.0
15,0,0.95,,,,,,0.0,0,2014-01-07,2014-01-10,2014-01-08 12:00:00,,not observable,Alangalang Centre,POI 5×5,Reliability-qualified DNB-BRDF,4,G2,10.0
16,0,0.95,,,,,,0.0,0,2014-01-11,2014-01-14,2014-01-12 12:00:00,,not observable,Alangalang Centre,POI 5×5,Reliability-qualified DNB-BRDF,4,G2,10.0
17,0,0.95,,,,,,0.0,0,2014-01-15,2014-01-18,2014-01-16 12:00:00,,not observable,Alangalang Centre,POI 5×5,Reliability-qualified DNB-BRDF,4,G2,10.0
18,0,0.95,,,,,,0.0,0,2014-01-19,2014-01-22,2014-01-20 12:00:00,,not observable,Alangalang Centre,POI 5×5,Reliability-qualified DNB-BRDF,4,G2,10.0
19,0,0.95,8.539084,14.538079,58.73599,34.98110580444336,85.91285705566406,100.0,17,2014-01-23,2014-01-26,2014-01-24 12:00:00,0.5022990843828987,observed,Alangalang Centre,POI 5×5,Reliability-qualified DNB-BRDF,4,G2,10.0
20,0,0.95,7.0131907,14.538079,48.240147,28.730148315429688,70.56063842773438,100.0,17,2014-01-27,2014-01-30,2014-01-28 12:00:00,0.41254063213572784,observed,Alangalang Centre,POI 5×5,Reliability-qualified DNB-BRDF,4,G2,10.0
21,0,0.95,8.035215,14.538079,55.27013,32.916961669921875,80.8433609008789,100.0,17,2014-01-31,2014-02-03,2014-02-01 12:00:00,0.47265972810633045,observed,Alangalang Centre,POI 5×5,Reliability-qualified DNB-BRDF,4,G2,10.0
22,0,0.95,11.033281,14.538079,75.89229,45.19879913330078,111.0073013305664,100.0,17,2014-02-04,2014-02-07,2014-02-05 12:00:00,0.6490165486055262,observed,Alangalang Centre,POI 5×5,Reliability-qualified DNB-BRDF,4,G2,10.0
23,0,0.95,3.322364,14.538079,22.852842,13.610355377197266,33.4267463684082,100.0,17,2014-02-08,2014-02-11,2014-02-09 12:00:00,0.19543318187489228,observed,Alangalang Centre,POI 5×5,Reliability-qualified DNB-BRDF,4,G2,10.0
24,0,0.95,0.71880096,14.538079,4.9442635,2.9446308612823486,7.2319512367248535,100.0,17,2014-02-12,2014-02-15,2014-02-13 12:00:00,0.042282409527722525,observed,Alangalang Centre,POI 5×5,Reliability-qualified DNB-BRDF,4,G2,10.0
25,0,0.95,2.1358235,14.538079,14.691236,8.749587059020996,21.488801956176758,100.0,17,2014-02-16,2014-02-19,2014-02-17 12:00:00,0.12563667577855728,observed,Alangalang Centre,POI 5×5,Reliability-qualified DNB-BRDF,4,G2,10.0
26,0,0.95,10.826958,14.084202,76.87307,45.89751052856445,111.83185577392578,94.11764705882354,16,2014-02-20,2014-02-23,2014-02-21 12:00:00,0.6766848564147949,observed,Alangalang Centre,POI 5×5,Reliability-qualified DNB-BRDF,4,G2,10.0
27,0,0.95,12.410071,14.538079,85.36252,50.83893966674805,124.85935974121094,100.0,17,2014-02-24,2014-02-27,2014-02-25 12:00:00,0.7300041984109318,observed,Alangalang Centre,POI 5×5,Reliability-qualified DNB-BRDF,4,G2,10.0
28,0,0.95,10.401175,14.538079,71.54435,42.609317779541016,104.64759063720703,100.0,17,2014-02-28,2014-03-03,2014-03-01 12:00:00,0.6118337967816521,observed,Alangalang Centre,POI 5×5,Reliability-qualified DNB-BRDF,4,G2,10.0
29,0,0.95,12.247717,14.538079,84.24577,50.17384338378906,123.22589874267578,100.0,17,2014-03-04,2014-03-07,2014-03-05 12:00:00,0.7204539355109719,observed,Alangalang Centre,POI 5×5,Reliability-qualified DNB-BRDF,4,G2,10.0
30,0,0.95,10.964454,14.538079,75.41885,44.916839599609375,110.31481170654297,100.0,17,2014-03-08,2014-03-11,2014-03-09 12:00:00,0.6449678645414465,observed,Alangalang Centre,POI 5×5,Reliability-qualified DNB-BRDF,4,G2,10.0
31,0,0.95,2.5659008,2.3413272,109.59173,64.13692474365234,165.9730987548828,29.41176470588235,5,2014-03-12,2014-03-15,2014-03-13 12:00:00,0.513180160522461,observed,Alangalang Centre,POI 5×5,Reliability-qualified DNB-BRDF,4,G2,10.0
32,0,0.95,1.2552233,14.538079,8.634038,5.142131328582764,12.628966331481934,100.0,17,2014-03-16,2014-03-19,2014-03-17 12:00:00,0.0738366631900563,observed,Alangalang Centre,POI 5×5,Reliability-qualified DNB-BRDF,4,G2,10.0
33,0,0.95,,,,,,0.0,0,2014-03-20,2014-03-23,2014-03-21 12:00:00,,not observable,Alangalang Centre,POI 5×5,Reliability-qualified DNB-BRDF,4,G2,10.0
34,0,0.95,12.742947,14.538079,87.65221,52.20259475708008,128.20846557617188,100.0,17,2014-03-24,2014-03-27,2014-03-25 12:00:00,0.7495850955738741,observed,Alangalang Centre,POI 5×5,Reliability-qualified DNB-BRDF,4,G2,10.0
35,0,0.95,23.171774,14.538079,159.38676,94.92520141601562,233.13427734375,100.0,17,2014-03-28,2014-03-31,2014-03-29 12:00:00,1.36304552414838,observed,Alangalang Centre,POI 5×5,Reliability-qualified DNB-BRDF,4,G2,10.0
36,0,0.95,17.993336,14.538079,123.766945,73.71127319335938,181.0333251953125,100.0,17,2014-04-01,2014-04-04,2014-04-02 12:00:00,1.0584315131692326,observed,Alangalang Centre,POI 5×5,Reliability-qualified DNB-BRDF,4,G2,10.0
37,0,0.95,43.397964,14.538079,298.51236,177.78355407714844,436.63262939453125,100.0,17,2014-04-05,2014-04-08,2014-04-06 12:00:00,2.552821439855239,observed,Alangalang Centre,POI 5×5,Reliability-qualified DNB-BRDF,4,G2,10.0
38,0,0.95,12.054536,14.538079,82.91698,49.3824577331543,121.28227996826172,100.0,17,2014-04-09,2014-04-12,2014-04-10 12:00:00,0.7090903450460995,observed,Alangalang Centre,POI 5×5,Reliability-qualified DNB-BRDF,4,G2,10.0
39,0,0.95,,,,,,0.0,0,2014-04-13,2014-04-16,2014-04-14 12:00:00,,not observable,Alangalang Centre,POI 5×5,Reliability-qualified DNB-BRDF,4,G2,10.0
40,0,0.95,5.36716,12.914339,41.559696,24.671571731567383,63.597991943359375,94.11764705882354,16,2014-04-17,2014-04-20,2014-04-18 12:00:00,0.3354474902153015,observed,Alangalang Centre,POI 5×5,Reliability-qualified DNB-BRDF,4,G2,10.0
41,0,0.95,17.101484,14.538079,117.63235,70.05772399902344,172.06028747558594,100.0,17,2014-04-21,2014-04-24,2014-04-22 12:00:00,1.005969664629768,observed,Alangalang Centre,POI 5×5,Reliability-qualified DNB-BRDF,4,G2,10.0
42,0,0.95,18.46849,14.538079,127.03529,75.65778350830078,185.81393432617188,100.0,17,2014-04-25,2014-04-28,2014-04-26 12:00:00,1.086381800034467,observed,Alangalang Centre,POI 5×5,Reliability-qualified DNB-BRDF,4,G2,10.0
43,0,0.95,25.660778,14.538079,176.50735,105.12162017822266,258.1764831542969,100.0,17,2014-04-29,2014-05-02,2014-04-30 12:00:00,1.5094575320973116,observed,Alangalang Centre,POI 5×5,Reliability-qualified DNB-BRDF,4,G2,10.0
44,0,0.95,16.613052,14.538079,114.272675,68.05681610107422,167.14610290527344,100.0,17,2014-05-03,2014-05-06,2014-05-04 12:00:00,0.977238374597886,observed,Alangalang Centre,POI 5×5,Reliability-qualified DNB-BRDF,4,G2,10.0
45,0,0.95,21.44107,14.538079,147.48213,87.83521270751953,215.72142028808594,100.0,17,2014-05-07,2014-05-10,2014-05-08 12:00:00,1.261239444508272,observed,Alangalang Centre,POI 5×5,Reliability-qualified DNB-BRDF,4,G2,10.0
46,0,0.95,11.981278,14.538079,82.41307,49.08235168457031,120.54521942138672,100.0,17,2014-05-11,2014-05-14,2014-05-12 12:00:00,0.704781083499684,observed,Alangalang Centre,POI 5×5,Reliability-qualified DNB-BRDF,4,G2,10.0
47,0,0.95,12.295714,14.538079,84.57592,50.37046432495117,123.70880126953125,100.0,17,2014-05-15,2014-05-18,2014-05-16 12:00:00,0.7232773163739372,observed,Alangalang Centre,POI 5×5,Reliability-qualified DNB-BRDF,4,G2,10.0
48,0,0.95,12.48086,12.39391,100.701546,59.36217498779297,142.9453125,88.23529411764706,15,2014-05-19,2014-05-22,2014-05-20 12:00:00,0.8320573170979818,observed,Alangalang Centre,POI 5×5,Reliability-qualified DNB-BRDF,4,G2,10.0
49,0,0.95,24.755331,14.538079,170.27925,101.4123764038086,249.06666564941406,100.0,17,2014-05-23,2014-05-26,2014-05-24 12:00:00,1.4561959434958065,observed,Alangalang Centre,POI 5×5,Reliability-qualified DNB-BRDF,4,G2,10.0
50,0,0.95,22.013916,14.538079,151.42245,90.18193054199219,221.4849090576172,100.0,17,2014-05-27,2014-05-30,2014-05-28 12:00:00,1.2949362362132353,observed,Alangalang Centre,POI 5×5,Reliability-qualified DNB-BRDF,4,G2,10.0
51,0,0.95,21.670279,14.538079,149.05875,88.77418518066406,218.02752685546875,100.0,17,2014-05-31,2014-06-03,2014-06-01 12:00:00,1.2747222675996668,observed,Alangalang Centre,POI 5×5,Reliability-qualified DNB-BRDF,4,G2,10.0
52,0,0.95,15.664664,14.538079,107.7492,64.17166137695312,157.604248046875,100.0,17,2014-06-04,2014-06-07,2014-06-05 12:00:00,0.921450839323156,observed,Alangalang Centre,POI 5×5,Reliability-qualified DNB-BRDF,4,G2,10.0
53,0,0.95,,,,,,0.0,0,2014-06-08,2014-06-11,2014-06-09 12:00:00,,not observable,Alangalang Centre,POI 5×5,Reliability-qualified DNB-BRDF,4,G2,10.0
54,0,0.95,,,,,,5.882352941176471,1,2014-06-12,2014-06-15,2014-06-13 12:00:00,,not observable,Alangalang Centre,POI 5×5,Reliability-qualified DNB-BRDF,4,G2,10.0
55,0,0.95,4.7121897,10.808985,43.59512,25.32389259338379,71.20340728759766,88.23529411764706,15,2014-06-16,2014-06-19,2014-06-17 12:00:00,0.31414597829182944,observed,Alangalang Centre,POI 5×5,Reliability-qualified DNB-BRDF,4,G2,10.0
56,0,0.95,18.365326,14.538079,126.32567,75.23516082763672,184.77597045898438,100.0,17,2014-06-20,2014-06-23,2014-06-21 12:00:00,1.080313289866728,observed,Alangalang Centre,POI 5×5,Reliability-qualified DNB-BRDF,4,G2,10.0
57,0,0.95,10.427301,12.309818,84.70719,50.312095642089844,120.95918273925781,82.3529411764706,14,2014-06-24,2014-06-27,2014-06-25 12:00:00,0.744807243347168,observed,Alangalang Centre,POI 5×5,Reliability-qualified DNB-BRDF,4,G2,10.0
58,0,0.95,11.265296,14.538079,77.4882,46.14926528930664,113.34162139892578,100.0,17,2014-06-28,2014-07-01,2014-06-29 12:00:00,0.6626644695506376,observed,Alangalang Centre,POI 5×5,Reliability-qualified DNB-BRDF,4,G2,10.0
59,0,0.95,12.503319,14.538079,86.00393,51.22093963623047,125.79754638671875,100.0,17,2014-07-02,2014-07-05,2014-07-03 12:00:00,0.7354893403894761,observed,Alangalang Centre,POI 5×5,Reliability-qualified DNB-BRDF,4,G2,10.0
60,0,0.95,,,,,,0.0,0,2014-07-06,2014-07-09,2014-07-07 12:00:00,,not observable,Alangalang Centre,POI 5×5,Reliability-qualified DNB-BRDF,4,G2,10.0
61,0,0.95,3.840904,14.538079,26.419611,15.734598159790039,38.64384078979492,100.0,17,2014-07-10,2014-07-13,2014-07-11 12:00:00,0.2259355292600744,observed,Alangalang Centre,POI 5×5,Reliability-qualified DNB-BRDF,4,G2,10.0
62,0,0.95,11.066779,14.538079,76.1227,45.33602523803711,111.34432220458984,100.0,17,2014-07-14,2014-07-17,2014-07-15 12:00:00,0.6509870080386891,observed,Alangalang Centre,POI 5×5,Reliability-qualified DNB-BRDF,4,G2,10.0
63,0,0.95,,,,,,0.0,0,2014-07-18,2014-07-21,2014-07-19 12:00:00,,not observable,Alangalang Centre,POI 5×5,Reliability-qualified DNB-BRDF,4,G2,10.0
64,0,0.95,,,,,,0.0,0,2014-07-22,2014-07-25,2014-07-23 12:00:00,,not observable,Alangalang Centre,POI 5×5,Reliability-qualified DNB-BRDF,4,G2,10.0
65,0,0.95,,,,,,0.0,0,2014-07-26,2014-07-29,2014-07-27 12:00:00,,not observable,Alangalang Centre,POI 5×5,Reliability-qualified DNB-BRDF,4,G2,10.0
66,0,0.95,,,,,,0.0,0,2014-07-30,2014-08-02,2014-07-31 12:00:00,,not observable,Alangalang Centre,POI 5×5,Reliability-qualified DNB-BRDF,4,G2,10.0
67,0,0.95,35.594025,14.538079,244.83305,145.81402587890625,358.1161804199219,100.0,17,2014-08-03,2014-08-06,2014-08-04 12:00:00,2.0937661563648895,observed,Alangalang Centre,POI 5×5,Reliability-qualified DNB-BRDF,4,G2,10.0
68,0,0.95,4.597559,12.914339,35.600418,21.133895874023438,54.4786262512207,94.11764705882354,16,2014-08-07,2014-08-10,2014-08-08 12:00:00,0.2873474359512329,observed,Alangalang Centre,POI 5×5,Reliability-qualified DNB-BRDF,4,G2,10.0
69,0,0.95,,,,,,0.0,0,2014-08-11,2014-08-14,2014-08-12 12:00:00,,not observable,Alangalang Centre,POI 5×5,Reliability-qualified DNB-BRDF,4,G2,10.0
70,0,0.95,17.22413,14.538079,118.475975,70.5601577758789,173.29425048828125,100.0,17,2014-08-15,2014-08-18,2014-08-16 12:00:00,1.013184154734892,observed,Alangalang Centre,POI 5×5,Reliability-qualified DNB-BRDF,4,G2,10.0
71,0,0.95,12.016293,14.538079,82.65392,49.225791931152344,120.89750671386719,100.0,17,2014-08-19,2014-08-22,2014-08-20 12:00:00,0.7068407395306755,observed,Alangalang Centre,POI 5×5,Reliability-qualified DNB-BRDF,4,G2,10.0
72,0,0.95,18.588875,14.538079,127.86334,76.15094757080078,187.02511596679688,100.0,17,2014-08-23,2014-08-26,2014-08-24 12:00:00,1.0934632245232077,observed,Alangalang Centre,POI 5×5,Reliability-qualified DNB-BRDF,4,G2,10.0
73,0,0.95,4.466825,4.182631,106.794624,71.94651794433594,174.03504943847656,29.41176470588235,5,2014-08-27,2014-08-30,2014-08-28 12:00:00,0.8933650016784668,observed,Alangalang Centre,POI 5×5,Reliability-qualified DNB-BRDF,4,G2,10.0
74,0,0.95,,,,,,0.0,0,2014-08-31,2014-09-03,2014-09-01 12:00:00,,not observable,Alangalang Centre,POI 5×5,Reliability-qualified DNB-BRDF,4,G2,10.0
75,0,0.95,,,,,,0.0,0,2014-09-04,2014-09-07,2014-09-05 12:00:00,,not observable,Alangalang Centre,POI 5×5,Reliability-qualified DNB-BRDF,4,G2,10.0
76,0,0.95,4.9503255,14.538079,34.050755,20.279441833496094,49.805877685546875,100.0,17,2014-09-08,2014-09-11,2014-09-09 12:00:00,0.2911956170025994,observed,Alangalang Centre,POI 5×5,Reliability-qualified DNB-BRDF,4,G2,10.0
77,0,0.95,10.009747,13.491244,74.19439,43.88095474243164,106.79837799072266,94.11764705882354,16,2014-09-12,2014-09-15,2014-09-13 12:00:00,0.6256091594696045,observed,Alangalang Centre,POI 5×5,Reliability-qualified DNB-BRDF,4,G2,10.0
78,0,0.95,,,,,,0.0,0,2014-09-16,2014-09-19,2014-09-17 12:00:00,,not observable,Alangalang Centre,POI 5×5,Reliability-qualified DNB-BRDF,4,G2,10.0
79,0,0.95,48.196747,14.538079,331.52075,197.4421844482422,484.9138488769531,100.0,17,2014-09-20,2014-09-23,2014-09-21 12:00:00,2.8351027544806984,observed,Alangalang Centre,POI 5×5,Reliability-qualified DNB-BRDF,4,G2,10.0
80,0,0.95,4.4435663,3.591733,123.7165,76.04747772216797,178.81715393066406,29.41176470588235,5,2014-09-24,2014-09-27,2014-09-25 12:00:00,0.888713264465332,observed,Alangalang Centre,POI 5×5,Reliability-qualified DNB-BRDF,4,G2,10.0
81,0,0.95,10.7577505,10.808985,99.526,57.81348419189453,162.5546875,88.23529411764706,15,2014-09-28,2014-10-01,2014-09-29 12:00:00,0.7171833674112956,observed,Alangalang Centre,POI 5×5,Reliability-qualified DNB-BRDF,4,G2,10.0
82,0,0.95,,,,,,0.0,0,2014-10-02,2014-10-05,2014-10-03 12:00:00,,not observable,Alangalang Centre,POI 5×5,Reliability-qualified DNB-BRDF,4,G2,10.0
83,0,0.95,6.889557,12.232503,56.321728,35.86440658569336,80.00328826904297,88.23529411764706,15,2014-10-06,2014-10-09,2014-10-07 12:00:00,0.45930379231770835,observed,Alangalang Centre,POI 5×5,Reliability-qualified DNB-BRDF,4,G2,10.0
84,0,0.95,12.966338,14.538079,89.1888,53.11773681640625,130.45603942871094,100.0,17,2014-10-10,2014-10-13,2014-10-11 12:00:00,0.7627257739796358,observed,Alangalang Centre,POI 5×5,Reliability-qualified DNB-BRDF,4,G2,10.0
85,0,0.95,17.34667,13.279338,130.62903,83.35964965820312,188.9971923828125,94.11764705882354,16,2014-10-14,2014-10-17,2014-10-15 12:00:00,1.0841668844223022,observed,Alangalang Centre,POI 5×5,Reliability-qualified DNB-BRDF,4,G2,10.0
86,0,0.95,23.69375,14.538079,162.97717,97.06351470947266,238.3859405517578,100.0,17,2014-10-18,2014-10-21,2014-10-19 12:00:00,1.3937500224393957,observed,Alangalang Centre,POI 5×5,Reliability-qualified DNB-BRDF,4,G2,10.0
87,0,0.95,28.965643,14.538079,199.2398,118.6602783203125,291.4271545410156,100.0,17,2014-10-22,2014-10-25,2014-10-23 12:00:00,1.703861348769244,observed,Alangalang Centre,POI 5×5,Reliability-qualified DNB-BRDF,4,G2,10.0
88,0,0.95,4.893053,7.471613,65.48858,40.35487365722656,108.20648956298828,58.8235294117647,10,2014-10-26,2014-10-29,2014-10-27 12:00:00,0.489305305480957,observed,Alangalang Centre,POI 5×5,Reliability-qualified DNB-BRDF,4,G2,10.0
89,0,0.95,41.327682,14.538079,284.27194,169.3024444580078,415.8032531738281,100.0,17,2014-10-30,2014-11-02,2014-10-31 12:00:00,2.431040146771599,observed,Alangalang Centre,POI 5×5,Reliability-qualified DNB-BRDF,4,G2,10.0
90,0,0.95,8.034758,12.432725,64.62588,37.78606414794922,98.9749526977539,94.11764705882354,16,2014-11-03,2014-11-06,2014-11-04 12:00:00,0.5021723508834839,observed,Alangalang Centre,POI 5×5,Reliability-qualified DNB-BRDF,4,G2,10.0
-45,0,0.95,12.455695,12.461261,99.95533,80.37629568687566,128.6155620255359,53.333333333333336,8,2013-05-12,2013-05-15,2013-05-13 12:00:00,1.5569618940353394,observed,Guiuan Centre,POI 5×5,Reliability-qualified DNB-BRDF,4,G2,10.0
-44,0,0.95,34.069607,34.068302,100.00383,76.74624147228745,125.55398749245565,100.0,15,2013-05-16,2013-05-19,2013-05-17 12:00:00,2.271307118733724,observed,Guiuan Centre,POI 5×5,Reliability-qualified DNB-BRDF,4,G2,10.0
-43,0,0.95,30.932209,34.068302,90.79469,69.67884372974906,113.99198848444837,100.0,15,2013-05-20,2013-05-23,2013-05-21 12:00:00,2.062147267659505,observed,Guiuan Centre,POI 5×5,Reliability-qualified DNB-BRDF,4,G2,10.0
-42,0,0.95,30.86868,34.068302,90.60821,69.53573348736974,113.757865467646,100.0,15,2013-05-24,2013-05-27,2013-05-25 12:00:00,2.0579119364420575,observed,Guiuan Centre,POI 5×5,Reliability-qualified DNB-BRDF,4,G2,10.0
-41,0,0.95,43.306133,27.823715,155.64468,120.10273740618825,196.02982375284586,66.66666666666667,10,2013-05-28,2013-05-31,2013-05-29 12:00:00,4.330613327026367,observed,Guiuan Centre,POI 5×5,Reliability-qualified DNB-BRDF,4,G2,10.0
-40,0,0.95,28.119684,28.811346,97.59934,76.5890512077445,118.71126303659561,80.0,12,2013-06-01,2013-06-04,2013-06-02 12:00:00,2.3433070182800293,observed,Guiuan Centre,POI 5×5,Reliability-qualified DNB-BRDF,4,G2,10.0
-39,0,0.95,,,,,,0.0,0,2013-06-05,2013-06-08,2013-06-06 12:00:00,,not observable,Guiuan Centre,POI 5×5,Reliability-qualified DNB-BRDF,4,G2,10.0
-38,0,0.95,,,,,,0.0,0,2013-06-09,2013-06-12,2013-06-10 12:00:00,,not observable,Guiuan Centre,POI 5×5,Reliability-qualified DNB-BRDF,4,G2,10.0
-37,0,0.95,,,,,,0.0,0,2013-06-13,2013-06-16,2013-06-14 12:00:00,,not observable,Guiuan Centre,POI 5×5,Reliability-qualified DNB-BRDF,4,G2,10.0
-36,0,0.95,,,,,,0.0,0,2013-06-17,2013-06-20,2013-06-18 12:00:00,,not observable,Guiuan Centre,POI 5×5,Reliability-qualified DNB-BRDF,4,G2,10.0
-35,0,0.95,18.457567,34.068302,54.178123,41.578081818687075,68.02019049374226,100.0,15,2013-06-21,2013-06-24,2013-06-22 12:00:00,1.2305044809977213,observed,Guiuan Centre,POI 5×5,Reliability-qualified DNB-BRDF,4,G2,10.0
-34,0,0.95,,,,,,0.0,0,2013-06-25,2013-06-28,2013-06-26 12:00:00,,not observable,Guiuan Centre,POI 5×5,Reliability-qualified DNB-BRDF,4,G2,10.0
-33,0,0.95,12.854828,24.494436,52.480602,40.80792508351796,65.09605395070278,73.33333333333333,11,2013-06-29,2013-07-02,2013-06-30 12:00:00,1.1686207164417615,observed,Guiuan Centre,POI 5×5,Reliability-qualified DNB-BRDF,4,G2,10.0
-32,0,0.95,,,,,,0.0,0,2013-07-03,2013-07-06,2013-07-04 12:00:00,,not observable,Guiuan Centre,POI 5×5,Reliability-qualified DNB-BRDF,4,G2,10.0
-31,0,0.95,25.221327,34.068302,74.03165,56.81433175724974,92.94612689818476,100.0,15,2013-07-07,2013-07-10,2013-07-08 12:00:00,1.6814217885335287,observed,Guiuan Centre,POI 5×5,Reliability-qualified DNB-BRDF,4,G2,10.0
-30,0,0.95,,,,,,0.0,0,2013-07-11,2013-07-14,2013-07-12 12:00:00,,not observable,Guiuan Centre,POI 5×5,Reliability-qualified DNB-BRDF,4,G2,10.0
-29,0,0.95,20.186623,19.91158,101.381325,77.29970067931964,135.552913485112,73.33333333333333,11,2013-07-15,2013-07-18,2013-07-16 12:00:00,1.8351475108753552,observed,Guiuan Centre,POI 5×5,Reliability-qualified DNB-BRDF,4,G2,10.0
-28,0,0.95,,,,,,0.0,0,2013-07-19,2013-07-22,2013-07-20 12:00:00,,not observable,Guiuan Centre,POI 5×5,Reliability-qualified DNB-BRDF,4,G2,10.0
-27,0,0.95,30.214214,34.068302,88.68717,68.0614648083911,111.34601691675842,100.0,15,2013-07-23,2013-07-26,2013-07-24 12:00:00,2.0142809549967446,observed,Guiuan Centre,POI 5×5,Reliability-qualified DNB-BRDF,4,G2,10.0
-26,0,0.95,,,,,,0.0,0,2013-07-27,2013-07-30,2013-07-28 12:00:00,,not observable,Guiuan Centre,POI 5×5,Reliability-qualified DNB-BRDF,4,G2,10.0
-25,0,0.95,9.67213,16.867258,57.342632,44.896492024856244,79.34993862254503,66.66666666666667,10,2013-07-31,2013-08-03,2013-08-01 12:00:00,0.9672129631042481,observed,Guiuan Centre,POI 5×5,Reliability-qualified DNB-BRDF,4,G2,10.0
-24,0,0.95,8.51422,16.502644,51.593067,40.30615903847459,64.23332837176697,66.66666666666667,10,2013-08-04,2013-08-07,2013-08-05 12:00:00,0.8514220237731933,observed,Guiuan Centre,POI 5×5,Reliability-qualified DNB-BRDF,4,G2,10.0
-23,0,0.95,18.120705,20.621853,87.87137,70.56944389559803,115.30869238891061,73.33333333333333,11,2013-08-08,2013-08-11,2013-08-09 12:00:00,1.6473367864435369,observed,Guiuan Centre,POI 5×5,Reliability-qualified DNB-BRDF,4,G2,10.0
-22,0,0.95,,,,,,0.0,0,2013-08-12,2013-08-15,2013-08-13 12:00:00,,not observable,Guiuan Centre,POI 5×5,Reliability-qualified DNB-BRDF,4,G2,10.0
-21,0,0.95,,,,,,0.0,0,2013-08-16,2013-08-19,2013-08-17 12:00:00,,not observable,Guiuan Centre,POI 5×5,Reliability-qualified DNB-BRDF,4,G2,10.0
-20,0,0.95,,,,,,0.0,0,2013-08-20,2013-08-23,2013-08-21 12:00:00,,not observable,Guiuan Centre,POI 5×5,Reliability-qualified DNB-BRDF,4,G2,10.0
-19,0,0.95,18.690601,34.068302,54.86215,42.10302285878195,68.87897444873434,100.0,15,2013-08-24,2013-08-27,2013-08-25 12:00:00,1.2460400899251303,observed,Guiuan Centre,POI 5×5,Reliability-qualified DNB-BRDF,4,G2,10.0
-18,0,0.95,30.835337,34.068302,90.510345,69.4606256332396,113.63499182071378,100.0,15,2013-08-28,2013-08-31,2013-08-29 12:00:00,2.0556891123453775,observed,Guiuan Centre,POI 5×5,Reliability-qualified DNB-BRDF,4,G2,10.0
-17,0,0.95,33.88617,34.068302,99.46539,76.33302453387331,124.87797999916292,100.0,15,2013-09-01,2013-09-04,2013-09-02 12:00:00,2.259077962239583,observed,Guiuan Centre,POI 5×5,Reliability-qualified DNB-BRDF,4,G2,10.0
-16,0,0.95,9.003976,12.184615,73.89627,59.94487336545504,85.5296818249568,53.333333333333336,8,2013-09-05,2013-09-08,2013-09-06 12:00:00,1.1254969835281372,observed,Guiuan Centre,POI 5×5,Reliability-qualified DNB-BRDF,4,G2,10.0
-15,0,0.95,13.439977,12.184615,110.30284,89.47799537815226,127.66770610009485,53.333333333333336,8,2013-09-09,2013-09-12,2013-09-10 12:00:00,1.6799970865249634,observed,Guiuan Centre,POI 5×5,Reliability-qualified DNB-BRDF,4,G2,10.0
-14,0,0.95,,,,,,0.0,0,2013-09-13,2013-09-16,2013-09-14 12:00:00,,not observable,Guiuan Centre,POI 5×5,Reliability-qualified DNB-BRDF,4,G2,10.0
-13,0,0.95,,,,,,0.0,0,2013-09-17,2013-09-20,2013-09-18 12:00:00,,not observable,Guiuan Centre,POI 5×5,Reliability-qualified DNB-BRDF,4,G2,10.0
-12,0,0.95,,,,,,6.666666666666667,1,2013-09-21,2013-09-24,2013-09-22 12:00:00,,not observable,Guiuan Centre,POI 5×5,Reliability-qualified DNB-BRDF,4,G2,10.0
-11,0,0.95,,,,,,0.0,0,2013-09-25,2013-09-28,2013-09-26 12:00:00,,not observable,Guiuan Centre,POI 5×5,Reliability-qualified DNB-BRDF,4,G2,10.0
-10,0,0.95,,,,,,0.0,0,2013-09-29,2013-10-02,2013-09-30 12:00:00,,not observable,Guiuan Centre,POI 5×5,Reliability-qualified DNB-BRDF,4,G2,10.0
-9,0,0.95,50.74149,34.068302,148.94048,114.30183491209377,186.99353708545868,100.0,15,2013-10-03,2013-10-06,2013-10-04 12:00:00,3.3827659606933596,observed,Guiuan Centre,POI 5×5,Reliability-qualified DNB-BRDF,4,G2,10.0
-8,0,0.95,,,,,,0.0,0,2013-10-07,2013-10-10,2013-10-08 12:00:00,,not observable,Guiuan Centre,POI 5×5,Reliability-qualified DNB-BRDF,4,G2,10.0
-7,0,0.95,24.358517,34.068302,71.49906,54.8707393574131,89.76648225138291,100.0,15,2013-10-11,2013-10-14,2013-10-12 12:00:00,1.623901112874349,observed,Guiuan Centre,POI 5×5,Reliability-qualified DNB-BRDF,4,G2,10.0
-6,0,0.95,30.037643,33.11,90.72076,69.20744647441032,114.40254357376587,93.33333333333333,14,2013-10-15,2013-10-18,2013-10-16 12:00:00,2.1455459594726562,observed,Guiuan Centre,POI 5×5,Reliability-qualified DNB-BRDF,4,G2,10.0
-5,0,0.95,,,,,,0.0,0,2013-10-19,2013-10-22,2013-10-20 12:00:00,,not observable,Guiuan Centre,POI 5×5,Reliability-qualified DNB-BRDF,4,G2,10.0
-4,0,0.95,,,,,,0.0,0,2013-10-23,2013-10-26,2013-10-24 12:00:00,,not observable,Guiuan Centre,POI 5×5,Reliability-qualified DNB-BRDF,4,G2,10.0
-3,0,0.95,,,,,,0.0,0,2013-10-27,2013-10-30,2013-10-28 12:00:00,,not observable,Guiuan Centre,POI 5×5,Reliability-qualified DNB-BRDF,4,G2,10.0
-2,0,0.95,19.097252,16.395304,116.48001,87.74403217846081,143.3834255638917,66.66666666666667,10,2013-10-31,2013-11-03,2013-11-01 12:00:00,1.9097251892089844,observed,Guiuan Centre,POI 5×5,Reliability-qualified DNB-BRDF,4,G2,10.0
-1,0,0.95,,,,,,0.0,0,2013-11-04,2013-11-07,2013-11-05 12:00:00,,not observable,Guiuan Centre,POI 5×5,Reliability-qualified DNB-BRDF,4,G2,10.0
0,0,0.95,2.5236502,34.068302,7.4076195,5.684851856242192,9.300205523586818,100.0,15,2013-11-08,2013-11-11,2013-11-09 12:00:00,0.16824334462483723,observed,Guiuan Centre,POI 5×5,Reliability-qualified DNB-BRDF,4,G2,10.0
1,0,0.95,5.6264296,34.068302,16.515144,12.674267523206154,20.734628765621984,100.0,15,2013-11-12,2013-11-15,2013-11-13 12:00:00,0.3750953038533529,observed,Guiuan Centre,POI 5×5,Reliability-qualified DNB-BRDF,4,G2,10.0
2,0,0.95,6.937235,27.84543,24.91337,18.85971725279812,30.063881251758794,86.66666666666667,13,2013-11-16,2013-11-19,2013-11-17 12:00:00,0.5336334521953876,observed,Guiuan Centre,POI 5×5,Reliability-qualified DNB-BRDF,4,G2,10.0
3,0,0.95,,,,,,0.0,0,2013-11-20,2013-11-23,2013-11-21 12:00:00,,not observable,Guiuan Centre,POI 5×5,Reliability-qualified DNB-BRDF,4,G2,10.0
4,0,0.95,10.085856,34.068302,29.60481,22.719709280681545,37.16859666527065,100.0,15,2013-11-24,2013-11-27,2013-11-25 12:00:00,0.6723904291788737,observed,Guiuan Centre,POI 5×5,Reliability-qualified DNB-BRDF,4,G2,10.0
5,0,0.95,21.48368,33.11,64.88578,49.49891359954596,81.82358847786656,93.33333333333333,14,2013-11-28,2013-12-01,2013-11-29 12:00:00,1.534548623221261,observed,Guiuan Centre,POI 5×5,Reliability-qualified DNB-BRDF,4,G2,10.0
6,0,0.95,30.573116,34.068302,89.74065,68.86993703539956,112.66864731442386,100.0,15,2013-12-02,2013-12-05,2013-12-03 12:00:00,2.038207753499349,observed,Guiuan Centre,POI 5×5,Reliability-qualified DNB-BRDF,4,G2,10.0
7,0,0.95,20.94099,34.068302,61.46767,47.17231904894575,77.17215387023349,100.0,15,2013-12-06,2013-12-09,2013-12-07 12:00:00,1.3960660298665364,observed,Guiuan Centre,POI 5×5,Reliability-qualified DNB-BRDF,4,G2,10.0
8,0,0.95,18.592539,34.068302,54.574306,41.882123713807346,68.51759168974607,100.0,15,2013-12-10,2013-12-13,2013-12-11 12:00:00,1.2395025889078777,observed,Guiuan Centre,POI 5×5,Reliability-qualified DNB-BRDF,4,G2,10.0
9,0,0.95,21.750961,16.480127,131.98297,103.78803248206388,160.49200468133475,40.0,6,2013-12-14,2013-12-17,2013-12-15 12:00:00,3.6251602172851562,observed,Guiuan Centre,POI 5×5,Reliability-qualified DNB-BRDF,4,G2,10.0
10,0,0.95,,,,,,0.0,0,2013-12-18,2013-12-21,2013-12-19 12:00:00,,not observable,Guiuan Centre,POI 5×5,Reliability-qualified DNB-BRDF,4,G2,10.0
11,0,0.95,,,,,,0.0,0,2013-12-22,2013-12-25,2013-12-23 12:00:00,,not observable,Guiuan Centre,POI 5×5,Reliability-qualified DNB-BRDF,4,G2,10.0
12,0,0.95,5.6185555,18.546478,30.294458,23.002682234939865,38.850274195475116,66.66666666666667,10,2013-12-26,2013-12-29,2013-12-27 12:00:00,0.5618555545806885,observed,Guiuan Centre,POI 5×5,Reliability-qualified DNB-BRDF,4,G2,10.0
13,0,0.95,0.36403692,3.9107127,9.30871,7.920832626632473,10.668523008042312,26.666666666666668,4,2013-12-30,2014-01-02,2013-12-31 12:00:00,0.0910092294216156,observed,Guiuan Centre,POI 5×5,Reliability-qualified DNB-BRDF,4,G2,10.0
14,0,0.95,15.226701,34.068302,44.694626,34.30013240335288,56.11373680514628,100.0,15,2014-01-03,2014-01-06,2014-01-04 12:00:00,1.015113385518392,observed,Guiuan Centre,POI 5×5,Reliability-qualified DNB-BRDF,4,G2,10.0
15,0,0.95,,,,,,0.0,0,2014-01-07,2014-01-10,2014-01-08 12:00:00,,not observable,Guiuan Centre,POI 5×5,Reliability-qualified DNB-BRDF,4,G2,10.0
16,0,0.95,,,,,,0.0,0,2014-01-11,2014-01-14,2014-01-12 12:00:00,,not observable,Guiuan Centre,POI 5×5,Reliability-qualified DNB-BRDF,4,G2,10.0
17,0,0.95,,,,,,0.0,0,2014-01-15,2014-01-18,2014-01-16 12:00:00,,not observable,Guiuan Centre,POI 5×5,Reliability-qualified DNB-BRDF,4,G2,10.0
18,0,0.95,,,,,,0.0,0,2014-01-19,2014-01-22,2014-01-20 12:00:00,,not observable,Guiuan Centre,POI 5×5,Reliability-qualified DNB-BRDF,4,G2,10.0
19,0,0.95,,,,,,0.0,0,2014-01-23,2014-01-26,2014-01-24 12:00:00,,not observable,Guiuan Centre,POI 5×5,Reliability-qualified DNB-BRDF,4,G2,10.0
20,0,0.95,23.676582,34.068302,69.49739,53.33459482965228,87.25340712059973,100.0,15,2014-01-27,2014-01-30,2014-01-28 12:00:00,1.5784388224283854,observed,Guiuan Centre,POI 5×5,Reliability-qualified DNB-BRDF,4,G2,10.0
21,0,0.95,15.432706,34.068302,45.299313,34.764187520252705,56.87291366156718,100.0,15,2014-01-31,2014-02-03,2014-02-01 12:00:00,1.028847058614095,observed,Guiuan Centre,POI 5×5,Reliability-qualified DNB-BRDF,4,G2,10.0
22,0,0.95,29.866758,34.068302,87.66729,67.27877464334074,110.065565010476,100.0,15,2014-02-04,2014-02-07,2014-02-05 12:00:00,1.9911172231038412,observed,Guiuan Centre,POI 5×5,Reliability-qualified DNB-BRDF,4,G2,10.0
23,0,0.95,7.4186783,9.660202,76.7963,61.09349543704617,93.23994389576367,20.0,3,2014-02-08,2014-02-11,2014-02-09 12:00:00,2.4728927612304688,observed,Guiuan Centre,POI 5×5,Reliability-qualified DNB-BRDF,4,G2,10.0
24,0,0.95,10.296213,29.857615,34.48438,27.348460526689113,42.29514203572992,86.66666666666667,13,2014-02-12,2014-02-15,2014-02-13 12:00:00,0.7920163961557242,observed,Guiuan Centre,POI 5×5,Reliability-qualified DNB-BRDF,4,G2,10.0
25,0,0.95,20.958023,34.068302,61.517662,47.210684165033605,77.23491776867378,100.0,15,2014-02-16,2014-02-19,2014-02-17 12:00:00,1.3972015380859375,observed,Guiuan Centre,POI 5×5,Reliability-qualified DNB-BRDF,4,G2,10.0
26,0,0.95,24.493118,28.927982,84.66929,65.67364217024463,107.13852184333456,86.66666666666667,13,2014-02-20,2014-02-23,2014-02-21 12:00:00,1.8840860220102162,observed,Guiuan Centre,POI 5×5,Reliability-qualified DNB-BRDF,4,G2,10.0
27,0,0.95,32.047173,34.068302,94.06742,72.19044443230729,118.10087352097365,100.0,15,2014-02-24,2014-02-27,2014-02-25 12:00:00,2.1364781697591146,observed,Guiuan Centre,POI 5×5,Reliability-qualified DNB-BRDF,4,G2,10.0
28,0,0.95,28.310247,34.068302,83.098495,63.77252970835459,104.32947912187001,100.0,15,2014-02-28,2014-03-03,2014-03-01 12:00:00,1.88734982808431,observed,Guiuan Centre,POI 5×5,Reliability-qualified DNB-BRDF,4,G2,10.0
29,0,0.95,31.691141,34.068302,93.02236,71.38843421954812,116.78881473750937,100.0,15,2014-03-04,2014-03-07,2014-03-05 12:00:00,2.1127427419026694,observed,Guiuan Centre,POI 5×5,Reliability-qualified DNB-BRDF,4,G2,10.0
30,0,0.95,6.7166557,15.390256,43.64226,34.27159981804908,50.04850391277961,53.333333333333336,8,2014-03-08,2014-03-11,2014-03-09 12:00:00,0.8395819664001465,observed,Guiuan Centre,POI 5×5,Reliability-qualified DNB-BRDF,4,G2,10.0
31,0,0.95,10.948462,22.367924,48.947155,37.96513468834055,62.08704131197154,53.333333333333336,8,2014-03-12,2014-03-15,2014-03-13 12:00:00,1.3685576915740967,observed,Guiuan Centre,POI 5×5,Reliability-qualified DNB-BRDF,4,G2,10.0
32,0,0.95,13.118382,26.613714,49.291813,39.558194945305665,62.39310929501473,80.0,12,2014-03-16,2014-03-19,2014-03-17 12:00:00,1.093198537826538,observed,Guiuan Centre,POI 5×5,Reliability-qualified DNB-BRDF,4,G2,10.0
33,0,0.95,,,,,,0.0,0,2014-03-20,2014-03-23,2014-03-21 12:00:00,,not observable,Guiuan Centre,POI 5×5,Reliability-qualified DNB-BRDF,4,G2,10.0
34,0,0.95,11.610843,22.63979,51.285114,40.69030269754033,63.30460336935218,73.33333333333333,11,2014-03-24,2014-03-27,2014-03-25 12:00:00,1.0555311549793591,observed,Guiuan Centre,POI 5×5,Reliability-qualified DNB-BRDF,4,G2,10.0
35,0,0.95,18.984638,34.068302,55.725227,42.765379319336844,69.96256490435405,100.0,15,2014-03-28,2014-03-31,2014-03-29 12:00:00,1.2656425476074218,observed,Guiuan Centre,POI 5×5,Reliability-qualified DNB-BRDF,4,G2,10.0
36,0,0.95,20.5919,34.068302,60.442986,46.38594416087663,75.8856738945768,100.0,15,2014-04-01,2014-04-04,2014-04-02 12:00:00,1.3727933247884114,observed,Guiuan Centre,POI 5×5,Reliability-qualified DNB-BRDF,4,G2,10.0
37,0,0.95,29.841986,34.068302,87.594574,67.22297033815961,109.97427124937026,100.0,15,2014-04-05,2014-04-08,2014-04-06 12:00:00,1.9894657135009766,observed,Guiuan Centre,POI 5×5,Reliability-qualified DNB-BRDF,4,G2,10.0
38,0,0.95,,,,,,0.0,0,2014-04-09,2014-04-12,2014-04-10 12:00:00,,not observable,Guiuan Centre,POI 5×5,Reliability-qualified DNB-BRDF,4,G2,10.0
39,0,0.95,,,,,,0.0,0,2014-04-13,2014-04-16,2014-04-14 12:00:00,,not observable,Guiuan Centre,POI 5×5,Reliability-qualified DNB-BRDF,4,G2,10.0
40,0,0.95,9.836212,34.068302,28.872036,22.157353178083138,36.24860306405381,100.0,15,2014-04-17,2014-04-20,2014-04-18 12:00:00,0.6557474772135417,observed,Guiuan Centre,POI 5×5,Reliability-qualified DNB-BRDF,4,G2,10.0
41,0,0.95,22.73757,34.068302,66.741135,51.21934933300743,83.79294441214098,100.0,15,2014-04-21,2014-04-24,2014-04-22 12:00:00,1.5158379872639973,observed,Guiuan Centre,POI 5×5,Reliability-qualified DNB-BRDF,4,G2,10.0
42,0,0.95,26.427544,34.068302,77.572235,59.531496007561955,97.39130622884728,100.0,15,2014-04-25,2014-04-28,2014-04-26 12:00:00,1.7618362426757812,observed,Guiuan Centre,POI 5×5,Reliability-qualified DNB-BRDF,4,G2,10.0
43,0,0.95,23.352089,34.068302,68.54492,52.60363377611603,86.05758211063748,100.0,15,2014-04-29,2014-05-02,2014-04-30 12:00:00,1.556805928548177,observed,Guiuan Centre,POI 5×5,Reliability-qualified DNB-BRDF,4,G2,10.0
44,0,0.95,21.803032,25.720152,84.77023,63.07401715021878,106.29108291927103,86.66666666666667,13,2014-05-03,2014-05-06,2014-05-04 12:00:00,1.6771563016451323,observed,Guiuan Centre,POI 5×5,Reliability-qualified DNB-BRDF,4,G2,10.0
45,0,0.95,29.431032,34.068302,86.38831,66.29724692494227,108.45982228594406,100.0,15,2014-05-07,2014-05-10,2014-05-08 12:00:00,1.9620688120524088,observed,Guiuan Centre,POI 5×5,Reliability-qualified DNB-BRDF,4,G2,10.0
46,0,0.95,18.52383,31.964642,57.951004,44.81140618831964,72.54350382210154,93.33333333333333,14,2014-05-11,2014-05-14,2014-05-12 12:00:00,1.3231307438441686,observed,Guiuan Centre,POI 5×5,Reliability-qualified DNB-BRDF,4,G2,10.0
47,0,0.95,18.966827,34.068302,55.672947,42.72525708533183,69.89692642656289,100.0,15,2014-05-15,2014-05-18,2014-05-16 12:00:00,1.2644551595052083,observed,Guiuan Centre,POI 5×5,Reliability-qualified DNB-BRDF,4,G2,10.0
48,0,0.95,20.168512,34.068302,59.200226,45.43220860333683,74.32539810822833,100.0,15,2014-05-19,2014-05-22,2014-05-20 12:00:00,1.3445674896240234,observed,Guiuan Centre,POI 5×5,Reliability-qualified DNB-BRDF,4,G2,10.0
49,0,0.95,27.395958,34.068302,80.4148,61.71297302557235,100.96012123502916,100.0,15,2014-05-23,2014-05-26,2014-05-24 12:00:00,1.8263971964518229,observed,Guiuan Centre,POI 5×5,Reliability-qualified DNB-BRDF,4,G2,10.0
50,0,0.95,20.753733,28.72501,72.249695,55.39706982905048,89.76968932644932,86.66666666666667,13,2014-05-27,2014-05-30,2014-05-28 12:00:00,1.5964409754826472,observed,Guiuan Centre,POI 5×5,Reliability-qualified DNB-BRDF,4,G2,10.0
51,0,0.95,25.289625,34.068302,74.232124,56.968182692249414,93.19782128735726,100.0,15,2014-05-31,2014-06-03,2014-06-01 12:00:00,1.6859750111897787,observed,Guiuan Centre,POI 5×5,Reliability-qualified DNB-BRDF,4,G2,10.0
52,0,0.95,24.662203,34.068302,72.390465,55.55483293398538,90.88563381775167,100.0,15,2014-06-04,2014-06-07,2014-06-05 12:00:00,1.6441468556722005,observed,Guiuan Centre,POI 5×5,Reliability-qualified DNB-BRDF,4,G2,10.0
53,0,0.95,,,,,,0.0,0,2014-06-08,2014-06-11,2014-06-09 12:00:00,,not observable,Guiuan Centre,POI 5×5,Reliability-qualified DNB-BRDF,4,G2,10.0
54,0,0.95,,,,,,0.0,0,2014-06-12,2014-06-15,2014-06-13 12:00:00,,not observable,Guiuan Centre,POI 5×5,Reliability-qualified DNB-BRDF,4,G2,10.0
55,0,0.95,24.031515,34.068302,70.53922,54.13413022844362,88.56141720075293,100.0,15,2014-06-16,2014-06-19,2014-06-17 12:00:00,1.6021010080973308,observed,Guiuan Centre,POI 5×5,Reliability-qualified DNB-BRDF,4,G2,10.0
56,0,0.95,16.549534,24.228489,68.30609,52.82504127840119,87.87963615948048,80.0,12,2014-06-20,2014-06-23,2014-06-21 12:00:00,1.379127820332845,observed,Guiuan Centre,POI 5×5,Reliability-qualified DNB-BRDF,4,G2,10.0
57,0,0.95,,,,,,0.0,0,2014-06-24,2014-06-27,2014-06-25 12:00:00,,not observable,Guiuan Centre,POI 5×5,Reliability-qualified DNB-BRDF,4,G2,10.0
58,0,0.95,3.1993356,5.337781,59.93756,39.379003540717186,74.99768158896548,26.666666666666668,4,2014-06-28,2014-07-01,2014-06-29 12:00:00,0.7998338937759399,observed,Guiuan Centre,POI 5×5,Reliability-qualified DNB-BRDF,4,G2,10.0
59,0,0.95,4.9031873,20.225864,24.242165,19.02881573313902,32.15232593271357,66.66666666666667,10,2014-07-02,2014-07-05,2014-07-03 12:00:00,0.49031872749328614,observed,Guiuan Centre,POI 5×5,Reliability-qualified DNB-BRDF,4,G2,10.0
60,0,0.95,,,,,,0.0,0,2014-07-06,2014-07-09,2014-07-07 12:00:00,,not observable,Guiuan Centre,POI 5×5,Reliability-qualified DNB-BRDF,4,G2,10.0
61,0,0.95,,,,,,0.0,0,2014-07-10,2014-07-13,2014-07-11 12:00:00,,not observable,Guiuan Centre,POI 5×5,Reliability-qualified DNB-BRDF,4,G2,10.0
62,0,0.95,20.386402,21.965555,92.810776,66.98844289760834,120.01300991715394,80.0,12,2014-07-14,2014-07-17,2014-07-15 12:00:00,1.698866844177246,observed,Guiuan Centre,POI 5×5,Reliability-qualified DNB-BRDF,4,G2,10.0
63,0,0.95,,,,,,0.0,0,2014-07-18,2014-07-21,2014-07-19 12:00:00,,not observable,Guiuan Centre,POI 5×5,Reliability-qualified DNB-BRDF,4,G2,10.0
64,0,0.95,9.308618,11.95366,77.87253,59.305471309695676,97.78364987456365,40.0,6,2014-07-22,2014-07-25,2014-07-23 12:00:00,1.5514362653096516,observed,Guiuan Centre,POI 5×5,Reliability-qualified DNB-BRDF,4,G2,10.0
65,0,0.95,,,,,,0.0,0,2014-07-26,2014-07-29,2014-07-27 12:00:00,,not observable,Guiuan Centre,POI 5×5,Reliability-qualified DNB-BRDF,4,G2,10.0
66,0,0.95,,,,,,0.0,0,2014-07-30,2014-08-02,2014-07-31 12:00:00,,not observable,Guiuan Centre,POI 5×5,Reliability-qualified DNB-BRDF,4,G2,10.0
67,0,0.95,,,,,,0.0,0,2014-08-03,2014-08-06,2014-08-04 12:00:00,,not observable,Guiuan Centre,POI 5×5,Reliability-qualified DNB-BRDF,4,G2,10.0
68,0,0.95,10.233867,31.964642,32.01621,24.756971859662034,40.078132678487115,93.33333333333333,14,2014-08-07,2014-08-10,2014-08-08 12:00:00,0.7309904779706683,observed,Guiuan Centre,POI 5×5,Reliability-qualified DNB-BRDF,4,G2,10.0
69,0,0.95,18.4079,34.068302,54.032337,41.466200978788386,67.83715761416656,100.0,15,2014-08-11,2014-08-14,2014-08-12 12:00:00,1.2271933237711588,observed,Guiuan Centre,POI 5×5,Reliability-qualified DNB-BRDF,4,G2,10.0
70,0,0.95,21.072655,27.559765,76.46166,58.24377215602685,96.58439673758832,86.66666666666667,13,2014-08-15,2014-08-18,2014-08-16 12:00:00,1.6209734403170073,observed,Guiuan Centre,POI 5×5,Reliability-qualified DNB-BRDF,4,G2,10.0
71,0,0.95,20.158583,21.184166,95.15873,75.33839889927515,124.98196011306912,73.33333333333333,11,2014-08-19,2014-08-22,2014-08-20 12:00:00,1.8325984261252664,observed,Guiuan Centre,POI 5×5,Reliability-qualified DNB-BRDF,4,G2,10.0
72,0,0.95,12.845695,16.867258,76.15758,59.62767798738675,105.3857968654772,66.66666666666667,10,2014-08-23,2014-08-26,2014-08-24 12:00:00,1.2845694541931152,observed,Guiuan Centre,POI 5×5,Reliability-qualified DNB-BRDF,4,G2,10.0
73,0,0.95,24.709835,34.068302,72.53027,55.66212986845701,91.0611675990834,100.0,15,2014-08-27,2014-08-30,2014-08-28 12:00:00,1.6473223368326824,observed,Guiuan Centre,POI 5×5,Reliability-qualified DNB-BRDF,4,G2,10.0
74,0,0.95,,,,,,0.0,0,2014-08-31,2014-09-03,2014-09-01 12:00:00,,not observable,Guiuan Centre,POI 5×5,Reliability-qualified DNB-BRDF,4,G2,10.0
75,0,0.95,,,,,,0.0,0,2014-09-04,2014-09-07,2014-09-05 12:00:00,,not observable,Guiuan Centre,POI 5×5,Reliability-qualified DNB-BRDF,4,G2,10.0
76,0,0.95,,,,,,0.0,0,2014-09-08,2014-09-11,2014-09-09 12:00:00,,not observable,Guiuan Centre,POI 5×5,Reliability-qualified DNB-BRDF,4,G2,10.0
77,0,0.95,13.277885,25.097202,52.90584,40.336646180021404,65.09971074763574,80.0,12,2014-09-12,2014-09-15,2014-09-13 12:00:00,1.1064904530843098,observed,Guiuan Centre,POI 5×5,Reliability-qualified DNB-BRDF,4,G2,10.0
78,0,0.95,,,,,,0.0,0,2014-09-16,2014-09-19,2014-09-17 12:00:00,,not observable,Guiuan Centre,POI 5×5,Reliability-qualified DNB-BRDF,4,G2,10.0
79,0,0.95,,,,,,0.0,0,2014-09-20,2014-09-23,2014-09-21 12:00:00,,not observable,Guiuan Centre,POI 5×5,Reliability-qualified DNB-BRDF,4,G2,10.0
80,0,0.95,12.598776,16.867258,74.69368,58.48151938394988,103.36007924851805,66.66666666666667,10,2014-09-24,2014-09-27,2014-09-25 12:00:00,1.259877586364746,observed,Guiuan Centre,POI 5×5,Reliability-qualified DNB-BRDF,4,G2,10.0
81,0,0.95,40.209927,34.068302,118.02739,90.57811422811609,148.18241522607488,100.0,15,2014-09-28,2014-10-01,2014-09-29 12:00:00,2.6806617736816407,observed,Guiuan Centre,POI 5×5,Reliability-qualified DNB-BRDF,4,G2,10.0
82,0,0.95,,,,,,0.0,0,2014-10-02,2014-10-05,2014-10-03 12:00:00,,not observable,Guiuan Centre,POI 5×5,Reliability-qualified DNB-BRDF,4,G2,10.0
83,0,0.95,7.3192143,27.72368,26.400587,20.40076756142045,32.54807560443877,73.33333333333333,11,2014-10-06,2014-10-09,2014-10-07 12:00:00,0.6653831221840598,observed,Guiuan Centre,POI 5×5,Reliability-qualified DNB-BRDF,4,G2,10.0
84,0,0.95,22.679531,34.068302,66.57077,51.088607660880626,83.57905591477557,100.0,15,2014-10-10,2014-10-13,2014-10-11 12:00:00,1.511968739827474,observed,Guiuan Centre,POI 5×5,Reliability-qualified DNB-BRDF,4,G2,10.0
85,0,0.95,24.07844,34.068302,70.676956,54.239832282802645,88.73434181772862,100.0,15,2014-10-14,2014-10-17,2014-10-15 12:00:00,1.6052293141682943,observed,Guiuan Centre,POI 5×5,Reliability-qualified DNB-BRDF,4,G2,10.0
86,0,0.95,36.457214,34.068302,107.01212,82.12463917723908,134.35284545895016,100.0,15,2014-10-18,2014-10-21,2014-10-19 12:00:00,2.43048095703125,observed,Guiuan Centre,POI 5×5,Reliability-qualified DNB-BRDF,4,G2,10.0
87,0,0.95,25.48163,20.621853,123.566154,99.23590634187504,162.1489693930235,73.33333333333333,11,2014-10-22,2014-10-25,2014-10-23 12:00:00,2.3165118477561255,observed,Guiuan Centre,POI 5×5,Reliability-qualified DNB-BRDF,4,G2,10.0
88,0,0.95,6.25563,8.430017,74.206604,57.46613522309316,89.34611523329117,46.666666666666664,7,2014-10-26,2014-10-29,2014-10-27 12:00:00,0.8936614309038434,observed,Guiuan Centre,POI 5×5,Reliability-qualified DNB-BRDF,4,G2,10.0
89,0,0.95,,,,,,0.0,0,2014-10-30,2014-11-02,2014-10-31 12:00:00,,not observable,Guiuan Centre,POI 5×5,Reliability-qualified DNB-BRDF,4,G2,10.0
90,0,0.95,5.950885,31.964642,18.617086,14.39591689184432,23.305009614680994,93.33333333333333,14,2014-11-03,2014-11-06,2014-11-04 12:00:00,0.4250632013593401,observed,Guiuan Centre,POI 5×5,Reliability-qualified DNB-BRDF,4,G2,10.0
