block,spatial_ref,quantile,current_radiance,matched_baseline_radiance,recovery_pct,recovery_low_pct,recovery_high_pct,spatial_coverage_pct,valid_pixel_count,date_start,date_end,date_mid,mean_ntl,observation_status,unit_name,unit_type,method,aggregation_days,ghsl_mask,sc_threshold_pct
-180,0,0.95,,,,,,0.0,0,2013-05-12,2013-05-12,2013-05-12,,not observable,Tacloban City Centre,POI 5×5,Reliability-qualified DNB-BRDF,1,G2,10.0
-179,0,0.95,,,,,,0.0,0,2013-05-13,2013-05-13,2013-05-13,,not observable,Tacloban City Centre,POI 5×5,Reliability-qualified DNB-BRDF,1,G2,10.0
-178,0,0.95,,,,,,0.0,0,2013-05-14,2013-05-14,2013-05-14,,not observable,Tacloban City Centre,POI 5×5,Reliability-qualified DNB-BRDF,1,G2,10.0
-177,0,0.95,158.34386,113.59054,139.3988,121.96149444580078,152.0068817138672,100.0,16,2013-05-15,2013-05-15,2013-05-15,9.896491050720215,observed,Tacloban City Centre,POI 5×5,Reliability-qualified DNB-BRDF,1,G2,10.0
-176,0,0.95,110.29344,113.59054,97.09738,84.95153045654297,105.87946319580078,100.0,16,2013-05-16,2013-05-16,2013-05-16,6.893340110778809,observed,Tacloban City Centre,POI 5×5,Reliability-qualified DNB-BRDF,1,G2,10.0
-175,0,0.95,104.963905,113.59054,92.4055,80.84654998779297,100.76322174072266,100.0,16,2013-05-17,2013-05-17,2013-05-17,6.560244083404541,observed,Tacloban City Centre,POI 5×5,Reliability-qualified DNB-BRDF,1,G2,10.0
-174,0,0.95,,,,,,0.0,0,2013-05-18,2013-05-18,2013-05-18,,not observable,Tacloban City Centre,POI 5×5,Reliability-qualified DNB-BRDF,1,G2,10.0
-173,0,0.95,91.502304,98.194336,93.18491,81.18914031982422,101.8379898071289,87.5,14,2013-05-19,2013-05-19,2013-05-19,6.53587886265346,observed,Tacloban City Centre,POI 5×5,Reliability-qualified DNB-BRDF,1,G2,10.0
-172,0,0.95,145.91725,100.94336,144.55359,127.63806915283203,157.397216796875,87.5,14,2013-05-20,2013-05-20,2013-05-20,10.422660827636719,observed,Tacloban City Centre,POI 5×5,Reliability-qualified DNB-BRDF,1,G2,10.0
-171,0,0.95,99.841934,98.594894,101.26481,88.52523040771484,110.9142074584961,87.5,14,2013-05-21,2013-05-21,2013-05-21,7.131566728864398,observed,Tacloban City Centre,POI 5×5,Reliability-qualified DNB-BRDF,1,G2,10.0
-170,0,0.95,91.09226,91.28468,99.789215,86.67351531982422,109.84375,81.25,13,2013-05-22,2013-05-22,2013-05-22,7.00709709754357,observed,Tacloban City Centre,POI 5×5,Reliability-qualified DNB-BRDF,1,G2,10.0
-169,0,0.95,68.75641,86.1696,79.791954,70.72320556640625,87.44087982177734,75.0,12,2013-05-23,2013-05-23,2013-05-23,5.7297007242838545,observed,Tacloban City Centre,POI 5×5,Reliability-qualified DNB-BRDF,1,G2,10.0
-168,0,0.95,,,,,,0.0,0,2013-05-24,2013-05-24,2013-05-24,,not observable,Tacloban City Centre,POI 5×5,Reliability-qualified DNB-BRDF,1,G2,10.0
-167,0,0.95,167.66559,113.59054,147.60524,129.14138793945312,160.95556640625,100.0,16,2013-05-25,2013-05-25,2013-05-25,10.47909927368164,observed,Tacloban City Centre,POI 5×5,Reliability-qualified DNB-BRDF,1,G2,10.0
-166,0,0.95,,,,,,0.0,0,2013-05-26,2013-05-26,2013-05-26,,not observable,Tacloban City Centre,POI 5×5,Reliability-qualified DNB-BRDF,1,G2,10.0
-165,0,0.95,125.86008,106.280334,118.42274,103.51464080810547,129.611572265625,93.75,15,2013-05-27,2013-05-27,2013-05-27,8.390671793619791,observed,Tacloban City Centre,POI 5×5,Reliability-qualified DNB-BRDF,1,G2,10.0
-164,0,0.95,,,,,,0.0,0,2013-05-28,2013-05-28,2013-05-28,,not observable,Tacloban City Centre,POI 5×5,Reliability-qualified DNB-BRDF,1,G2,10.0
-163,0,0.95,,,,,,0.0,0,2013-05-29,2013-05-29,2013-05-29,,not observable,Tacloban City Centre,POI 5×5,Reliability-qualified DNB-BRDF,1,G2,10.0
-162,0,0.95,,,,,,0.0,0,2013-05-30,2013-05-30,2013-05-30,,not observable,Tacloban City Centre,POI 5×5,Reliability-qualified DNB-BRDF,1,G2,10.0
-161,0,0.95,183.53723,98.20181,186.89801,162.1114959716797,202.21502685546875,87.5,14,2013-05-31,2013-05-31,2013-05-31,13.10980224609375,observed,Tacloban City Centre,POI 5×5,Reliability-qualified DNB-BRDF,1,G2,10.0
-160,0,0.95,,,,,,0.0,0,2013-06-01,2013-06-01,2013-06-01,,not observable,Tacloban City Centre,POI 5×5,Reliability-qualified DNB-BRDF,1,G2,10.0
-159,0,0.95,,,,,,0.0,0,2013-06-02,2013-06-02,2013-06-02,,not observable,Tacloban City Centre,POI 5×5,Reliability-qualified DNB-BRDF,1,G2,10.0
-158,0,0.95,,,,,,0.0,0,2013-06-03,2013-06-03,2013-06-03,,not observable,Tacloban City Centre,POI 5×5,Reliability-qualified DNB-BRDF,1,G2,10.0
-157,0,0.95,,,,,,0.0,0,2013-06-04,2013-06-04,2013-06-04,,not observable,Tacloban City Centre,POI 5×5,Reliability-qualified DNB-BRDF,1,G2,10.0
-156,0,0.95,,,,,,0.0,0,2013-06-05,2013-06-05,2013-06-05,,not observable,Tacloban City Centre,POI 5×5,Reliability-qualified DNB-BRDF,1,G2,10.0
-155,0,0.95,,,,,,0.0,0,2013-06-06,2013-06-06,2013-06-06,,not observable,Tacloban City Centre,POI 5×5,Reliability-qualified DNB-BRDF,1,G2,10.0
-154,0,0.95,,,,,,0.0,0,2013-06-07,2013-06-07,2013-06-07,,not observable,Tacloban City Centre,POI 5×5,Reliability-qualified DNB-BRDF,1,G2,10.0
-153,0,0.95,,,,,,0.0,0,2013-06-08,2013-06-08,2013-06-08,,not observable,Tacloban City Centre,POI 5×5,Reliability-qualified DNB-BRDF,1,G2,10.0
-152,0,0.95,,,,,,0.0,0,2013-06-09,2013-06-09,2013-06-09,,not observable,Tacloban City Centre,POI 5×5,Reliability-qualified DNB-BRDF,1,G2,10.0
-151,0,0.95,,,,,,0.0,0,2013-06-10,2013-06-10,2013-06-10,,not observable,Tacloban City Centre,POI 5×5,Reliability-qualified DNB-BRDF,1,G2,10.0
-150,0,0.95,,,,,,0.0,0,2013-06-11,2013-06-11,2013-06-11,,not observable,Tacloban City Centre,POI 5×5,Reliability-qualified DNB-BRDF,1,G2,10.0
-149,0,0.95,,,,,,0.0,0,2013-06-12,2013-06-12,2013-06-12,,not observable,Tacloban City Centre,POI 5×5,Reliability-qualified DNB-BRDF,1,G2,10.0
-148,0,0.95,,,,,,0.0,0,2013-06-13,2013-06-13,2013-06-13,,not observable,Tacloban City Centre,POI 5×5,Reliability-qualified DNB-BRDF,1,G2,10.0
-147,0,0.95,,,,,,0.0,0,2013-06-14,2013-06-14,2013-06-14,,not observable,Tacloban City Centre,POI 5×5,Reliability-qualified DNB-BRDF,1,G2,10.0
-146,0,0.95,,,,,,0.0,0,2013-06-15,2013-06-15,2013-06-15,,not observable,Tacloban City Centre,POI 5×5,Reliability-qualified DNB-BRDF,1,G2,10.0
-145,0,0.95,,,,,,0.0,0,2013-06-16,2013-06-16,2013-06-16,,not observable,Tacloban City Centre,POI 5×5,Reliability-qualified DNB-BRDF,1,G2,10.0
-144,0,0.95,,,,,,0.0,0,2013-06-17,2013-06-17,2013-06-17,,not observable,Tacloban City Centre,POI 5×5,Reliability-qualified DNB-BRDF,1,G2,10.0
-143,0,0.95,,,,,,0.0,0,2013-06-18,2013-06-18,2013-06-18,,not observable,Tacloban City Centre,POI 5×5,Reliability-qualified DNB-BRDF,1,G2,10.0
-142,0,0.95,,,,,,0.0,0,2013-06-19,2013-06-19,2013-06-19,,not observable,Tacloban City Centre,POI 5×5,Reliability-qualified DNB-BRDF,1,G2,10.0
-141,0,0.95,,,,,,0.0,0,2013-06-20,2013-06-20,2013-06-20,,not observable,Tacloban City Centre,POI 5×5,Reliability-qualified DNB-BRDF,1,G2,10.0
-140,0,0.95,7.0589304,13.637388,51.7616,42.67667770385742,64.8835678100586,12.5,2,2013-06-21,2013-06-21,2013-06-21,3.5294651985168457,observed,Tacloban City Centre,POI 5×5,Reliability-qualified DNB-BRDF,1,G2,10.0
-139,0,0.95,,,,,,0.0,0,2013-06-22,2013-06-22,2013-06-22,,not observable,Tacloban City Centre,POI 5×5,Reliability-qualified DNB-BRDF,1,G2,10.0
-138,0,0.95,6.704381,12.824795,52.276714,45.21839904785156,61.40478515625,12.5,2,2013-06-23,2013-06-23,2013-06-23,3.3521904945373535,observed,Tacloban City Centre,POI 5×5,Reliability-qualified DNB-BRDF,1,G2,10.0
-137,0,0.95,90.470566,86.7603,104.27646,91.39595794677734,115.22591400146484,75.0,12,2013-06-24,2013-06-24,2013-06-24,7.53921381632487,observed,Tacloban City Centre,POI 5×5,Reliability-qualified DNB-BRDF,1,G2,10.0
-136,0,0.95,,,,,,0.0,0,2013-06-25,2013-06-25,2013-06-25,,not observable,Tacloban City Centre,POI 5×5,Reliability-qualified DNB-BRDF,1,G2,10.0
-135,0,0.95,,,,,,0.0,0,2013-06-26,2013-06-26,2013-06-26,,not observable,Tacloban City Centre,POI 5×5,Reliability-qualified DNB-BRDF,1,G2,10.0
-134,0,0.95,,,,,,0.0,0,2013-06-27,2013-06-27,2013-06-27,,not observable,Tacloban City Centre,POI 5×5,Reliability-qualified DNB-BRDF,1,G2,10.0
-133,0,0.95,,,,,,0.0,0,2013-06-28,2013-06-28,2013-06-28,,not observable,Tacloban City Centre,POI 5×5,Reliability-qualified DNB-BRDF,1,G2,10.0
-132,0,0.95,,,,,,0.0,0,2013-06-29,2013-06-29,2013-06-29,,not observable,Tacloban City Centre,POI 5×5,Reliability-qualified DNB-BRDF,1,G2,10.0
-131,0,0.95,45.648468,68.034325,67.09623,60.210044860839844,71.29727172851562,56.25,9,2013-06-30,2013-06-30,2013-06-30,5.072052001953125,observed,Tacloban City Centre,POI 5×5,Reliability-qualified DNB-BRDF,1,G2,10.0
-130,0,0.95,151.70876,113.59054,133.55757,116.8509292602539,145.6373291015625,100.0,16,2013-07-01,2013-07-01,2013-07-01,9.481797218322754,observed,Tacloban City Centre,POI 5×5,Reliability-qualified DNB-BRDF,1,G2,10.0
-129,0,0.95,,,,,,0.0,0,2013-07-02,2013-07-02,2013-07-02,,not observable,Tacloban City Centre,POI 5×5,Reliability-qualified DNB-BRDF,1,G2,10.0
-128,0,0.95,116.28812,113.59054,102.374825,89.56881713867188,111.63423156738281,100.0,16,2013-07-03,2013-07-03,2013-07-03,7.268007278442383,observed,Tacloban City Centre,POI 5×5,Reliability-qualified DNB-BRDF,1,G2,10.0
-127,0,0.95,,,,,,0.0,0,2013-07-04,2013-07-04,2013-07-04,,not observable,Tacloban City Centre,POI 5×5,Reliability-qualified DNB-BRDF,1,G2,10.0
-126,0,0.95,,,,,,0.0,0,2013-07-05,2013-07-05,2013-07-05,,not observable,Tacloban City Centre,POI 5×5,Reliability-qualified DNB-BRDF,1,G2,10.0
-125,0,0.95,,,,,,0.0,0,2013-07-06,2013-07-06,2013-07-06,,not observable,Tacloban City Centre,POI 5×5,Reliability-qualified DNB-BRDF,1,G2,10.0
-124,0,0.95,,,,,,0.0,0,2013-07-07,2013-07-07,2013-07-07,,not observable,Tacloban City Centre,POI 5×5,Reliability-qualified DNB-BRDF,1,G2,10.0
-123,0,0.95,129.41885,113.59054,113.93454,99.68253326416016,124.2394790649414,100.0,16,2013-07-08,2013-07-08,2013-07-08,8.088678359985352,observed,Tacloban City Centre,POI 5×5,Reliability-qualified DNB-BRDF,1,G2,10.0
-122,0,0.95,38.089314,37.255806,102.23726,84.08296966552734,113.23258209228516,37.5,6,2013-07-09,2013-07-09,2013-07-09,6.34821891784668,observed,Tacloban City Centre,POI 5×5,Reliability-qualified DNB-BRDF,1,G2,10.0
-121,0,0.95,,,,,,0.0,0,2013-07-10,2013-07-10,2013-07-10,,not observable,Tacloban City Centre,POI 5×5,Reliability-qualified DNB-BRDF,1,G2,10.0
-120,0,0.95,,,,,,0.0,0,2013-07-11,2013-07-11,2013-07-11,,not observable,Tacloban City Centre,POI 5×5,Reliability-qualified DNB-BRDF,1,G2,10.0
-119,0,0.95,,,,,,0.0,0,2013-07-12,2013-07-12,2013-07-12,,not observable,Tacloban City Centre,POI 5×5,Reliability-qualified DNB-BRDF,1,G2,10.0
-118,0,0.95,,,,,,0.0,0,2013-07-13,2013-07-13,2013-07-13,,not observable,Tacloban City Centre,POI 5×5,Reliability-qualified DNB-BRDF,1,G2,10.0
-117,0,0.95,,,,,,0.0,0,2013-07-14,2013-07-14,2013-07-14,,not observable,Tacloban City Centre,POI 5×5,Reliability-qualified DNB-BRDF,1,G2,10.0
-116,0,0.95,,,,,,0.0,0,2013-07-15,2013-07-15,2013-07-15,,not observable,Tacloban City Centre,POI 5×5,Reliability-qualified DNB-BRDF,1,G2,10.0
-115,0,0.95,,,,,,0.0,0,2013-07-16,2013-07-16,2013-07-16,,not observable,Tacloban City Centre,POI 5×5,Reliability-qualified DNB-BRDF,1,G2,10.0
-114,0,0.95,38.974037,113.59054,34.31099,30.0190486907959,37.414283752441406,100.0,16,2013-07-17,2013-07-17,2013-07-17,2.4358773231506348,observed,Tacloban City Centre,POI 5×5,Reliability-qualified DNB-BRDF,1,G2,10.0
-113,0,0.95,109.026276,91.09707,119.681435,103.99699401855469,131.7952423095703,81.25,13,2013-07-18,2013-07-18,2013-07-18,8.386636587289663,observed,Tacloban City Centre,POI 5×5,Reliability-qualified DNB-BRDF,1,G2,10.0
-112,0,0.95,,,,,,0.0,0,2013-07-19,2013-07-19,2013-07-19,,not observable,Tacloban City Centre,POI 5×5,Reliability-qualified DNB-BRDF,1,G2,10.0
-111,0,0.95,117.44789,85.98198,136.59593,120.38813781738281,149.3879852294922,75.0,12,2013-07-20,2013-07-20,2013-07-20,9.78732426961263,observed,Tacloban City Centre,POI 5×5,Reliability-qualified DNB-BRDF,1,G2,10.0
-110,0,0.95,,,,,,0.0,0,2013-07-21,2013-07-21,2013-07-21,,not observable,Tacloban City Centre,POI 5×5,Reliability-qualified DNB-BRDF,1,G2,10.0
-109,0,0.95,,,,,,0.0,0,2013-07-22,2013-07-22,2013-07-22,,not observable,Tacloban City Centre,POI 5×5,Reliability-qualified DNB-BRDF,1,G2,10.0
-108,0,0.95,,,,,,0.0,0,2013-07-23,2013-07-23,2013-07-23,,not observable,Tacloban City Centre,POI 5×5,Reliability-qualified DNB-BRDF,1,G2,10.0
-107,0,0.95,,,,,,0.0,0,2013-07-24,2013-07-24,2013-07-24,,not observable,Tacloban City Centre,POI 5×5,Reliability-qualified DNB-BRDF,1,G2,10.0
-106,0,0.95,,,,,,0.0,0,2013-07-25,2013-07-25,2013-07-25,,not observable,Tacloban City Centre,POI 5×5,Reliability-qualified DNB-BRDF,1,G2,10.0
-105,0,0.95,,,,,,0.0,0,2013-07-26,2013-07-26,2013-07-26,,not observable,Tacloban City Centre,POI 5×5,Reliability-qualified DNB-BRDF,1,G2,10.0
-104,0,0.95,,,,,,0.0,0,2013-07-27,2013-07-27,2013-07-27,,not observable,Tacloban City Centre,POI 5×5,Reliability-qualified DNB-BRDF,1,G2,10.0
-103,0,0.95,,,,,,0.0,0,2013-07-28,2013-07-28,2013-07-28,,not observable,Tacloban City Centre,POI 5×5,Reliability-qualified DNB-BRDF,1,G2,10.0
-102,0,0.95,,,,,,0.0,0,2013-07-29,2013-07-29,2013-07-29,,not observable,Tacloban City Centre,POI 5×5,Reliability-qualified DNB-BRDF,1,G2,10.0
-101,0,0.95,,,,,,0.0,0,2013-07-30,2013-07-30,2013-07-30,,not observable,Tacloban City Centre,POI 5×5,Reliability-qualified DNB-BRDF,1,G2,10.0
-100,0,0.95,,,,,,0.0,0,2013-07-31,2013-07-31,2013-07-31,,not observable,Tacloban City Centre,POI 5×5,Reliability-qualified DNB-BRDF,1,G2,10.0
-99,0,0.95,,,,,,0.0,0,2013-08-01,2013-08-01,2013-08-01,,not observable,Tacloban City Centre,POI 5×5,Reliability-qualified DNB-BRDF,1,G2,10.0
-98,0,0.95,,,,,,0.0,0,2013-08-02,2013-08-02,2013-08-02,,not observable,Tacloban City Centre,POI 5×5,Reliability-qualified DNB-BRDF,1,G2,10.0
-97,0,0.95,,,,,,0.0,0,2013-08-03,2013-08-03,2013-08-03,,not observable,Tacloban City Centre,POI 5×5,Reliability-qualified DNB-BRDF,1,G2,10.0
-96,0,0.95,,,,,,0.0,0,2013-08-04,2013-08-04,2013-08-04,,not observable,Tacloban City Centre,POI 5×5,Reliability-qualified DNB-BRDF,1,G2,10.0
-95,0,0.95,,,,,,0.0,0,2013-08-05,2013-08-05,2013-08-05,,not observable,Tacloban City Centre,POI 5×5,Reliability-qualified DNB-BRDF,1,G2,10.0
-94,0,0.95,,,,,,0.0,0,2013-08-06,2013-08-06,2013-08-06,,not observable,Tacloban City Centre,POI 5×5,Reliability-qualified DNB-BRDF,1,G2,10.0
-93,0,0.95,,,,,,0.0,0,2013-08-07,2013-08-07,2013-08-07,,not observable,Tacloban City Centre,POI 5×5,Reliability-qualified DNB-BRDF,1,G2,10.0
-92,0,0.95,,,,,,0.0,0,2013-08-08,2013-08-08,2013-08-08,,not observable,Tacloban City Centre,POI 5×5,Reliability-qualified DNB-BRDF,1,G2,10.0
-91,0,0.95,,,,,,0.0,0,2013-08-09,2013-08-09,2013-08-09,,not observable,Tacloban City Centre,POI 5×5,Reliability-qualified DNB-BRDF,1,G2,10.0
-90,0,0.95,,,,,,0.0,0,2013-08-10,2013-08-10,2013-08-10,,not observable,Tacloban City Centre,POI 5×5,Reliability-qualified DNB-BRDF,1,G2,10.0
-89,0,0.95,,,,,,0.0,0,2013-08-11,2013-08-11,2013-08-11,,not observable,Tacloban City Centre,POI 5×5,Reliability-qualified DNB-BRDF,1,G2,10.0
-88,0,0.95,,,,,,0.0,0,2013-08-12,2013-08-12,2013-08-12,,not observable,Tacloban City Centre,POI 5×5,Reliability-qualified DNB-BRDF,1,G2,10.0
-87,0,0.95,,,,,,0.0,0,2013-08-13,2013-08-13,2013-08-13,,not observable,Tacloban City Centre,POI 5×5,Reliability-qualified DNB-BRDF,1,G2,10.0
-86,0,0.95,,,,,,0.0,0,2013-08-14,2013-08-14,2013-08-14,,not observable,Tacloban City Centre,POI 5×5,Reliability-qualified DNB-BRDF,1,G2,10.0
-85,0,0.95,,,,,,0.0,0,2013-08-15,2013-08-15,2013-08-15,,not observable,Tacloban City Centre,POI 5×5,Reliability-qualified DNB-BRDF,1,G2,10.0
-84,0,0.95,,,,,,0.0,0,2013-08-16,2013-08-16,2013-08-16,,not observable,Tacloban City Centre,POI 5×5,Reliability-qualified DNB-BRDF,1,G2,10.0
-83,0,0.95,,,,,,0.0,0,2013-08-17,2013-08-17,2013-08-17,,not observable,Tacloban City Centre,POI 5×5,Reliability-qualified DNB-BRDF,1,G2,10.0
-82,0,0.95,,,,,,0.0,0,2013-08-18,2013-08-18,2013-08-18,,not observable,Tacloban City Centre,POI 5×5,Reliability-qualified DNB-BRDF,1,G2,10.0
-81,0,0.95,,,,,,0.0,0,2013-08-19,2013-08-19,2013-08-19,,not observable,Tacloban City Centre,POI 5×5,Reliability-qualified DNB-BRDF,1,G2,10.0
-80,0,0.95,,,,,,0.0,0,2013-08-20,2013-08-20,2013-08-20,,not observable,Tacloban City Centre,POI 5×5,Reliability-qualified DNB-BRDF,1,G2,10.0
-79,0,0.95,,,,,,0.0,0,2013-08-21,2013-08-21,2013-08-21,,not observable,Tacloban City Centre,POI 5×5,Reliability-qualified DNB-BRDF,1,G2,10.0
-78,0,0.95,,,,,,0.0,0,2013-08-22,2013-08-22,2013-08-22,,not observable,Tacloban City Centre,POI 5×5,Reliability-qualified DNB-BRDF,1,G2,10.0
-77,0,0.95,,,,,,0.0,0,2013-08-23,2013-08-23,2013-08-23,,not observable,Tacloban City Centre,POI 5×5,Reliability-qualified DNB-BRDF,1,G2,10.0
-76,0,0.95,,,,,,0.0,0,2013-08-24,2013-08-24,2013-08-24,,not observable,Tacloban City Centre,POI 5×5,Reliability-qualified DNB-BRDF,1,G2,10.0
-75,0,0.95,,,,,,0.0,0,2013-08-25,2013-08-25,2013-08-25,,not observable,Tacloban City Centre,POI 5×5,Reliability-qualified DNB-BRDF,1,G2,10.0
-74,0,0.95,,,,,,0.0,0,2013-08-26,2013-08-26,2013-08-26,,not observable,Tacloban City Centre,POI 5×5,Reliability-qualified DNB-BRDF,1,G2,10.0
-73,0,0.95,,,,,,0.0,0,2013-08-27,2013-08-27,2013-08-27,,not observable,Tacloban City Centre,POI 5×5,Reliability-qualified DNB-BRDF,1,G2,10.0
-72,0,0.95,80.60131,86.19609,93.50924,82.20537567138672,101.5684814453125,75.0,12,2013-08-28,2013-08-28,2013-08-28,6.716775894165039,observed,Tacloban City Centre,POI 5×5,Reliability-qualified DNB-BRDF,1,G2,10.0
-71,0,0.95,,,,,,0.0,0,2013-08-29,2013-08-29,2013-08-29,,not observable,Tacloban City Centre,POI 5×5,Reliability-qualified DNB-BRDF,1,G2,10.0
-70,0,0.95,45.69481,33.1542,137.82509,118.01728820800781,149.8723602294922,31.25,5,2013-08-30,2013-08-30,2013-08-30,9.138961791992188,observed,Tacloban City Centre,POI 5×5,Reliability-qualified DNB-BRDF,1,G2,10.0
-69,0,0.95,114.662796,113.59054,100.94396,88.31694030761719,110.0739517211914,100.0,16,2013-08-31,2013-08-31,2013-08-31,7.166424751281738,observed,Tacloban City Centre,POI 5×5,Reliability-qualified DNB-BRDF,1,G2,10.0
-68,0,0.95,93.628815,101.165245,92.55038,82.05268859863281,100.79056549072266,87.5,14,2013-09-01,2013-09-01,2013-09-01,6.687772478376116,observed,Tacloban City Centre,POI 5×5,Reliability-qualified DNB-BRDF,1,G2,10.0
-67,0,0.95,102.40574,113.59054,90.15341,78.87617492675781,98.30743408203125,100.0,16,2013-09-02,2013-09-02,2013-09-02,6.4003586769104,observed,Tacloban City Centre,POI 5×5,Reliability-qualified DNB-BRDF,1,G2,10.0
-66,0,0.95,138.63889,113.59054,122.05144,106.78409576416016,133.09051513671875,100.0,16,2013-09-03,2013-09-03,2013-09-03,8.66493034362793,observed,Tacloban City Centre,POI 5×5,Reliability-qualified DNB-BRDF,1,G2,10.0
-65,0,0.95,13.836584,14.995647,92.27067,81.1651611328125,97.77400207519531,12.5,2,2013-09-04,2013-09-04,2013-09-04,6.918292045593262,observed,Tacloban City Centre,POI 5×5,Reliability-qualified DNB-BRDF,1,G2,10.0
-64,0,0.95,118.22789,113.59054,104.08252,91.06289672851562,113.49637603759766,100.0,16,2013-09-05,2013-09-05,2013-09-05,7.389243125915527,observed,Tacloban City Centre,POI 5×5,Reliability-qualified DNB-BRDF,1,G2,10.0
-63,0,0.95,,,,,,0.0,0,2013-09-06,2013-09-06,2013-09-06,,not observable,Tacloban City Centre,POI 5×5,Reliability-qualified DNB-BRDF,1,G2,10.0
-62,0,0.95,,,,,,0.0,0,2013-09-07,2013-09-07,2013-09-07,,not observable,Tacloban City Centre,POI 5×5,Reliability-qualified DNB-BRDF,1,G2,10.0
-61,0,0.95,,,,,,0.0,0,2013-09-08,2013-09-08,2013-09-08,,not observable,Tacloban City Centre,POI 5×5,Reliability-qualified DNB-BRDF,1,G2,10.0
-60,0,0.95,,,,,,0.0,0,2013-09-09,2013-09-09,2013-09-09,,not observable,Tacloban City Centre,POI 5×5,Reliability-qualified DNB-BRDF,1,G2,10.0
-59,0,0.95,,,,,,0.0,0,2013-09-10,2013-09-10,2013-09-10,,not observable,Tacloban City Centre,POI 5×5,Reliability-qualified DNB-BRDF,1,G2,10.0
-58,0,0.95,,,,,,0.0,0,2013-09-11,2013-09-11,2013-09-11,,not observable,Tacloban City Centre,POI 5×5,Reliability-qualified DNB-BRDF,1,G2,10.0
-57,0,0.95,,,,,,0.0,0,2013-09-12,2013-09-12,2013-09-12,,not observable,Tacloban City Centre,POI 5×5,Reliability-qualified DNB-BRDF,1,G2,10.0
-56,0,0.95,105.60794,113.59054,92.97248,81.34260559082031,101.38147735595703,100.0,16,2013-09-13,2013-09-13,2013-09-13,6.600496292114258,observed,Tacloban City Centre,POI 5×5,Reliability-qualified DNB-BRDF,1,G2,10.0
-55,0,0.95,,,,,,0.0,0,2013-09-14,2013-09-14,2013-09-14,,not observable,Tacloban City Centre,POI 5×5,Reliability-qualified DNB-BRDF,1,G2,10.0
-54,0,0.95,,,,,,0.0,0,2013-09-15,2013-09-15,2013-09-15,,not observable,Tacloban City Centre,POI 5×5,Reliability-qualified DNB-BRDF,1,G2,10.0
-53,0,0.95,,,,,,0.0,0,2013-09-16,2013-09-16,2013-09-16,,not observable,Tacloban City Centre,POI 5×5,Reliability-qualified DNB-BRDF,1,G2,10.0
-52,0,0.95,,,,,,0.0,0,2013-09-17,2013-09-17,2013-09-17,,not observable,Tacloban City Centre,POI 5×5,Reliability-qualified DNB-BRDF,1,G2,10.0
-51,0,0.95,,,,,,0.0,0,2013-09-18,2013-09-18,2013-09-18,,not observable,Tacloban City Centre,POI 5×5,Reliability-qualified DNB-BRDF,1,G2,10.0
-50,0,0.95,,,,,,0.0,0,2013-09-19,2013-09-19,2013-09-19,,not observable,Tacloban City Centre,POI 5×5,Reliability-qualified DNB-BRDF,1,G2,10.0
-49,0,0.95,,,,,,0.0,0,2013-09-20,2013-09-20,2013-09-20,,not observable,Tacloban City Centre,POI 5×5,Reliability-qualified DNB-BRDF,1,G2,10.0
-48,0,0.95,,,,,,0.0,0,2013-09-21,2013-09-21,2013-09-21,,not observable,Tacloban City Centre,POI 5×5,Reliability-qualified DNB-BRDF,1,G2,10.0
-47,0,0.95,,,,,,0.0,0,2013-09-22,2013-09-22,2013-09-22,,not observable,Tacloban City Centre,POI 5×5,Reliability-qualified DNB-BRDF,1,G2,10.0
-46,0,0.95,,,,,,0.0,0,2013-09-23,2013-09-23,2013-09-23,,not observable,Tacloban City Centre,POI 5×5,Reliability-qualified DNB-BRDF,1,G2,10.0
-45,0,0.95,,,,,,0.0,0,2013-09-24,2013-09-24,2013-09-24,,not observable,Tacloban City Centre,POI 5×5,Reliability-qualified DNB-BRDF,1,G2,10.0
-44,0,0.95,,,,,,0.0,0,2013-09-25,2013-09-25,2013-09-25,,not observable,Tacloban City Centre,POI 5×5,Reliability-qualified DNB-BRDF,1,G2,10.0
-43,0,0.95,,,,,,0.0,0,2013-09-26,2013-09-26,2013-09-26,,not observable,Tacloban City Centre,POI 5×5,Reliability-qualified DNB-BRDF,1,G2,10.0
-42,0,0.95,102.47139,91.472305,112.02449,97.24211883544922,123.64799499511719,81.25,13,2013-09-27,2013-09-27,2013-09-27,7.88241459773137,observed,Tacloban City Centre,POI 5×5,Reliability-qualified DNB-BRDF,1,G2,10.0
-41,0,0.95,,,,,,0.0,0,2013-09-28,2013-09-28,2013-09-28,,not observable,Tacloban City Centre,POI 5×5,Reliability-qualified DNB-BRDF,1,G2,10.0
-40,0,0.95,,,,,,0.0,0,2013-09-29,2013-09-29,2013-09-29,,not observable,Tacloban City Centre,POI 5×5,Reliability-qualified DNB-BRDF,1,G2,10.0
-39,0,0.95,,,,,,0.0,0,2013-09-30,2013-09-30,2013-09-30,,not observable,Tacloban City Centre,POI 5×5,Reliability-qualified DNB-BRDF,1,G2,10.0
-38,0,0.95,,,,,,0.0,0,2013-10-01,2013-10-01,2013-10-01,,not observable,Tacloban City Centre,POI 5×5,Reliability-qualified DNB-BRDF,1,G2,10.0
-37,0,0.95,,,,,,0.0,0,2013-10-02,2013-10-02,2013-10-02,,not observable,Tacloban City Centre,POI 5×5,Reliability-qualified DNB-BRDF,1,G2,10.0
-36,0,0.95,,,,,,0.0,0,2013-10-03,2013-10-03,2013-10-03,,not observable,Tacloban City Centre,POI 5×5,Reliability-qualified DNB-BRDF,1,G2,10.0
-35,0,0.95,,,,,,0.0,0,2013-10-04,2013-10-04,2013-10-04,,not observable,Tacloban City Centre,POI 5×5,Reliability-qualified DNB-BRDF,1,G2,10.0
-34,0,0.95,,,,,,0.0,0,2013-10-05,2013-10-05,2013-10-05,,not observable,Tacloban City Centre,POI 5×5,Reliability-qualified DNB-BRDF,1,G2,10.0
-33,0,0.95,129.95514,93.85504,138.46367,122.11222076416016,151.45208740234375,81.25,13,2013-10-06,2013-10-06,2013-10-06,9.996549166165865,observed,Tacloban City Centre,POI 5×5,Reliability-qualified DNB-BRDF,1,G2,10.0
-32,0,0.95,,,,,,0.0,0,2013-10-07,2013-10-07,2013-10-07,,not observable,Tacloban City Centre,POI 5×5,Reliability-qualified DNB-BRDF,1,G2,10.0
-31,0,0.95,,,,,,0.0,0,2013-10-08,2013-10-08,2013-10-08,,not observable,Tacloban City Centre,POI 5×5,Reliability-qualified DNB-BRDF,1,G2,10.0
-30,0,0.95,,,,,,0.0,0,2013-10-09,2013-10-09,2013-10-09,,not observable,Tacloban City Centre,POI 5×5,Reliability-qualified DNB-BRDF,1,G2,10.0
-29,0,0.95,,,,,,0.0,0,2013-10-10,2013-10-10,2013-10-10,,not observable,Tacloban City Centre,POI 5×5,Reliability-qualified DNB-BRDF,1,G2,10.0
-28,0,0.95,,,,,,0.0,0,2013-10-11,2013-10-11,2013-10-11,,not observable,Tacloban City Centre,POI 5×5,Reliability-qualified DNB-BRDF,1,G2,10.0
-27,0,0.95,,,,,,0.0,0,2013-10-12,2013-10-12,2013-10-12,,not observable,Tacloban City Centre,POI 5×5,Reliability-qualified DNB-BRDF,1,G2,10.0
-26,0,0.95,102.9395,113.59054,90.62331,79.28729248046875,98.81983184814453,100.0,16,2013-10-13,2013-10-13,2013-10-13,6.433718681335449,observed,Tacloban City Centre,POI 5×5,Reliability-qualified DNB-BRDF,1,G2,10.0
-25,0,0.95,,,,,,0.0,0,2013-10-14,2013-10-14,2013-10-14,,not observable,Tacloban City Centre,POI 5×5,Reliability-qualified DNB-BRDF,1,G2,10.0
-24,0,0.95,,,,,,0.0,0,2013-10-15,2013-10-15,2013-10-15,,not observable,Tacloban City Centre,POI 5×5,Reliability-qualified DNB-BRDF,1,G2,10.0
-23,0,0.95,86.151054,76.101425,113.205574,97.80126190185547,125.81395721435547,68.75,11,2013-10-16,2013-10-16,2013-10-16,7.831914034756747,observed,Tacloban City Centre,POI 5×5,Reliability-qualified DNB-BRDF,1,G2,10.0
-22,0,0.95,95.33846,94.592606,100.7885,89.45511627197266,107.48379516601562,81.25,13,2013-10-17,2013-10-17,2013-10-17,7.33372790996845,observed,Tacloban City Centre,POI 5×5,Reliability-qualified DNB-BRDF,1,G2,10.0
-21,0,0.95,96.432625,100.76575,95.69981,83.85127258300781,103.41241455078125,87.5,14,2013-10-18,2013-10-18,2013-10-18,6.8880446297781805,observed,Tacloban City Centre,POI 5×5,Reliability-qualified DNB-BRDF,1,G2,10.0
-20,0,0.95,,,,,,0.0,0,2013-10-19,2013-10-19,2013-10-19,,not observable,Tacloban City Centre,POI 5×5,Reliability-qualified DNB-BRDF,1,G2,10.0
-19,0,0.95,,,,,,0.0,0,2013-10-20,2013-10-20,2013-10-20,,not observable,Tacloban City Centre,POI 5×5,Reliability-qualified DNB-BRDF,1,G2,10.0
-18,0,0.95,,,,,,0.0,0,2013-10-21,2013-10-21,2013-10-21,,not observable,Tacloban City Centre,POI 5×5,Reliability-qualified DNB-BRDF,1,G2,10.0
-17,0,0.95,,,,,,0.0,0,2013-10-22,2013-10-22,2013-10-22,,not observable,Tacloban City Centre,POI 5×5,Reliability-qualified DNB-BRDF,1,G2,10.0
-16,0,0.95,,,,,,0.0,0,2013-10-23,2013-10-23,2013-10-23,,not observable,Tacloban City Centre,POI 5×5,Reliability-qualified DNB-BRDF,1,G2,10.0
-15,0,0.95,,,,,,0.0,0,2013-10-24,2013-10-24,2013-10-24,,not observable,Tacloban City Centre,POI 5×5,Reliability-qualified DNB-BRDF,1,G2,10.0
-14,0,0.95,,,,,,0.0,0,2013-10-25,2013-10-25,2013-10-25,,not observable,Tacloban City Centre,POI 5×5,Reliability-qualified DNB-BRDF,1,G2,10.0
-13,0,0.95,,,,,,0.0,0,2013-10-26,2013-10-26,2013-10-26,,not observable,Tacloban City Centre,POI 5×5,Reliability-qualified DNB-BRDF,1,G2,10.0
-12,0,0.95,,,,,,0.0,0,2013-10-27,2013-10-27,2013-10-27,,not observable,Tacloban City Centre,POI 5×5,Reliability-qualified DNB-BRDF,1,G2,10.0
-11,0,0.95,21.694767,29.945602,72.44726,58.13966369628906,82.09834289550781,31.25,5,2013-10-28,2013-10-28,2013-10-28,4.3389533996582035,observed,Tacloban City Centre,POI 5×5,Reliability-qualified DNB-BRDF,1,G2,10.0
-10,0,0.95,,,,,,0.0,0,2013-10-29,2013-10-29,2013-10-29,,not observable,Tacloban City Centre,POI 5×5,Reliability-qualified DNB-BRDF,1,G2,10.0
-9,0,0.95,,,,,,0.0,0,2013-10-30,2013-10-30,2013-10-30,,not observable,Tacloban City Centre,POI 5×5,Reliability-qualified DNB-BRDF,1,G2,10.0
-8,0,0.95,128.06305,113.59054,112.740944,98.63824462890625,122.93792724609375,100.0,16,2013-10-31,2013-10-31,2013-10-31,8.00394058227539,observed,Tacloban City Centre,POI 5×5,Reliability-qualified DNB-BRDF,1,G2,10.0
-7,0,0.95,10.225693,14.995647,68.19107,59.98373031616211,72.25821685791016,12.5,2,2013-11-01,2013-11-01,2013-11-01,5.112846374511719,observed,Tacloban City Centre,POI 5×5,Reliability-qualified DNB-BRDF,1,G2,10.0
-6,0,0.95,,,,,,0.0,0,2013-11-02,2013-11-02,2013-11-02,,not observable,Tacloban City Centre,POI 5×5,Reliability-qualified DNB-BRDF,1,G2,10.0
-5,0,0.95,,,,,,0.0,0,2013-11-03,2013-11-03,2013-11-03,,not observable,Tacloban City Centre,POI 5×5,Reliability-qualified DNB-BRDF,1,G2,10.0
-4,0,0.95,,,,,,0.0,0,2013-11-04,2013-11-04,2013-11-04,,not observable,Tacloban City Centre,POI 5×5,Reliability-qualified DNB-BRDF,1,G2,10.0
-3,0,0.95,,,,,,0.0,0,2013-11-05,2013-11-05,2013-11-05,,not observable,Tacloban City Centre,POI 5×5,Reliability-qualified DNB-BRDF,1,G2,10.0
-2,0,0.95,,,,,,0.0,0,2013-11-06,2013-11-06,2013-11-06,,not observable,Tacloban City Centre,POI 5×5,Reliability-qualified DNB-BRDF,1,G2,10.0
-1,0,0.95,,,,,,0.0,0,2013-11-07,2013-11-07,2013-11-07,,not observable,Tacloban City Centre,POI 5×5,Reliability-qualified DNB-BRDF,1,G2,10.0
0,0,0.95,,,,,,0.0,0,2013-11-08,2013-11-08,2013-11-08,,not observable,Tacloban City Centre,POI 5×5,Reliability-qualified DNB-BRDF,1,G2,10.0
1,0,0.95,5.432803,98.594894,5.5102277,4.817015647888184,6.035290241241455,87.5,14,2013-11-09,2013-11-09,2013-11-09,0.3880573681422642,observed,Tacloban City Centre,POI 5×5,Reliability-qualified DNB-BRDF,1,G2,10.0
2,0,0.95,4.261403,66.09537,6.4473553,5.666569709777832,6.921407699584961,56.25,9,2013-11-10,2013-11-10,2013-11-10,0.4734892315334744,observed,Tacloban City Centre,POI 5×5,Reliability-qualified DNB-BRDF,1,G2,10.0
3,0,0.95,,,,,,0.0,0,2013-11-11,2013-11-11,2013-11-11,,not observable,Tacloban City Centre,POI 5×5,Reliability-qualified DNB-BRDF,1,G2,10.0
4,0,0.95,8.631756,38.246014,22.569035,18.62399673461914,26.21200180053711,37.5,6,2013-11-12,2013-11-12,2013-11-12,1.438625971476237,observed,Tacloban City Centre,POI 5×5,Reliability-qualified DNB-BRDF,1,G2,10.0
5,0,0.95,2.059074,22.260159,9.250042,7.1425299644470215,10.648346900939941,25.0,4,2013-11-13,2013-11-13,2013-11-13,0.5147684812545776,observed,Tacloban City Centre,POI 5×5,Reliability-qualified DNB-BRDF,1,G2,10.0
6,0,0.95,1.3476353,22.260159,6.0540233,4.674686431884766,6.9691948890686035,25.0,4,2013-11-14,2013-11-14,2013-11-14,0.33690881729125977,observed,Tacloban City Centre,POI 5×5,Reliability-qualified DNB-BRDF,1,G2,10.0
7,0,0.95,1.4009355,22.260159,6.293466,4.859574794769287,7.244833469390869,25.0,4,2013-11-15,2013-11-15,2013-11-15,0.35023388266563416,observed,Tacloban City Centre,POI 5×5,Reliability-qualified DNB-BRDF,1,G2,10.0
8,0,0.95,6.627702,25.223593,26.275805,22.30058479309082,30.87239646911621,25.0,4,2013-11-16,2013-11-16,2013-11-16,1.6569255590438843,observed,Tacloban City Centre,POI 5×5,Reliability-qualified DNB-BRDF,1,G2,10.0
9,0,0.95,2.6397662,31.918829,8.270247,7.070645809173584,9.024709701538086,31.25,5,2013-11-17,2013-11-17,2013-11-17,0.5279532432556152,observed,Tacloban City Centre,POI 5×5,Reliability-qualified DNB-BRDF,1,G2,10.0
10,0,0.95,10.387863,60.30319,17.22606,14.543883323669434,18.875242233276367,56.25,9,2013-11-18,2013-11-18,2013-11-18,1.154207017686632,observed,Tacloban City Centre,POI 5×5,Reliability-qualified DNB-BRDF,1,G2,10.0
11,0,0.95,,,,,,0.0,0,2013-11-19,2013-11-19,2013-11-19,,not observable,Tacloban City Centre,POI 5×5,Reliability-qualified DNB-BRDF,1,G2,10.0
12,0,0.95,,,,,,0.0,0,2013-11-20,2013-11-20,2013-11-20,,not observable,Tacloban City Centre,POI 5×5,Reliability-qualified DNB-BRDF,1,G2,10.0
13,0,0.95,,,,,,0.0,0,2013-11-21,2013-11-21,2013-11-21,,not observable,Tacloban City Centre,POI 5×5,Reliability-qualified DNB-BRDF,1,G2,10.0
14,0,0.95,,,,,,0.0,0,2013-11-22,2013-11-22,2013-11-22,,not observable,Tacloban City Centre,POI 5×5,Reliability-qualified DNB-BRDF,1,G2,10.0
15,0,0.95,,,,,,0.0,0,2013-11-23,2013-11-23,2013-11-23,,not observable,Tacloban City Centre,POI 5×5,Reliability-qualified DNB-BRDF,1,G2,10.0
16,0,0.95,,,,,,0.0,0,2013-11-24,2013-11-24,2013-11-24,,not observable,Tacloban City Centre,POI 5×5,Reliability-qualified DNB-BRDF,1,G2,10.0
17,0,0.95,,,,,,0.0,0,2013-11-25,2013-11-25,2013-11-25,,not observable,Tacloban City Centre,POI 5×5,Reliability-qualified DNB-BRDF,1,G2,10.0
18,0,0.95,,,,,,0.0,0,2013-11-26,2013-11-26,2013-11-26,,not observable,Tacloban City Centre,POI 5×5,Reliability-qualified DNB-BRDF,1,G2,10.0
19,0,0.95,,,,,,0.0,0,2013-11-27,2013-11-27,2013-11-27,,not observable,Tacloban City Centre,POI 5×5,Reliability-qualified DNB-BRDF,1,G2,10.0
20,0,0.95,,,,,,0.0,0,2013-11-28,2013-11-28,2013-11-28,,not observable,Tacloban City Centre,POI 5×5,Reliability-qualified DNB-BRDF,1,G2,10.0
21,0,0.95,24.59667,113.59054,21.653801,18.945140838623047,23.6123046875,100.0,16,2013-11-29,2013-11-29,2013-11-29,1.5372918844223022,observed,Tacloban City Centre,POI 5×5,Reliability-qualified DNB-BRDF,1,G2,10.0
22,0,0.95,10.167645,71.17395,14.285627,12.594564437866211,15.774736404418945,62.5,10,2013-11-30,2013-11-30,2013-11-30,1.0167645454406737,observed,Tacloban City Centre,POI 5×5,Reliability-qualified DNB-BRDF,1,G2,10.0
23,0,0.95,,,,,,0.0,0,2013-12-01,2013-12-01,2013-12-01,,not observable,Tacloban City Centre,POI 5×5,Reliability-qualified DNB-BRDF,1,G2,10.0
24,0,0.95,2.6310627,20.332626,12.940103,10.578438758850098,14.20217227935791,18.75,3,2013-12-02,2013-12-02,2013-12-02,0.8770209153493246,observed,Tacloban City Centre,POI 5×5,Reliability-qualified DNB-BRDF,1,G2,10.0
25,0,0.95,62.43372,113.59054,54.96384,48.088443756103516,59.93510437011719,100.0,16,2013-12-03,2013-12-03,2013-12-03,3.9021074771881104,observed,Tacloban City Centre,POI 5×5,Reliability-qualified DNB-BRDF,1,G2,10.0
26,0,0.95,15.09827,113.59054,13.291838,11.629169464111328,14.494032859802246,100.0,16,2013-12-04,2013-12-04,2013-12-04,0.9436419010162354,observed,Tacloban City Centre,POI 5×5,Reliability-qualified DNB-BRDF,1,G2,10.0
27,0,0.95,,,,,,0.0,0,2013-12-05,2013-12-05,2013-12-05,,not observable,Tacloban City Centre,POI 5×5,Reliability-qualified DNB-BRDF,1,G2,10.0
28,0,0.95,5.2315817,40.40686,12.94726,11.195303916931152,14.65422534942627,37.5,6,2013-12-06,2013-12-06,2013-12-06,0.8719302813212076,observed,Tacloban City Centre,POI 5×5,Reliability-qualified DNB-BRDF,1,G2,10.0
29,0,0.95,13.238218,60.115566,22.02128,18.728456497192383,24.10855484008789,56.25,9,2013-12-07,2013-12-07,2013-12-07,1.4709131452772353,observed,Tacloban City Centre,POI 5×5,Reliability-qualified DNB-BRDF,1,G2,10.0
30,0,0.95,43.18484,113.59054,38.01799,33.2623405456543,41.45656967163086,100.0,16,2013-12-08,2013-12-08,2013-12-08,2.699052572250366,observed,Tacloban City Centre,POI 5×5,Reliability-qualified DNB-BRDF,1,G2,10.0
31,0,0.95,,,,,,0.0,0,2013-12-09,2013-12-09,2013-12-09,,not observable,Tacloban City Centre,POI 5×5,Reliability-qualified DNB-BRDF,1,G2,10.0
32,0,0.95,,,,,,0.0,0,2013-12-10,2013-12-10,2013-12-10,,not observable,Tacloban City Centre,POI 5×5,Reliability-qualified DNB-BRDF,1,G2,10.0
33,0,0.95,19.484604,113.59054,17.15337,15.007664680480957,18.704824447631836,100.0,16,2013-12-11,2013-12-11,2013-12-11,1.217787742614746,observed,Tacloban City Centre,POI 5×5,Reliability-qualified DNB-BRDF,1,G2,10.0
34,0,0.95,,,,,,0.0,0,2013-12-12,2013-12-12,2013-12-12,,not observable,Tacloban City Centre,POI 5×5,Reliability-qualified DNB-BRDF,1,G2,10.0
35,0,0.95,57.267677,89.357155,64.08852,56.93580627441406,69.71726989746094,75.0,12,2013-12-13,2013-12-13,2013-12-13,4.772306442260742,observed,Tacloban City Centre,POI 5×5,Reliability-qualified DNB-BRDF,1,G2,10.0
36,0,0.95,,,,,,0.0,0,2013-12-14,2013-12-14,2013-12-14,,not observable,Tacloban City Centre,POI 5×5,Reliability-qualified DNB-BRDF,1,G2,10.0
37,0,0.95,,,,,,0.0,0,2013-12-15,2013-12-15,2013-12-15,,not observable,Tacloban City Centre,POI 5×5,Reliability-qualified DNB-BRDF,1,G2,10.0
38,0,0.95,,,,,,0.0,0,2013-12-16,2013-12-16,2013-12-16,,not observable,Tacloban City Centre,POI 5×5,Reliability-qualified DNB-BRDF,1,G2,10.0
39,0,0.95,19.91415,83.786865,23.767628,20.489381790161133,26.253557205200195,75.0,12,2013-12-17,2013-12-17,2013-12-17,1.6595125198364258,observed,Tacloban City Centre,POI 5×5,Reliability-qualified DNB-BRDF,1,G2,10.0
40,0,0.95,,,,,,0.0,0,2013-12-18,2013-12-18,2013-12-18,,not observable,Tacloban City Centre,POI 5×5,Reliability-qualified DNB-BRDF,1,G2,10.0
41,0,0.95,,,,,,0.0,0,2013-12-19,2013-12-19,2013-12-19,,not observable,Tacloban City Centre,POI 5×5,Reliability-qualified DNB-BRDF,1,G2,10.0
42,0,0.95,,,,,,0.0,0,2013-12-20,2013-12-20,2013-12-20,,not observable,Tacloban City Centre,POI 5×5,Reliability-qualified DNB-BRDF,1,G2,10.0
43,0,0.95,,,,,,0.0,0,2013-12-21,2013-12-21,2013-12-21,,not observable,Tacloban City Centre,POI 5×5,Reliability-qualified DNB-BRDF,1,G2,10.0
44,0,0.95,,,,,,0.0,0,2013-12-22,2013-12-22,2013-12-22,,not observable,Tacloban City Centre,POI 5×5,Reliability-qualified DNB-BRDF,1,G2,10.0
45,0,0.95,,,,,,0.0,0,2013-12-23,2013-12-23,2013-12-23,,not observable,Tacloban City Centre,POI 5×5,Reliability-qualified DNB-BRDF,1,G2,10.0
46,0,0.95,,,,,,0.0,0,2013-12-24,2013-12-24,2013-12-24,,not observable,Tacloban City Centre,POI 5×5,Reliability-qualified DNB-BRDF,1,G2,10.0
47,0,0.95,23.5747,56.237324,41.920025,36.60324478149414,45.89781951904297,50.0,8,2013-12-25,2013-12-25,2013-12-25,2.9468374252319336,observed,Tacloban City Centre,POI 5×5,Reliability-qualified DNB-BRDF,1,G2,10.0
48,0,0.95,33.684017,78.5196,42.898865,37.58049774169922,46.57611083984375,68.75,11,2013-12-26,2013-12-26,2013-12-26,3.062183380126953,observed,Tacloban City Centre,POI 5×5,Reliability-qualified DNB-BRDF,1,G2,10.0
49,0,0.95,4.459929,29.348476,15.196458,12.143548011779785,16.99843406677246,31.25,5,2013-12-27,2013-12-27,2013-12-27,0.8919857978820801,observed,Tacloban City Centre,POI 5×5,Reliability-qualified DNB-BRDF,1,G2,10.0
50,0,0.95,2.590724,29.348476,8.827456,7.054053783416748,9.8742036819458,31.25,5,2013-12-28,2013-12-28,2013-12-28,0.5181447982788085,observed,Tacloban City Centre,POI 5×5,Reliability-qualified DNB-BRDF,1,G2,10.0
51,0,0.95,,,,,,0.0,0,2013-12-29,2013-12-29,2013-12-29,,not observable,Tacloban City Centre,POI 5×5,Reliability-qualified DNB-BRDF,1,G2,10.0
52,0,0.95,,,,,,0.0,0,2013-12-30,2013-12-30,2013-12-30,,not observable,Tacloban City Centre,POI 5×5,Reliability-qualified DNB-BRDF,1,G2,10.0
53,0,0.95,,,,,,0.0,0,2013-12-31,2013-12-31,2013-12-31,,not observable,Tacloban City Centre,POI 5×5,Reliability-qualified DNB-BRDF,1,G2,10.0
54,0,0.95,,,,,,0.0,0,2014-01-01,2014-01-01,2014-01-01,,not observable,Tacloban City Centre,POI 5×5,Reliability-qualified DNB-BRDF,1,G2,10.0
55,0,0.95,1.3137629,9.884933,13.29056,10.244287490844727,14.59361743927002,12.5,2,2014-01-02,2014-01-02,2014-01-02,0.6568814516067505,observed,Tacloban City Centre,POI 5×5,Reliability-qualified DNB-BRDF,1,G2,10.0
56,0,0.95,36.549686,113.59054,32.1767,28.151735305786133,35.08695983886719,100.0,16,2014-01-03,2014-01-03,2014-01-03,2.284355401992798,observed,Tacloban City Centre,POI 5×5,Reliability-qualified DNB-BRDF,1,G2,10.0
57,0,0.95,,,,,,0.0,0,2014-01-04,2014-01-04,2014-01-04,,not observable,Tacloban City Centre,POI 5×5,Reliability-qualified DNB-BRDF,1,G2,10.0
58,0,0.95,51.22773,113.59054,45.098587,39.45723342895508,49.177581787109375,100.0,16,2014-01-05,2014-01-05,2014-01-05,3.201733112335205,observed,Tacloban City Centre,POI 5×5,Reliability-qualified DNB-BRDF,1,G2,10.0
59,0,0.95,9.991975,37.255806,26.819914,21.78049087524414,29.836923599243164,37.5,6,2014-01-06,2014-01-06,2014-01-06,1.665329138437907,observed,Tacloban City Centre,POI 5×5,Reliability-qualified DNB-BRDF,1,G2,10.0
60,0,0.95,,,,,,0.0,0,2014-01-07,2014-01-07,2014-01-07,,not observable,Tacloban City Centre,POI 5×5,Reliability-qualified DNB-BRDF,1,G2,10.0
61,0,0.95,,,,,,0.0,0,2014-01-08,2014-01-08,2014-01-08,,not observable,Tacloban City Centre,POI 5×5,Reliability-qualified DNB-BRDF,1,G2,10.0
62,0,0.95,,,,,,0.0,0,2014-01-09,2014-01-09,2014-01-09,,not observable,Tacloban City Centre,POI 5×5,Reliability-qualified DNB-BRDF,1,G2,10.0
63,0,0.95,,,,,,0.0,0,2014-01-10,2014-01-10,2014-01-10,,not observable,Tacloban City Centre,POI 5×5,Reliability-qualified DNB-BRDF,1,G2,10.0
64,0,0.95,,,,,,0.0,0,2014-01-11,2014-01-11,2014-01-11,,not observable,Tacloban City Centre,POI 5×5,Reliability-qualified DNB-BRDF,1,G2,10.0
65,0,0.95,,,,,,0.0,0,2014-01-12,2014-01-12,2014-01-12,,not observable,Tacloban City Centre,POI 5×5,Reliability-qualified DNB-BRDF,1,G2,10.0
66,0,0.95,,,,,,0.0,0,2014-01-13,2014-01-13,2014-01-13,,not observable,Tacloban City Centre,POI 5×5,Reliability-qualified DNB-BRDF,1,G2,10.0
67,0,0.95,,,,,,0.0,0,2014-01-14,2014-01-14,2014-01-14,,not observable,Tacloban City Centre,POI 5×5,Reliability-qualified DNB-BRDF,1,G2,10.0
68,0,0.95,,,,,,0.0,0,2014-01-15,2014-01-15,2014-01-15,,not observable,Tacloban City Centre,POI 5×5,Reliability-qualified DNB-BRDF,1,G2,10.0
69,0,0.95,,,,,,0.0,0,2014-01-16,2014-01-16,2014-01-16,,not observable,Tacloban City Centre,POI 5×5,Reliability-qualified DNB-BRDF,1,G2,10.0
70,0,0.95,,,,,,0.0,0,2014-01-17,2014-01-17,2014-01-17,,not observable,Tacloban City Centre,POI 5×5,Reliability-qualified DNB-BRDF,1,G2,10.0
71,0,0.95,,,,,,0.0,0,2014-01-18,2014-01-18,2014-01-18,,not observable,Tacloban City Centre,POI 5×5,Reliability-qualified DNB-BRDF,1,G2,10.0
72,0,0.95,,,,,,0.0,0,2014-01-19,2014-01-19,2014-01-19,,not observable,Tacloban City Centre,POI 5×5,Reliability-qualified DNB-BRDF,1,G2,10.0
73,0,0.95,,,,,,0.0,0,2014-01-20,2014-01-20,2014-01-20,,not observable,Tacloban City Centre,POI 5×5,Reliability-qualified DNB-BRDF,1,G2,10.0
74,0,0.95,,,,,,0.0,0,2014-01-21,2014-01-21,2014-01-21,,not observable,Tacloban City Centre,POI 5×5,Reliability-qualified DNB-BRDF,1,G2,10.0
75,0,0.95,,,,,,0.0,0,2014-01-22,2014-01-22,2014-01-22,,not observable,Tacloban City Centre,POI 5×5,Reliability-qualified DNB-BRDF,1,G2,10.0
76,0,0.95,,,,,,0.0,0,2014-01-23,2014-01-23,2014-01-23,,not observable,Tacloban City Centre,POI 5×5,Reliability-qualified DNB-BRDF,1,G2,10.0
77,0,0.95,,,,,,0.0,0,2014-01-24,2014-01-24,2014-01-24,,not observable,Tacloban City Centre,POI 5×5,Reliability-qualified DNB-BRDF,1,G2,10.0
78,0,0.95,43.33895,106.09271,40.85007,35.72657775878906,44.667781829833984,93.75,15,2014-01-25,2014-01-25,2014-01-25,2.889263407389323,observed,Tacloban City Centre,POI 5×5,Reliability-qualified DNB-BRDF,1,G2,10.0
79,0,0.95,,,,,,0.0,0,2014-01-26,2014-01-26,2014-01-26,,not observable,Tacloban City Centre,POI 5×5,Reliability-qualified DNB-BRDF,1,G2,10.0
80,0,0.95,55.71239,113.59054,49.046684,42.91146469116211,53.482765197753906,100.0,16,2014-01-27,2014-01-27,2014-01-27,3.4820244312286377,observed,Tacloban City Centre,POI 5×5,Reliability-qualified DNB-BRDF,1,G2,10.0
81,0,0.95,,,,,,0.0,0,2014-01-28,2014-01-28,2014-01-28,,not observable,Tacloban City Centre,POI 5×5,Reliability-qualified DNB-BRDF,1,G2,10.0
82,0,0.95,29.584976,91.50658,32.330982,28.20700454711914,35.5943717956543,81.25,13,2014-01-29,2014-01-29,2014-01-29,2.2757673997145433,observed,Tacloban City Centre,POI 5×5,Reliability-qualified DNB-BRDF,1,G2,10.0
83,0,0.95,,,,,,0.0,0,2014-01-30,2014-01-30,2014-01-30,,not observable,Tacloban City Centre,POI 5×5,Reliability-qualified DNB-BRDF,1,G2,10.0
84,0,0.95,,,,,,0.0,0,2014-01-31,2014-01-31,2014-01-31,,not observable,Tacloban City Centre,POI 5×5,Reliability-qualified DNB-BRDF,1,G2,10.0
85,0,0.95,,,,,,6.25,1,2014-02-01,2014-02-01,2014-02-01,,not observable,Tacloban City Centre,POI 5×5,Reliability-qualified DNB-BRDF,1,G2,10.0
86,0,0.95,42.377304,113.59054,37.30707,32.64035415649414,40.68135070800781,100.0,16,2014-02-02,2014-02-02,2014-02-02,2.6485815048217773,observed,Tacloban City Centre,POI 5×5,Reliability-qualified DNB-BRDF,1,G2,10.0
87,0,0.95,43.47795,113.59054,38.27603,33.48810577392578,41.73794937133789,100.0,16,2014-02-03,2014-02-03,2014-02-03,2.717371940612793,observed,Tacloban City Centre,POI 5×5,Reliability-qualified DNB-BRDF,1,G2,10.0
88,0,0.95,41.85839,99.19202,42.199352,36.818538665771484,46.40345764160156,87.5,14,2014-02-04,2014-02-04,2014-02-04,2.989885057721819,observed,Tacloban City Centre,POI 5×5,Reliability-qualified DNB-BRDF,1,G2,10.0
89,0,0.95,9.0912,27.598557,32.940853,29.12762451171875,36.500701904296875,25.0,4,2014-02-05,2014-02-05,2014-02-05,2.2727999687194824,observed,Tacloban City Centre,POI 5×5,Reliability-qualified DNB-BRDF,1,G2,10.0
90,0,0.95,82.5193,113.59054,72.646286,63.55900573730469,79.21685791015625,100.0,16,2014-02-06,2014-02-06,2014-02-06,5.157456398010254,observed,Tacloban City Centre,POI 5×5,Reliability-qualified DNB-BRDF,1,G2,10.0
91,0,0.95,,,,,,0.0,0,2014-02-07,2014-02-07,2014-02-07,,not observable,Tacloban City Centre,POI 5×5,Reliability-qualified DNB-BRDF,1,G2,10.0
92,0,0.95,,,,,,0.0,0,2014-02-08,2014-02-08,2014-02-08,,not observable,Tacloban City Centre,POI 5×5,Reliability-qualified DNB-BRDF,1,G2,10.0
93,0,0.95,,,,,,6.25,1,2014-02-09,2014-02-09,2014-02-09,,not observable,Tacloban City Centre,POI 5×5,Reliability-qualified DNB-BRDF,1,G2,10.0
94,0,0.95,,,,,,0.0,0,2014-02-10,2014-02-10,2014-02-10,,not observable,Tacloban City Centre,POI 5×5,Reliability-qualified DNB-BRDF,1,G2,10.0
95,0,0.95,,,,,,0.0,0,2014-02-11,2014-02-11,2014-02-11,,not observable,Tacloban City Centre,POI 5×5,Reliability-qualified DNB-BRDF,1,G2,10.0
96,0,0.95,,,,,,0.0,0,2014-02-12,2014-02-12,2014-02-12,,not observable,Tacloban City Centre,POI 5×5,Reliability-qualified DNB-BRDF,1,G2,10.0
97,0,0.95,,,,,,0.0,0,2014-02-13,2014-02-13,2014-02-13,,not observable,Tacloban City Centre,POI 5×5,Reliability-qualified DNB-BRDF,1,G2,10.0
98,0,0.95,27.168808,83.786865,32.426094,27.90814208984375,35.87010192871094,75.0,12,2014-02-14,2014-02-14,2014-02-14,2.2640673319498696,observed,Tacloban City Centre,POI 5×5,Reliability-qualified DNB-BRDF,1,G2,10.0
99,0,0.95,23.558104,85.57247,27.530003,24.343406677246094,30.0153751373291,75.0,12,2014-02-15,2014-02-15,2014-02-15,1.9631752967834473,observed,Tacloban City Centre,POI 5×5,Reliability-qualified DNB-BRDF,1,G2,10.0
100,0,0.95,17.877863,42.356514,42.20806,37.843074798583984,46.74897766113281,37.5,6,2014-02-16,2014-02-16,2014-02-16,2.9796438217163086,observed,Tacloban City Centre,POI 5×5,Reliability-qualified DNB-BRDF,1,G2,10.0
101,0,0.95,63.403004,108.229996,58.58173,51.498023986816406,63.67061233520508,93.75,15,2014-02-17,2014-02-17,2014-02-17,4.226866912841797,observed,Tacloban City Centre,POI 5×5,Reliability-qualified DNB-BRDF,1,G2,10.0
102,0,0.95,32.85219,106.50222,30.846481,26.942895889282227,33.77471160888672,93.75,15,2014-02-18,2014-02-18,2014-02-18,2.1901458740234374,observed,Tacloban City Centre,POI 5×5,Reliability-qualified DNB-BRDF,1,G2,10.0
103,0,0.95,25.259819,80.194084,31.498358,27.760164260864258,33.80971145629883,68.75,11,2014-02-19,2014-02-19,2014-02-19,2.2963471846147017,observed,Tacloban City Centre,POI 5×5,Reliability-qualified DNB-BRDF,1,G2,10.0
104,0,0.95,,,,,,0.0,0,2014-02-20,2014-02-20,2014-02-20,,not observable,Tacloban City Centre,POI 5×5,Reliability-qualified DNB-BRDF,1,G2,10.0
105,0,0.95,5.6145597,29.991295,18.720633,16.821271896362305,19.74234390258789,25.0,4,2014-02-21,2014-02-21,2014-02-21,1.4036399126052856,observed,Tacloban City Centre,POI 5×5,Reliability-qualified DNB-BRDF,1,G2,10.0
106,0,0.95,,,,,,0.0,0,2014-02-22,2014-02-22,2014-02-22,,not observable,Tacloban City Centre,POI 5×5,Reliability-qualified DNB-BRDF,1,G2,10.0
107,0,0.95,,,,,,0.0,0,2014-02-23,2014-02-23,2014-02-23,,not observable,Tacloban City Centre,POI 5×5,Reliability-qualified DNB-BRDF,1,G2,10.0
108,0,0.95,34.59835,113.59054,30.45883,26.648754119873047,33.213714599609375,100.0,16,2014-02-24,2014-02-24,2014-02-24,2.1623969078063965,observed,Tacloban City Centre,POI 5×5,Reliability-qualified DNB-BRDF,1,G2,10.0
109,0,0.95,8.347946,32.378407,25.78245,22.429529190063477,27.592187881469727,31.25,5,2014-02-25,2014-02-25,2014-02-25,1.6695892333984375,observed,Tacloban City Centre,POI 5×5,Reliability-qualified DNB-BRDF,1,G2,10.0
110,0,0.95,21.374126,75.53215,28.29805,25.330474853515625,29.99842071533203,62.5,10,2014-02-26,2014-02-26,2014-02-26,2.1374126434326173,observed,Tacloban City Centre,POI 5×5,Reliability-qualified DNB-BRDF,1,G2,10.0
111,0,0.95,107.34862,113.59054,94.50489,82.6833267211914,103.052490234375,100.0,16,2014-02-27,2014-02-27,2014-02-27,6.709288597106934,observed,Tacloban City Centre,POI 5×5,Reliability-qualified DNB-BRDF,1,G2,10.0
112,0,0.95,70.89011,113.59054,62.408463,54.60182571411133,68.05306243896484,100.0,16,2014-02-28,2014-02-28,2014-02-28,4.430631637573242,observed,Tacloban City Centre,POI 5×5,Reliability-qualified DNB-BRDF,1,G2,10.0
113,0,0.95,34.36319,99.19202,34.6431,30.077924728393555,38.1049919128418,87.5,14,2014-03-01,2014-03-01,2014-03-01,2.4545135498046875,observed,Tacloban City Centre,POI 5×5,Reliability-qualified DNB-BRDF,1,G2,10.0
114,0,0.95,,,,,,6.25,1,2014-03-02,2014-03-02,2014-03-02,,not observable,Tacloban City Centre,POI 5×5,Reliability-qualified DNB-BRDF,1,G2,10.0
115,0,0.95,64.82433,113.59054,57.068424,49.92976760864258,62.23004150390625,100.0,16,2014-03-03,2014-03-03,2014-03-03,4.051520824432373,observed,Tacloban City Centre,POI 5×5,Reliability-qualified DNB-BRDF,1,G2,10.0
116,0,0.95,89.20845,113.59054,78.5351,68.71119689941406,85.63829803466797,100.0,16,2014-03-04,2014-03-04,2014-03-04,5.575528144836426,observed,Tacloban City Centre,POI 5×5,Reliability-qualified DNB-BRDF,1,G2,10.0
117,0,0.95,52.883915,113.59054,46.55662,40.732879638671875,50.767486572265625,100.0,16,2014-03-05,2014-03-05,2014-03-05,3.3052446842193604,observed,Tacloban City Centre,POI 5×5,Reliability-qualified DNB-BRDF,1,G2,10.0
118,0,0.95,54.61196,113.59054,48.077915,42.06387710571289,52.42637634277344,100.0,16,2014-03-06,2014-03-06,2014-03-06,3.413247585296631,observed,Tacloban City Centre,POI 5×5,Reliability-qualified DNB-BRDF,1,G2,10.0
119,0,0.95,,,,,,0.0,0,2014-03-07,2014-03-07,2014-03-07,,not observable,Tacloban City Centre,POI 5×5,Reliability-qualified DNB-BRDF,1,G2,10.0
120,0,0.95,55.775394,113.59054,49.10215,42.959991455078125,53.54324722290039,100.0,16,2014-03-08,2014-03-08,2014-03-08,3.485962152481079,observed,Tacloban City Centre,POI 5×5,Reliability-qualified DNB-BRDF,1,G2,10.0
121,0,0.95,51.47631,73.20725,70.31586,62.7835807800293,74.94689178466797,62.5,10,2014-03-09,2014-03-09,2014-03-09,5.147631072998047,observed,Tacloban City Centre,POI 5×5,Reliability-qualified DNB-BRDF,1,G2,10.0
122,0,0.95,,,,,,0.0,0,2014-03-10,2014-03-10,2014-03-10,,not observable,Tacloban City Centre,POI 5×5,Reliability-qualified DNB-BRDF,1,G2,10.0
123,0,0.95,,,,,,0.0,0,2014-03-11,2014-03-11,2014-03-11,,not observable,Tacloban City Centre,POI 5×5,Reliability-qualified DNB-BRDF,1,G2,10.0
124,0,0.95,,,,,,0.0,0,2014-03-12,2014-03-12,2014-03-12,,not observable,Tacloban City Centre,POI 5×5,Reliability-qualified DNB-BRDF,1,G2,10.0
125,0,0.95,2.4037316,12.824795,18.742846,16.21221923828125,22.015546798706055,12.5,2,2014-03-13,2014-03-13,2014-03-13,1.201865792274475,observed,Tacloban City Centre,POI 5×5,Reliability-qualified DNB-BRDF,1,G2,10.0
126,0,0.95,70.3159,109.066154,64.47087,56.83454132080078,70.48808288574219,93.75,15,2014-03-14,2014-03-14,2014-03-14,4.687726847330729,observed,Tacloban City Centre,POI 5×5,Reliability-qualified DNB-BRDF,1,G2,10.0
127,0,0.95,,,,,,6.25,1,2014-03-15,2014-03-15,2014-03-15,,not observable,Tacloban City Centre,POI 5×5,Reliability-qualified DNB-BRDF,1,G2,10.0
128,0,0.95,36.37908,85.36128,42.61778,37.151065826416016,46.44498062133789,75.0,12,2014-03-16,2014-03-16,2014-03-16,3.031590143839518,observed,Tacloban City Centre,POI 5×5,Reliability-qualified DNB-BRDF,1,G2,10.0
129,0,0.95,44.917736,98.86685,45.432552,39.80361557006836,49.29513931274414,87.5,14,2014-03-17,2014-03-17,2014-03-17,3.2084097181047713,observed,Tacloban City Centre,POI 5×5,Reliability-qualified DNB-BRDF,1,G2,10.0
130,0,0.95,,,,,,0.0,0,2014-03-18,2014-03-18,2014-03-18,,not observable,Tacloban City Centre,POI 5×5,Reliability-qualified DNB-BRDF,1,G2,10.0
131,0,0.95,,,,,,0.0,0,2014-03-19,2014-03-19,2014-03-19,,not observable,Tacloban City Centre,POI 5×5,Reliability-qualified DNB-BRDF,1,G2,10.0
132,0,0.95,,,,,,0.0,0,2014-03-20,2014-03-20,2014-03-20,,not observable,Tacloban City Centre,POI 5×5,Reliability-qualified DNB-BRDF,1,G2,10.0
133,0,0.95,,,,,,0.0,0,2014-03-21,2014-03-21,2014-03-21,,not observable,Tacloban City Centre,POI 5×5,Reliability-qualified DNB-BRDF,1,G2,10.0
134,0,0.95,,,,,,0.0,0,2014-03-22,2014-03-22,2014-03-22,,not observable,Tacloban City Centre,POI 5×5,Reliability-qualified DNB-BRDF,1,G2,10.0
135,0,0.95,,,,,,0.0,0,2014-03-23,2014-03-23,2014-03-23,,not observable,Tacloban City Centre,POI 5×5,Reliability-qualified DNB-BRDF,1,G2,10.0
136,0,0.95,,,,,,0.0,0,2014-03-24,2014-03-24,2014-03-24,,not observable,Tacloban City Centre,POI 5×5,Reliability-qualified DNB-BRDF,1,G2,10.0
137,0,0.95,1.4614809,22.083965,6.617837,6.032028675079346,6.897733211517334,18.75,3,2014-03-25,2014-03-25,2014-03-25,0.48716028531392414,observed,Tacloban City Centre,POI 5×5,Reliability-qualified DNB-BRDF,1,G2,10.0
138,0,0.95,5.002308,40.467625,12.3612585,10.556944847106934,13.69278621673584,37.5,6,2014-03-26,2014-03-26,2014-03-26,0.8337179819742838,observed,Tacloban City Centre,POI 5×5,Reliability-qualified DNB-BRDF,1,G2,10.0
139,0,0.95,41.611267,105.90509,39.291096,34.381553649902344,42.86262130737305,93.75,15,2014-03-27,2014-03-27,2014-03-27,2.77408447265625,observed,Tacloban City Centre,POI 5×5,Reliability-qualified DNB-BRDF,1,G2,10.0
140,0,0.95,,,,,,0.0,0,2014-03-28,2014-03-28,2014-03-28,,not observable,Tacloban City Centre,POI 5×5,Reliability-qualified DNB-BRDF,1,G2,10.0
141,0,0.95,,,,,,0.0,0,2014-03-29,2014-03-29,2014-03-29,,not observable,Tacloban City Centre,POI 5×5,Reliability-qualified DNB-BRDF,1,G2,10.0
142,0,0.95,,,,,,0.0,0,2014-03-30,2014-03-30,2014-03-30,,not observable,Tacloban City Centre,POI 5×5,Reliability-qualified DNB-BRDF,1,G2,10.0
143,0,0.95,89.814735,113.59054,79.068855,69.17817687988281,86.22032165527344,100.0,16,2014-03-31,2014-03-31,2014-03-31,5.6134209632873535,observed,Tacloban City Centre,POI 5×5,Reliability-qualified DNB-BRDF,1,G2,10.0
144,0,0.95,60.088783,113.59054,52.899464,46.28229904174805,57.68401336669922,100.0,16,2014-04-01,2014-04-01,2014-04-01,3.7555489540100098,observed,Tacloban City Centre,POI 5×5,Reliability-qualified DNB-BRDF,1,G2,10.0
145,0,0.95,48.531647,108.25356,44.83145,39.77790451049805,48.63148880004883,93.75,15,2014-04-02,2014-04-02,2014-04-02,3.235443115234375,observed,Tacloban City Centre,POI 5×5,Reliability-qualified DNB-BRDF,1,G2,10.0
146,0,0.95,4.335726,12.647182,34.282146,26.982280731201172,37.90811538696289,12.5,2,2014-04-03,2014-04-03,2014-04-03,2.167862892150879,observed,Tacloban City Centre,POI 5×5,Reliability-qualified DNB-BRDF,1,G2,10.0
147,0,0.95,74.18596,113.59054,65.30998,57.1403923034668,71.21701049804688,100.0,16,2014-04-04,2014-04-04,2014-04-04,4.636622428894043,observed,Tacloban City Centre,POI 5×5,Reliability-qualified DNB-BRDF,1,G2,10.0
148,0,0.95,122.32375,113.59054,107.688324,94.21765899658203,117.42831420898438,100.0,16,2014-04-05,2014-04-05,2014-04-05,7.64523458480835,observed,Tacloban City Centre,POI 5×5,Reliability-qualified DNB-BRDF,1,G2,10.0
149,0,0.95,,,,,,0.0,0,2014-04-06,2014-04-06,2014-04-06,,not observable,Tacloban City Centre,POI 5×5,Reliability-qualified DNB-BRDF,1,G2,10.0
150,0,0.95,,,,,,0.0,0,2014-04-07,2014-04-07,2014-04-07,,not observable,Tacloban City Centre,POI 5×5,Reliability-qualified DNB-BRDF,1,G2,10.0
151,0,0.95,,,,,,0.0,0,2014-04-08,2014-04-08,2014-04-08,,not observable,Tacloban City Centre,POI 5×5,Reliability-qualified DNB-BRDF,1,G2,10.0
152,0,0.95,,,,,,0.0,0,2014-04-09,2014-04-09,2014-04-09,,not observable,Tacloban City Centre,POI 5×5,Reliability-qualified DNB-BRDF,1,G2,10.0
153,0,0.95,39.17811,54.80538,71.48588,62.87211608886719,78.84705352783203,50.0,8,2014-04-10,2014-04-10,2014-04-10,4.897263526916504,observed,Tacloban City Centre,POI 5×5,Reliability-qualified DNB-BRDF,1,G2,10.0
154,0,0.95,,,,,,0.0,0,2014-04-11,2014-04-11,2014-04-11,,not observable,Tacloban City Centre,POI 5×5,Reliability-qualified DNB-BRDF,1,G2,10.0
155,0,0.95,,,,,,0.0,0,2014-04-12,2014-04-12,2014-04-12,,not observable,Tacloban City Centre,POI 5×5,Reliability-qualified DNB-BRDF,1,G2,10.0
156,0,0.95,,,,,,0.0,0,2014-04-13,2014-04-13,2014-04-13,,not observable,Tacloban City Centre,POI 5×5,Reliability-qualified DNB-BRDF,1,G2,10.0
157,0,0.95,,,,,,0.0,0,2014-04-14,2014-04-14,2014-04-14,,not observable,Tacloban City Centre,POI 5×5,Reliability-qualified DNB-BRDF,1,G2,10.0
158,0,0.95,,,,,,0.0,0,2014-04-15,2014-04-15,2014-04-15,,not observable,Tacloban City Centre,POI 5×5,Reliability-qualified DNB-BRDF,1,G2,10.0
159,0,0.95,,,,,,0.0,0,2014-04-16,2014-04-16,2014-04-16,,not observable,Tacloban City Centre,POI 5×5,Reliability-qualified DNB-BRDF,1,G2,10.0
160,0,0.95,,,,,,0.0,0,2014-04-17,2014-04-17,2014-04-17,,not observable,Tacloban City Centre,POI 5×5,Reliability-qualified DNB-BRDF,1,G2,10.0
161,0,0.95,54.243473,96.020164,56.49175,50.0577278137207,61.66322326660156,81.25,13,2014-04-18,2014-04-18,2014-04-18,4.1725748502291164,observed,Tacloban City Centre,POI 5×5,Reliability-qualified DNB-BRDF,1,G2,10.0
162,0,0.95,28.193508,70.37137,40.063892,35.04949951171875,43.26691436767578,62.5,10,2014-04-19,2014-04-19,2014-04-19,2.819350814819336,observed,Tacloban City Centre,POI 5×5,Reliability-qualified DNB-BRDF,1,G2,10.0
163,0,0.95,,,,,,0.0,0,2014-04-20,2014-04-20,2014-04-20,,not observable,Tacloban City Centre,POI 5×5,Reliability-qualified DNB-BRDF,1,G2,10.0
164,0,0.95,100.635475,101.165245,99.47633,88.19305419921875,108.33317565917969,87.5,14,2014-04-21,2014-04-21,2014-04-21,7.188248225620815,observed,Tacloban City Centre,POI 5×5,Reliability-qualified DNB-BRDF,1,G2,10.0
165,0,0.95,91.55468,113.59054,80.60062,70.5183334350586,87.89063262939453,100.0,16,2014-04-22,2014-04-22,2014-04-22,5.722167491912842,observed,Tacloban City Centre,POI 5×5,Reliability-qualified DNB-BRDF,1,G2,10.0
166,0,0.95,16.163273,52.5791,30.74087,27.237882614135742,33.065128326416016,43.75,7,2014-04-23,2014-04-23,2014-04-23,2.309038979666574,observed,Tacloban City Centre,POI 5×5,Reliability-qualified DNB-BRDF,1,G2,10.0
167,0,0.95,41.124664,91.28468,45.051,39.12976837158203,49.590240478515625,81.25,13,2014-04-24,2014-04-24,2014-04-24,3.1634357158954325,observed,Tacloban City Centre,POI 5×5,Reliability-qualified DNB-BRDF,1,G2,10.0
168,0,0.95,49.73088,99.19202,50.13597,43.743160247802734,55.130760192871094,87.5,14,2014-04-25,2014-04-25,2014-04-25,3.5522057669503346,observed,Tacloban City Centre,POI 5×5,Reliability-qualified DNB-BRDF,1,G2,10.0
169,0,0.95,7.050042,37.715385,18.692749,15.459975242614746,20.373554229736328,37.5,6,2014-04-26,2014-04-26,2014-04-26,1.1750070254007976,observed,Tacloban City Centre,POI 5×5,Reliability-qualified DNB-BRDF,1,G2,10.0
170,0,0.95,84.25212,113.59054,74.171776,64.89366912841797,80.88032531738281,100.0,16,2014-04-27,2014-04-27,2014-04-27,5.2657575607299805,observed,Tacloban City Centre,POI 5×5,Reliability-qualified DNB-BRDF,1,G2,10.0
171,0,0.95,29.527832,54.992996,53.693806,47.2187385559082,59.440574645996094,50.0,8,2014-04-28,2014-04-28,2014-04-28,3.69097900390625,observed,Tacloban City Centre,POI 5×5,Reliability-qualified DNB-BRDF,1,G2,10.0
172,0,0.95,,,,,,0.0,0,2014-04-29,2014-04-29,2014-04-29,,not observable,Tacloban City Centre,POI 5×5,Reliability-qualified DNB-BRDF,1,G2,10.0
173,0,0.95,62.209526,113.59054,54.766468,47.91576385498047,59.71988296508789,100.0,16,2014-04-30,2014-04-30,2014-04-30,3.8880953788757324,observed,Tacloban City Centre,POI 5×5,Reliability-qualified DNB-BRDF,1,G2,10.0
174,0,0.95,98.25204,113.59054,86.49667,75.6768569946289,94.31996154785156,100.0,16,2014-05-01,2014-05-01,2014-05-01,6.14075231552124,observed,Tacloban City Centre,POI 5×5,Reliability-qualified DNB-BRDF,1,G2,10.0
175,0,0.95,120.61229,113.59054,106.18163,92.89942932128906,115.78534698486328,100.0,16,2014-05-02,2014-05-02,2014-05-02,7.538268089294434,observed,Tacloban City Centre,POI 5×5,Reliability-qualified DNB-BRDF,1,G2,10.0
176,0,0.95,,,,,,0.0,0,2014-05-03,2014-05-03,2014-05-03,,not observable,Tacloban City Centre,POI 5×5,Reliability-qualified DNB-BRDF,1,G2,10.0
177,0,0.95,50.710747,105.90509,47.8832,41.90005111694336,52.23574447631836,93.75,15,2014-05-04,2014-05-04,2014-05-04,3.3807164510091146,observed,Tacloban City Centre,POI 5×5,Reliability-qualified DNB-BRDF,1,G2,10.0
178,0,0.95,,,,,,0.0,0,2014-05-05,2014-05-05,2014-05-05,,not observable,Tacloban City Centre,POI 5×5,Reliability-qualified DNB-BRDF,1,G2,10.0
179,0,0.95,6.9291177,14.995647,46.207523,40.646080017089844,48.96349334716797,12.5,2,2014-05-06,2014-05-06,2014-05-06,3.4645588397979736,observed,Tacloban City Centre,POI 5×5,Reliability-qualified DNB-BRDF,1,G2,10.0
180,0,0.95,128.35968,113.59054,113.00208,98.8667221069336,123.22268676757812,100.0,16,2014-05-07,2014-05-07,2014-05-07,8.022480010986328,observed,Tacloban City Centre,POI 5×5,Reliability-qualified DNB-BRDF,1,G2,10.0
181,0,0.95,69.58334,98.594894,70.575,61.69633483886719,77.29999542236328,87.5,14,2014-05-08,2014-05-08,2014-05-08,4.970238821847098,observed,Tacloban City Centre,POI 5×5,Reliability-qualified DNB-BRDF,1,G2,10.0
182,0,0.95,,,,,,0.0,0,2014-05-09,2014-05-09,2014-05-09,,not observable,Tacloban City Centre,POI 5×5,Reliability-qualified DNB-BRDF,1,G2,10.0
183,0,0.95,40.911716,86.54484,47.272278,41.67078399658203,51.95611572265625,75.0,12,2014-05-10,2014-05-10,2014-05-10,3.40930970509847,observed,Tacloban City Centre,POI 5×5,Reliability-qualified DNB-BRDF,1,G2,10.0
184,0,0.95,53.465393,84.58226,63.211117,55.78460693359375,67.67607879638672,75.0,12,2014-05-11,2014-05-11,2014-05-11,4.4554494222005205,observed,Tacloban City Centre,POI 5×5,Reliability-qualified DNB-BRDF,1,G2,10.0
185,0,0.95,28.717697,54.992996,52.220646,45.92323303222656,57.80974578857422,50.0,8,2014-05-12,2014-05-12,2014-05-12,3.589712142944336,observed,Tacloban City Centre,POI 5×5,Reliability-qualified DNB-BRDF,1,G2,10.0
186,0,0.95,80.5172,106.50222,75.601425,66.0341567993164,82.7781982421875,93.75,15,2014-05-13,2014-05-13,2014-05-13,5.3678131103515625,observed,Tacloban City Centre,POI 5×5,Reliability-qualified DNB-BRDF,1,G2,10.0
187,0,0.95,45.83468,90.909454,50.417942,44.01308822631836,55.34385299682617,81.25,13,2014-05-14,2014-05-14,2014-05-14,3.5257445115309496,observed,Tacloban City Centre,POI 5×5,Reliability-qualified DNB-BRDF,1,G2,10.0
188,0,0.95,56.74808,106.55229,53.258434,46.648067474365234,57.78337097167969,93.75,15,2014-05-15,2014-05-15,2014-05-15,3.7832054138183593,observed,Tacloban City Centre,POI 5×5,Reliability-qualified DNB-BRDF,1,G2,10.0
189,0,0.95,30.442581,61.599617,49.420082,42.84635925292969,54.62992477416992,56.25,9,2014-05-16,2014-05-16,2014-05-16,3.382509019639757,observed,Tacloban City Centre,POI 5×5,Reliability-qualified DNB-BRDF,1,G2,10.0
190,0,0.95,87.23507,113.59054,76.79783,67.19123840332031,83.743896484375,100.0,16,2014-05-17,2014-05-17,2014-05-17,5.4521918296813965,observed,Tacloban City Centre,POI 5×5,Reliability-qualified DNB-BRDF,1,G2,10.0
191,0,0.95,69.410904,93.45623,74.27103,65.22610473632812,81.0959243774414,81.25,13,2014-05-18,2014-05-18,2014-05-18,5.339300302358774,observed,Tacloban City Centre,POI 5×5,Reliability-qualified DNB-BRDF,1,G2,10.0
192,0,0.95,51.206596,85.1794,60.116177,53.01491928100586,64.57252502441406,75.0,12,2014-05-19,2014-05-19,2014-05-19,4.2672163645426435,observed,Tacloban City Centre,POI 5×5,Reliability-qualified DNB-BRDF,1,G2,10.0
193,0,0.95,,,,,,0.0,0,2014-05-20,2014-05-20,2014-05-20,,not observable,Tacloban City Centre,POI 5×5,Reliability-qualified DNB-BRDF,1,G2,10.0
194,0,0.95,,,,,,0.0,0,2014-05-21,2014-05-21,2014-05-21,,not observable,Tacloban City Centre,POI 5×5,Reliability-qualified DNB-BRDF,1,G2,10.0
195,0,0.95,71.88,113.59054,63.279915,55.36426544189453,69.00333404541016,100.0,16,2014-05-22,2014-05-22,2014-05-22,4.492499828338623,observed,Tacloban City Centre,POI 5×5,Reliability-qualified DNB-BRDF,1,G2,10.0
196,0,0.95,145.35565,113.59054,127.96458,111.95756530761719,139.53848266601562,100.0,16,2014-05-23,2014-05-23,2014-05-23,9.084728240966797,observed,Tacloban City Centre,POI 5×5,Reliability-qualified DNB-BRDF,1,G2,10.0
197,0,0.95,,,,,,0.0,0,2014-05-24,2014-05-24,2014-05-24,,not observable,Tacloban City Centre,POI 5×5,Reliability-qualified DNB-BRDF,1,G2,10.0
198,0,0.95,,,,,,0.0,0,2014-05-25,2014-05-25,2014-05-25,,not observable,Tacloban City Centre,POI 5×5,Reliability-qualified DNB-BRDF,1,G2,10.0
199,0,0.95,38.534405,90.909454,42.387676,37.00294876098633,46.529014587402344,81.25,13,2014-05-26,2014-05-26,2014-05-26,2.964184981126052,observed,Tacloban City Centre,POI 5×5,Reliability-qualified DNB-BRDF,1,G2,10.0
200,0,0.95,11.543916,23.483677,49.157192,44.87208557128906,55.66737747192383,18.75,3,2014-05-27,2014-05-27,2014-05-27,3.8479719161987305,observed,Tacloban City Centre,POI 5×5,Reliability-qualified DNB-BRDF,1,G2,10.0
201,0,0.95,91.14007,113.59054,80.23562,70.19898986816406,87.49261474609375,100.0,16,2014-05-28,2014-05-28,2014-05-28,5.696254253387451,observed,Tacloban City Centre,POI 5×5,Reliability-qualified DNB-BRDF,1,G2,10.0
202,0,0.95,,,,,,0.0,0,2014-05-29,2014-05-29,2014-05-29,,not observable,Tacloban City Centre,POI 5×5,Reliability-qualified DNB-BRDF,1,G2,10.0
203,0,0.95,,,,,,0.0,0,2014-05-30,2014-05-30,2014-05-30,,not observable,Tacloban City Centre,POI 5×5,Reliability-qualified DNB-BRDF,1,G2,10.0
204,0,0.95,,,,,,0.0,0,2014-05-31,2014-05-31,2014-05-31,,not observable,Tacloban City Centre,POI 5×5,Reliability-qualified DNB-BRDF,1,G2,10.0
205,0,0.95,38.248123,75.513245,50.65088,43.6776008605957,55.857093811035156,68.75,11,2014-06-01,2014-06-01,2014-06-01,3.477102106267756,observed,Tacloban City Centre,POI 5×5,Reliability-qualified DNB-BRDF,1,G2,10.0
206,0,0.95,79.13417,113.59054,69.66616,60.951663970947266,75.96719360351562,100.0,16,2014-06-02,2014-06-02,2014-06-02,4.94588565826416,observed,Tacloban City Centre,POI 5×5,Reliability-qualified DNB-BRDF,1,G2,10.0
207,0,0.95,96.54608,113.59054,84.99483,74.36287689208984,92.68228149414062,100.0,16,2014-06-03,2014-06-03,2014-06-03,6.034130096435547,observed,Tacloban City Centre,POI 5×5,Reliability-qualified DNB-BRDF,1,G2,10.0
208,0,0.95,,,,,,0.0,0,2014-06-04,2014-06-04,2014-06-04,,not observable,Tacloban City Centre,POI 5×5,Reliability-qualified DNB-BRDF,1,G2,10.0
209,0,0.95,61.484806,113.59054,54.128456,47.35755920410156,59.024166107177734,100.0,16,2014-06-05,2014-06-05,2014-06-05,3.8428003787994385,observed,Tacloban City Centre,POI 5×5,Reliability-qualified DNB-BRDF,1,G2,10.0
210,0,0.95,44.909462,113.59054,39.53627,34.590702056884766,43.1121711730957,100.0,16,2014-06-06,2014-06-06,2014-06-06,2.8068413734436035,observed,Tacloban City Centre,POI 5×5,Reliability-qualified DNB-BRDF,1,G2,10.0
211,0,0.95,17.555721,47.74356,36.770866,31.282075881958008,40.368961334228516,43.75,7,2014-06-07,2014-06-07,2014-06-07,2.507960183279855,observed,Tacloban City Centre,POI 5×5,Reliability-qualified DNB-BRDF,1,G2,10.0
212,0,0.95,,,,,,0.0,0,2014-06-08,2014-06-08,2014-06-08,,not observable,Tacloban City Centre,POI 5×5,Reliability-qualified DNB-BRDF,1,G2,10.0
213,0,0.95,,,,,,0.0,0,2014-06-09,2014-06-09,2014-06-09,,not observable,Tacloban City Centre,POI 5×5,Reliability-qualified DNB-BRDF,1,G2,10.0
214,0,0.95,,,,,,0.0,0,2014-06-10,2014-06-10,2014-06-10,,not observable,Tacloban City Centre,POI 5×5,Reliability-qualified DNB-BRDF,1,G2,10.0
215,0,0.95,,,,,,0.0,0,2014-06-11,2014-06-11,2014-06-11,,not observable,Tacloban City Centre,POI 5×5,Reliability-qualified DNB-BRDF,1,G2,10.0
216,0,0.95,,,,,,0.0,0,2014-06-12,2014-06-12,2014-06-12,,not observable,Tacloban City Centre,POI 5×5,Reliability-qualified DNB-BRDF,1,G2,10.0
217,0,0.95,,,,,,0.0,0,2014-06-13,2014-06-13,2014-06-13,,not observable,Tacloban City Centre,POI 5×5,Reliability-qualified DNB-BRDF,1,G2,10.0
218,0,0.95,,,,,,0.0,0,2014-06-14,2014-06-14,2014-06-14,,not observable,Tacloban City Centre,POI 5×5,Reliability-qualified DNB-BRDF,1,G2,10.0
219,0,0.95,,,,,,0.0,0,2014-06-15,2014-06-15,2014-06-15,,not observable,Tacloban City Centre,POI 5×5,Reliability-qualified DNB-BRDF,1,G2,10.0
220,0,0.95,,,,,,0.0,0,2014-06-16,2014-06-16,2014-06-16,,not observable,Tacloban City Centre,POI 5×5,Reliability-qualified DNB-BRDF,1,G2,10.0
221,0,0.95,54.182243,113.59054,47.699608,41.73289108276367,52.013851165771484,100.0,16,2014-06-17,2014-06-17,2014-06-17,3.386390209197998,observed,Tacloban City Centre,POI 5×5,Reliability-qualified DNB-BRDF,1,G2,10.0
222,0,0.95,,,,,,0.0,0,2014-06-18,2014-06-18,2014-06-18,,not observable,Tacloban City Centre,POI 5×5,Reliability-qualified DNB-BRDF,1,G2,10.0
223,0,0.95,,,,,,0.0,0,2014-06-19,2014-06-19,2014-06-19,,not observable,Tacloban City Centre,POI 5×5,Reliability-qualified DNB-BRDF,1,G2,10.0
224,0,0.95,,,,,,0.0,0,2014-06-20,2014-06-20,2014-06-20,,not observable,Tacloban City Centre,POI 5×5,Reliability-qualified DNB-BRDF,1,G2,10.0
225,0,0.95,,,,,,0.0,0,2014-06-21,2014-06-21,2014-06-21,,not observable,Tacloban City Centre,POI 5×5,Reliability-qualified DNB-BRDF,1,G2,10.0
226,0,0.95,29.377802,63.488506,46.272633,40.754066467285156,51.3095703125,56.25,9,2014-06-22,2014-06-22,2014-06-22,3.264200210571289,observed,Tacloban City Centre,POI 5×5,Reliability-qualified DNB-BRDF,1,G2,10.0
227,0,0.95,86.18492,113.59054,75.87333,66.38237762451172,82.73577880859375,100.0,16,2014-06-23,2014-06-23,2014-06-23,5.386557579040527,observed,Tacloban City Centre,POI 5×5,Reliability-qualified DNB-BRDF,1,G2,10.0
228,0,0.95,,,,,,0.0,0,2014-06-24,2014-06-24,2014-06-24,,not observable,Tacloban City Centre,POI 5×5,Reliability-qualified DNB-BRDF,1,G2,10.0
229,0,0.95,,,,,,0.0,0,2014-06-25,2014-06-25,2014-06-25,,not observable,Tacloban City Centre,POI 5×5,Reliability-qualified DNB-BRDF,1,G2,10.0
230,0,0.95,,,,,,0.0,0,2014-06-26,2014-06-26,2014-06-26,,not observable,Tacloban City Centre,POI 5×5,Reliability-qualified DNB-BRDF,1,G2,10.0
231,0,0.95,,,,,,0.0,0,2014-06-27,2014-06-27,2014-06-27,,not observable,Tacloban City Centre,POI 5×5,Reliability-qualified DNB-BRDF,1,G2,10.0
232,0,0.95,5.704174,14.995647,38.038864,33.4605827331543,40.3076286315918,12.5,2,2014-06-28,2014-06-28,2014-06-28,2.8520870208740234,observed,Tacloban City Centre,POI 5×5,Reliability-qualified DNB-BRDF,1,G2,10.0
233,0,0.95,,,,,,0.0,0,2014-06-29,2014-06-29,2014-06-29,,not observable,Tacloban City Centre,POI 5×5,Reliability-qualified DNB-BRDF,1,G2,10.0
234,0,0.95,,,,,,0.0,0,2014-06-30,2014-06-30,2014-06-30,,not observable,Tacloban City Centre,POI 5×5,Reliability-qualified DNB-BRDF,1,G2,10.0
235,0,0.95,,,,,,0.0,0,2014-07-01,2014-07-01,2014-07-01,,not observable,Tacloban City Centre,POI 5×5,Reliability-qualified DNB-BRDF,1,G2,10.0
236,0,0.95,,,,,,0.0,0,2014-07-02,2014-07-02,2014-07-02,,not observable,Tacloban City Centre,POI 5×5,Reliability-qualified DNB-BRDF,1,G2,10.0
237,0,0.95,43.557854,100.76575,43.226845,37.87495422363281,46.71056365966797,87.5,14,2014-07-03,2014-07-03,2014-07-03,3.1112752641950334,observed,Tacloban City Centre,POI 5×5,Reliability-qualified DNB-BRDF,1,G2,10.0
238,0,0.95,,,,,,0.0,0,2014-07-04,2014-07-04,2014-07-04,,not observable,Tacloban City Centre,POI 5×5,Reliability-qualified DNB-BRDF,1,G2,10.0
239,0,0.95,,,,,,0.0,0,2014-07-05,2014-07-05,2014-07-05,,not observable,Tacloban City Centre,POI 5×5,Reliability-qualified DNB-BRDF,1,G2,10.0
240,0,0.95,,,,,,0.0,0,2014-07-06,2014-07-06,2014-07-06,,not observable,Tacloban City Centre,POI 5×5,Reliability-qualified DNB-BRDF,1,G2,10.0
241,0,0.95,,,,,,0.0,0,2014-07-07,2014-07-07,2014-07-07,,not observable,Tacloban City Centre,POI 5×5,Reliability-qualified DNB-BRDF,1,G2,10.0
242,0,0.95,,,,,,0.0,0,2014-07-08,2014-07-08,2014-07-08,,not observable,Tacloban City Centre,POI 5×5,Reliability-qualified DNB-BRDF,1,G2,10.0
243,0,0.95,,,,,,0.0,0,2014-07-09,2014-07-09,2014-07-09,,not observable,Tacloban City Centre,POI 5×5,Reliability-qualified DNB-BRDF,1,G2,10.0
244,0,0.95,,,,,,0.0,0,2014-07-10,2014-07-10,2014-07-10,,not observable,Tacloban City Centre,POI 5×5,Reliability-qualified DNB-BRDF,1,G2,10.0
245,0,0.95,63.77893,93.85504,67.95472,59.9298095703125,74.3291244506836,81.25,13,2014-07-11,2014-07-11,2014-07-11,4.906071589543269,observed,Tacloban City Centre,POI 5×5,Reliability-qualified DNB-BRDF,1,G2,10.0
246,0,0.95,,,,,,0.0,0,2014-07-12,2014-07-12,2014-07-12,,not observable,Tacloban City Centre,POI 5×5,Reliability-qualified DNB-BRDF,1,G2,10.0
247,0,0.95,51.485725,81.64522,63.06031,56.60879135131836,69.2667007446289,68.75,11,2014-07-13,2014-07-13,2014-07-13,4.680520491166548,observed,Tacloban City Centre,POI 5×5,Reliability-qualified DNB-BRDF,1,G2,10.0
248,0,0.95,,,,,,0.0,0,2014-07-14,2014-07-14,2014-07-14,,not observable,Tacloban City Centre,POI 5×5,Reliability-qualified DNB-BRDF,1,G2,10.0
249,0,0.95,,,,,,0.0,0,2014-07-15,2014-07-15,2014-07-15,,not observable,Tacloban City Centre,POI 5×5,Reliability-qualified DNB-BRDF,1,G2,10.0
250,0,0.95,50.005997,62.651657,79.81592,69.36957550048828,86.59275817871094,56.25,9,2014-07-16,2014-07-16,2014-07-16,5.556221856011285,observed,Tacloban City Centre,POI 5×5,Reliability-qualified DNB-BRDF,1,G2,10.0
251,0,0.95,79.66109,106.55229,74.762436,65.48301696777344,81.11439514160156,93.75,15,2014-07-17,2014-07-17,2014-07-17,5.310739135742187,observed,Tacloban City Centre,POI 5×5,Reliability-qualified DNB-BRDF,1,G2,10.0
252,0,0.95,,,,,,0.0,0,2014-07-18,2014-07-18,2014-07-18,,not observable,Tacloban City Centre,POI 5×5,Reliability-qualified DNB-BRDF,1,G2,10.0
253,0,0.95,,,,,,0.0,0,2014-07-19,2014-07-19,2014-07-19,,not observable,Tacloban City Centre,POI 5×5,Reliability-qualified DNB-BRDF,1,G2,10.0
254,0,0.95,,,,,,0.0,0,2014-07-20,2014-07-20,2014-07-20,,not observable,Tacloban City Centre,POI 5×5,Reliability-qualified DNB-BRDF,1,G2,10.0
255,0,0.95,,,,,,0.0,0,2014-07-21,2014-07-21,2014-07-21,,not observable,Tacloban City Centre,POI 5×5,Reliability-qualified DNB-BRDF,1,G2,10.0
256,0,0.95,,,,,,0.0,0,2014-07-22,2014-07-22,2014-07-22,,not observable,Tacloban City Centre,POI 5×5,Reliability-qualified DNB-BRDF,1,G2,10.0
257,0,0.95,,,,,,0.0,0,2014-07-23,2014-07-23,2014-07-23,,not observable,Tacloban City Centre,POI 5×5,Reliability-qualified DNB-BRDF,1,G2,10.0
258,0,0.95,,,,,,0.0,0,2014-07-24,2014-07-24,2014-07-24,,not observable,Tacloban City Centre,POI 5×5,Reliability-qualified DNB-BRDF,1,G2,10.0
259,0,0.95,,,,,,0.0,0,2014-07-25,2014-07-25,2014-07-25,,not observable,Tacloban City Centre,POI 5×5,Reliability-qualified DNB-BRDF,1,G2,10.0
260,0,0.95,,,,,,0.0,0,2014-07-26,2014-07-26,2014-07-26,,not observable,Tacloban City Centre,POI 5×5,Reliability-qualified DNB-BRDF,1,G2,10.0
261,0,0.95,,,,,,0.0,0,2014-07-27,2014-07-27,2014-07-27,,not observable,Tacloban City Centre,POI 5×5,Reliability-qualified DNB-BRDF,1,G2,10.0
262,0,0.95,,,,,,0.0,0,2014-07-28,2014-07-28,2014-07-28,,not observable,Tacloban City Centre,POI 5×5,Reliability-qualified DNB-BRDF,1,G2,10.0
263,0,0.95,,,,,,0.0,0,2014-07-29,2014-07-29,2014-07-29,,not observable,Tacloban City Centre,POI 5×5,Reliability-qualified DNB-BRDF,1,G2,10.0
264,0,0.95,,,,,,0.0,0,2014-07-30,2014-07-30,2014-07-30,,not observable,Tacloban City Centre,POI 5×5,Reliability-qualified DNB-BRDF,1,G2,10.0
265,0,0.95,,,,,,0.0,0,2014-07-31,2014-07-31,2014-07-31,,not observable,Tacloban City Centre,POI 5×5,Reliability-qualified DNB-BRDF,1,G2,10.0
266,0,0.95,,,,,,0.0,0,2014-08-01,2014-08-01,2014-08-01,,not observable,Tacloban City Centre,POI 5×5,Reliability-qualified DNB-BRDF,1,G2,10.0
267,0,0.95,,,,,,0.0,0,2014-08-02,2014-08-02,2014-08-02,,not observable,Tacloban City Centre,POI 5×5,Reliability-qualified DNB-BRDF,1,G2,10.0
268,0,0.95,,,,,,0.0,0,2014-08-03,2014-08-03,2014-08-03,,not observable,Tacloban City Centre,POI 5×5,Reliability-qualified DNB-BRDF,1,G2,10.0
269,0,0.95,,,,,,0.0,0,2014-08-04,2014-08-04,2014-08-04,,not observable,Tacloban City Centre,POI 5×5,Reliability-qualified DNB-BRDF,1,G2,10.0
270,0,0.95,,,,,,0.0,0,2014-08-05,2014-08-05,2014-08-05,,not observable,Tacloban City Centre,POI 5×5,Reliability-qualified DNB-BRDF,1,G2,10.0
271,0,0.95,107.52338,113.59054,94.658745,82.81793975830078,103.22026062011719,100.0,16,2014-08-06,2014-08-06,2014-08-06,6.720211029052734,observed,Tacloban City Centre,POI 5×5,Reliability-qualified DNB-BRDF,1,G2,10.0
272,0,0.95,,,,,,0.0,0,2014-08-07,2014-08-07,2014-08-07,,not observable,Tacloban City Centre,POI 5×5,Reliability-qualified DNB-BRDF,1,G2,10.0
273,0,0.95,,,,,,0.0,0,2014-08-08,2014-08-08,2014-08-08,,not observable,Tacloban City Centre,POI 5×5,Reliability-qualified DNB-BRDF,1,G2,10.0
274,0,0.95,43.080128,76.28467,56.47285,51.14195251464844,61.77202224731445,62.5,10,2014-08-09,2014-08-09,2014-08-09,4.308012771606445,observed,Tacloban City Centre,POI 5×5,Reliability-qualified DNB-BRDF,1,G2,10.0
275,0,0.95,49.720917,85.760086,57.976757,51.230430603027344,63.28450012207031,75.0,12,2014-08-10,2014-08-10,2014-08-10,4.143409729003906,observed,Tacloban City Centre,POI 5×5,Reliability-qualified DNB-BRDF,1,G2,10.0
276,0,0.95,,,,,,0.0,0,2014-08-11,2014-08-11,2014-08-11,,not observable,Tacloban City Centre,POI 5×5,Reliability-qualified DNB-BRDF,1,G2,10.0
277,0,0.95,,,,,,0.0,0,2014-08-12,2014-08-12,2014-08-12,,not observable,Tacloban City Centre,POI 5×5,Reliability-qualified DNB-BRDF,1,G2,10.0
278,0,0.95,75.49813,106.50222,70.88879,61.91789245605469,77.61819458007812,93.75,15,2014-08-13,2014-08-13,2014-08-13,5.0332087198893225,observed,Tacloban City Centre,POI 5×5,Reliability-qualified DNB-BRDF,1,G2,10.0
279,0,0.95,,,,,,0.0,0,2014-08-14,2014-08-14,2014-08-14,,not observable,Tacloban City Centre,POI 5×5,Reliability-qualified DNB-BRDF,1,G2,10.0
280,0,0.95,,,,,,0.0,0,2014-08-15,2014-08-15,2014-08-15,,not observable,Tacloban City Centre,POI 5×5,Reliability-qualified DNB-BRDF,1,G2,10.0
281,0,0.95,,,,,,0.0,0,2014-08-16,2014-08-16,2014-08-16,,not observable,Tacloban City Centre,POI 5×5,Reliability-qualified DNB-BRDF,1,G2,10.0
282,0,0.95,,,,,,0.0,0,2014-08-17,2014-08-17,2014-08-17,,not observable,Tacloban City Centre,POI 5×5,Reliability-qualified DNB-BRDF,1,G2,10.0
283,0,0.95,74.577156,113.59054,65.65437,57.441707611083984,71.59255981445312,100.0,16,2014-08-18,2014-08-18,2014-08-18,4.661072254180908,observed,Tacloban City Centre,POI 5×5,Reliability-qualified DNB-BRDF,1,G2,10.0
284,0,0.95,,,,,,0.0,0,2014-08-19,2014-08-19,2014-08-19,,not observable,Tacloban City Centre,POI 5×5,Reliability-qualified DNB-BRDF,1,G2,10.0
285,0,0.95,,,,,,0.0,0,2014-08-20,2014-08-20,2014-08-20,,not observable,Tacloban City Centre,POI 5×5,Reliability-qualified DNB-BRDF,1,G2,10.0
286,0,0.95,,,,,,0.0,0,2014-08-21,2014-08-21,2014-08-21,,not observable,Tacloban City Centre,POI 5×5,Reliability-qualified DNB-BRDF,1,G2,10.0
287,0,0.95,,,,,,0.0,0,2014-08-22,2014-08-22,2014-08-22,,not observable,Tacloban City Centre,POI 5×5,Reliability-qualified DNB-BRDF,1,G2,10.0
288,0,0.95,91.31114,113.59054,80.38622,70.33075714111328,87.65684509277344,100.0,16,2014-08-23,2014-08-23,2014-08-23,5.70694637298584,observed,Tacloban City Centre,POI 5×5,Reliability-qualified DNB-BRDF,1,G2,10.0
289,0,0.95,,,,,,0.0,0,2014-08-24,2014-08-24,2014-08-24,,not observable,Tacloban City Centre,POI 5×5,Reliability-qualified DNB-BRDF,1,G2,10.0
290,0,0.95,,,,,,0.0,0,2014-08-25,2014-08-25,2014-08-25,,not observable,Tacloban City Centre,POI 5×5,Reliability-qualified DNB-BRDF,1,G2,10.0
291,0,0.95,,,,,,0.0,0,2014-08-26,2014-08-26,2014-08-26,,not observable,Tacloban City Centre,POI 5×5,Reliability-qualified DNB-BRDF,1,G2,10.0
292,0,0.95,,,,,,0.0,0,2014-08-27,2014-08-27,2014-08-27,,not observable,Tacloban City Centre,POI 5×5,Reliability-qualified DNB-BRDF,1,G2,10.0
293,0,0.95,,,,,,0.0,0,2014-08-28,2014-08-28,2014-08-28,,not observable,Tacloban City Centre,POI 5×5,Reliability-qualified DNB-BRDF,1,G2,10.0
294,0,0.95,,,,,,0.0,0,2014-08-29,2014-08-29,2014-08-29,,not observable,Tacloban City Centre,POI 5×5,Reliability-qualified DNB-BRDF,1,G2,10.0
295,0,0.95,,,,,,0.0,0,2014-08-30,2014-08-30,2014-08-30,,not observable,Tacloban City Centre,POI 5×5,Reliability-qualified DNB-BRDF,1,G2,10.0
296,0,0.95,,,,,,0.0,0,2014-08-31,2014-08-31,2014-08-31,,not observable,Tacloban City Centre,POI 5×5,Reliability-qualified DNB-BRDF,1,G2,10.0
297,0,0.95,,,,,,0.0,0,2014-09-01,2014-09-01,2014-09-01,,not observable,Tacloban City Centre,POI 5×5,Reliability-qualified DNB-BRDF,1,G2,10.0
298,0,0.95,,,,,,0.0,0,2014-09-02,2014-09-02,2014-09-02,,not observable,Tacloban City Centre,POI 5×5,Reliability-qualified DNB-BRDF,1,G2,10.0
299,0,0.95,,,,,,0.0,0,2014-09-03,2014-09-03,2014-09-03,,not observable,Tacloban City Centre,POI 5×5,Reliability-qualified DNB-BRDF,1,G2,10.0
300,0,0.95,,,,,,0.0,0,2014-09-04,2014-09-04,2014-09-04,,not observable,Tacloban City Centre,POI 5×5,Reliability-qualified DNB-BRDF,1,G2,10.0
301,0,0.95,,,,,,0.0,0,2014-09-05,2014-09-05,2014-09-05,,not observable,Tacloban City Centre,POI 5×5,Reliability-qualified DNB-BRDF,1,G2,10.0
302,0,0.95,,,,,,0.0,0,2014-09-06,2014-09-06,2014-09-06,,not observable,Tacloban City Centre,POI 5×5,Reliability-qualified DNB-BRDF,1,G2,10.0
303,0,0.95,,,,,,0.0,0,2014-09-07,2014-09-07,2014-09-07,,not observable,Tacloban City Centre,POI 5×5,Reliability-qualified DNB-BRDF,1,G2,10.0
304,0,0.95,,,,,,0.0,0,2014-09-08,2014-09-08,2014-09-08,,not observable,Tacloban City Centre,POI 5×5,Reliability-qualified DNB-BRDF,1,G2,10.0
305,0,0.95,,,,,,0.0,0,2014-09-09,2014-09-09,2014-09-09,,not observable,Tacloban City Centre,POI 5×5,Reliability-qualified DNB-BRDF,1,G2,10.0
306,0,0.95,21.609962,51.925873,41.616947,37.28833770751953,45.98523712158203,43.75,7,2014-09-10,2014-09-10,2014-09-10,3.0871374947684154,observed,Tacloban City Centre,POI 5×5,Reliability-qualified DNB-BRDF,1,G2,10.0
307,0,0.95,,,,,,0.0,0,2014-09-11,2014-09-11,2014-09-11,,not observable,Tacloban City Centre,POI 5×5,Reliability-qualified DNB-BRDF,1,G2,10.0
308,0,0.95,,,,,,0.0,0,2014-09-12,2014-09-12,2014-09-12,,not observable,Tacloban City Centre,POI 5×5,Reliability-qualified DNB-BRDF,1,G2,10.0
309,0,0.95,,,,,,0.0,0,2014-09-13,2014-09-13,2014-09-13,,not observable,Tacloban City Centre,POI 5×5,Reliability-qualified DNB-BRDF,1,G2,10.0
310,0,0.95,,,,,,0.0,0,2014-09-14,2014-09-14,2014-09-14,,not observable,Tacloban City Centre,POI 5×5,Reliability-qualified DNB-BRDF,1,G2,10.0
311,0,0.95,37.121323,70.18375,52.891624,46.484066009521484,56.97884750366211,62.5,10,2014-09-15,2014-09-15,2014-09-15,3.7121322631835936,observed,Tacloban City Centre,POI 5×5,Reliability-qualified DNB-BRDF,1,G2,10.0
312,0,0.95,,,,,,0.0,0,2014-09-16,2014-09-16,2014-09-16,,not observable,Tacloban City Centre,POI 5×5,Reliability-qualified DNB-BRDF,1,G2,10.0
313,0,0.95,,,,,,0.0,0,2014-09-17,2014-09-17,2014-09-17,,not observable,Tacloban City Centre,POI 5×5,Reliability-qualified DNB-BRDF,1,G2,10.0
314,0,0.95,,,,,,0.0,0,2014-09-18,2014-09-18,2014-09-18,,not observable,Tacloban City Centre,POI 5×5,Reliability-qualified DNB-BRDF,1,G2,10.0
315,0,0.95,,,,,,0.0,0,2014-09-19,2014-09-19,2014-09-19,,not observable,Tacloban City Centre,POI 5×5,Reliability-qualified DNB-BRDF,1,G2,10.0
316,0,0.95,,,,,,0.0,0,2014-09-20,2014-09-20,2014-09-20,,not observable,Tacloban City Centre,POI 5×5,Reliability-qualified DNB-BRDF,1,G2,10.0
317,0,0.95,,,,,,0.0,0,2014-09-21,2014-09-21,2014-09-21,,not observable,Tacloban City Centre,POI 5×5,Reliability-qualified DNB-BRDF,1,G2,10.0
318,0,0.95,,,,,,0.0,0,2014-09-22,2014-09-22,2014-09-22,,not observable,Tacloban City Centre,POI 5×5,Reliability-qualified DNB-BRDF,1,G2,10.0
319,0,0.95,110.847435,113.59054,97.58509,85.37822723388672,106.41128540039062,100.0,16,2014-09-23,2014-09-23,2014-09-23,6.927964687347412,observed,Tacloban City Centre,POI 5×5,Reliability-qualified DNB-BRDF,1,G2,10.0
320,0,0.95,,,,,,0.0,0,2014-09-24,2014-09-24,2014-09-24,,not observable,Tacloban City Centre,POI 5×5,Reliability-qualified DNB-BRDF,1,G2,10.0
321,0,0.95,,,,,,0.0,0,2014-09-25,2014-09-25,2014-09-25,,not observable,Tacloban City Centre,POI 5×5,Reliability-qualified DNB-BRDF,1,G2,10.0
322,0,0.95,,,,,,0.0,0,2014-09-26,2014-09-26,2014-09-26,,not observable,Tacloban City Centre,POI 5×5,Reliability-qualified DNB-BRDF,1,G2,10.0
323,0,0.95,,,,,,0.0,0,2014-09-27,2014-09-27,2014-09-27,,not observable,Tacloban City Centre,POI 5×5,Reliability-qualified DNB-BRDF,1,G2,10.0
324,0,0.95,,,,,,0.0,0,2014-09-28,2014-09-28,2014-09-28,,not observable,Tacloban City Centre,POI 5×5,Reliability-qualified DNB-BRDF,1,G2,10.0
325,0,0.95,,,,,,0.0,0,2014-09-29,2014-09-29,2014-09-29,,not observable,Tacloban City Centre,POI 5×5,Reliability-qualified DNB-BRDF,1,G2,10.0
326,0,0.95,44.74274,76.510925,58.47889,50.525413513183594,65.00524139404297,68.75,11,2014-09-30,2014-09-30,2014-09-30,4.067521875554865,observed,Tacloban City Centre,POI 5×5,Reliability-qualified DNB-BRDF,1,G2,10.0
327,0,0.95,,,,,,0.0,0,2014-10-01,2014-10-01,2014-10-01,,not observable,Tacloban City Centre,POI 5×5,Reliability-qualified DNB-BRDF,1,G2,10.0
328,0,0.95,,,,,,0.0,0,2014-10-02,2014-10-02,2014-10-02,,not observable,Tacloban City Centre,POI 5×5,Reliability-qualified DNB-BRDF,1,G2,10.0
329,0,0.95,,,,,,0.0,0,2014-10-03,2014-10-03,2014-10-03,,not observable,Tacloban City Centre,POI 5×5,Reliability-qualified DNB-BRDF,1,G2,10.0
330,0,0.95,,,,,,0.0,0,2014-10-04,2014-10-04,2014-10-04,,not observable,Tacloban City Centre,POI 5×5,Reliability-qualified DNB-BRDF,1,G2,10.0
331,0,0.95,,,,,,0.0,0,2014-10-05,2014-10-05,2014-10-05,,not observable,Tacloban City Centre,POI 5×5,Reliability-qualified DNB-BRDF,1,G2,10.0
332,0,0.95,,,,,,0.0,0,2014-10-06,2014-10-06,2014-10-06,,not observable,Tacloban City Centre,POI 5×5,Reliability-qualified DNB-BRDF,1,G2,10.0
333,0,0.95,,,,,,0.0,0,2014-10-07,2014-10-07,2014-10-07,,not observable,Tacloban City Centre,POI 5×5,Reliability-qualified DNB-BRDF,1,G2,10.0
334,0,0.95,,,,,,0.0,0,2014-10-08,2014-10-08,2014-10-08,,not observable,Tacloban City Centre,POI 5×5,Reliability-qualified DNB-BRDF,1,G2,10.0
335,0,0.95,,,,,,0.0,0,2014-10-09,2014-10-09,2014-10-09,,not observable,Tacloban City Centre,POI 5×5,Reliability-qualified DNB-BRDF,1,G2,10.0
336,0,0.95,,,,,,0.0,0,2014-10-10,2014-10-10,2014-10-10,,not observable,Tacloban City Centre,POI 5×5,Reliability-qualified DNB-BRDF,1,G2,10.0
337,0,0.95,,,,,,0.0,0,2014-10-11,2014-10-11,2014-10-11,,not observable,Tacloban City Centre,POI 5×5,Reliability-qualified DNB-BRDF,1,G2,10.0
338,0,0.95,42.563244,89.10877,47.76549,42.577659606933594,52.39845275878906,75.0,12,2014-10-12,2014-10-12,2014-10-12,3.5469369888305664,observed,Tacloban City Centre,POI 5×5,Reliability-qualified DNB-BRDF,1,G2,10.0
339,0,0.95,76.65785,91.88181,83.43093,72.31674194335938,92.22884368896484,81.25,13,2014-10-13,2014-10-13,2014-10-13,5.89675785945012,observed,Tacloban City Centre,POI 5×5,Reliability-qualified DNB-BRDF,1,G2,10.0
340,0,0.95,,,,,,0.0,0,2014-10-14,2014-10-14,2014-10-14,,not observable,Tacloban City Centre,POI 5×5,Reliability-qualified DNB-BRDF,1,G2,10.0
341,0,0.95,,,,,,0.0,0,2014-10-15,2014-10-15,2014-10-15,,not observable,Tacloban City Centre,POI 5×5,Reliability-qualified DNB-BRDF,1,G2,10.0
342,0,0.95,74.47476,108.25356,68.79659,61.04161071777344,74.62797546386719,93.75,15,2014-10-16,2014-10-16,2014-10-16,4.964984130859375,observed,Tacloban City Centre,POI 5×5,Reliability-qualified DNB-BRDF,1,G2,10.0
343,0,0.95,14.645442,34.704647,42.200233,37.50437545776367,45.85422897338867,31.25,5,2014-10-17,2014-10-17,2014-10-17,2.9290884017944334,observed,Tacloban City Centre,POI 5×5,Reliability-qualified DNB-BRDF,1,G2,10.0
344,0,0.95,51.963306,113.59054,45.74616,40.02379608154297,49.88372039794922,100.0,16,2014-10-18,2014-10-18,2014-10-18,3.247706651687622,observed,Tacloban City Centre,POI 5×5,Reliability-qualified DNB-BRDF,1,G2,10.0
345,0,0.95,,,,,,0.0,0,2014-10-19,2014-10-19,2014-10-19,,not observable,Tacloban City Centre,POI 5×5,Reliability-qualified DNB-BRDF,1,G2,10.0
346,0,0.95,49.928085,70.952065,70.36876,61.669586181640625,77.83904266357422,62.5,10,2014-10-20,2014-10-20,2014-10-20,4.992808532714844,observed,Tacloban City Centre,POI 5×5,Reliability-qualified DNB-BRDF,1,G2,10.0
347,0,0.95,65.30584,99.004395,65.96257,57.605716705322266,72.52714538574219,87.5,14,2014-10-21,2014-10-21,2014-10-21,4.664702824183872,observed,Tacloban City Centre,POI 5×5,Reliability-qualified DNB-BRDF,1,G2,10.0
348,0,0.95,,,,,,0.0,0,2014-10-22,2014-10-22,2014-10-22,,not observable,Tacloban City Centre,POI 5×5,Reliability-qualified DNB-BRDF,1,G2,10.0
349,0,0.95,34.106434,82.635826,41.27318,35.85112762451172,45.25090408325195,75.0,12,2014-10-23,2014-10-23,2014-10-23,2.84220282236735,observed,Tacloban City Centre,POI 5×5,Reliability-qualified DNB-BRDF,1,G2,10.0
350,0,0.95,,,,,,0.0,0,2014-10-24,2014-10-24,2014-10-24,,not observable,Tacloban City Centre,POI 5×5,Reliability-qualified DNB-BRDF,1,G2,10.0
351,0,0.95,93.46175,98.594894,94.7937,82.44705963134766,103.99919128417969,87.5,14,2014-10-25,2014-10-25,2014-10-25,6.675839015415737,observed,Tacloban City Centre,POI 5×5,Reliability-qualified DNB-BRDF,1,G2,10.0
352,0,0.95,,,,,,0.0,0,2014-10-26,2014-10-26,2014-10-26,,not observable,Tacloban City Centre,POI 5×5,Reliability-qualified DNB-BRDF,1,G2,10.0
353,0,0.95,,,,,,0.0,0,2014-10-27,2014-10-27,2014-10-27,,not observable,Tacloban City Centre,POI 5×5,Reliability-qualified DNB-BRDF,1,G2,10.0
354,0,0.95,,,,,,0.0,0,2014-10-28,2014-10-28,2014-10-28,,not observable,Tacloban City Centre,POI 5×5,Reliability-qualified DNB-BRDF,1,G2,10.0
355,0,0.95,,,,,,0.0,0,2014-10-29,2014-10-29,2014-10-29,,not observable,Tacloban City Centre,POI 5×5,Reliability-qualified DNB-BRDF,1,G2,10.0
356,0,0.95,113.95038,105.9051,107.59669,94.02918243408203,117.51143646240234,93.75,15,2014-10-30,2014-10-30,2014-10-30,7.59669189453125,observed,Tacloban City Centre,POI 5×5,Reliability-qualified DNB-BRDF,1,G2,10.0
357,0,0.95,7.455991,14.995647,49.72103,43.73670959472656,52.68655776977539,12.5,2,2014-10-31,2014-10-31,2014-10-31,3.7279953956604004,observed,Tacloban City Centre,POI 5×5,Reliability-qualified DNB-BRDF,1,G2,10.0
358,0,0.95,,,,,,0.0,0,2014-11-01,2014-11-01,2014-11-01,,not observable,Tacloban City Centre,POI 5×5,Reliability-qualified DNB-BRDF,1,G2,10.0
359,0,0.95,,,,,,0.0,0,2014-11-02,2014-11-02,2014-11-02,,not observable,Tacloban City Centre,POI 5×5,Reliability-qualified DNB-BRDF,1,G2,10.0
360,0,0.95,,,,,,0.0,0,2014-11-03,2014-11-03,2014-11-03,,not observable,Tacloban City Centre,POI 5×5,Reliability-qualified DNB-BRDF,1,G2,10.0
361,0,0.95,,,,,,0.0,0,2014-11-04,2014-11-04,2014-11-04,,not observable,Tacloban City Centre,POI 5×5,Reliability-qualified DNB-BRDF,1,G2,10.0
362,0,0.95,94.295334,98.594894,95.63916,83.60731506347656,104.75249481201172,87.5,14,2014-11-05,2014-11-05,2014-11-05,6.735380990164621,observed,Tacloban City Centre,POI 5×5,Reliability-qualified DNB-BRDF,1,G2,10.0
363,0,0.95,74.77263,91.13133,82.04931,71.5632553100586,90.10810089111328,81.25,13,2014-11-06,2014-11-06,2014-11-06,5.75174067570613,observed,Tacloban City Centre,POI 5×5,Reliability-qualified DNB-BRDF,1,G2,10.0
-180,0,0.95,,,,,,0.0,0,2013-05-12,2013-05-12,2013-05-12,,not observable,Ormoc City Centre,POI 5×5,Reliability-qualified DNB-BRDF,1,G2,10.0
-179,0,0.95,,,,,,0.0,0,2013-05-13,2013-05-13,2013-05-13,,not observable,Ormoc City Centre,POI 5×5,Reliability-qualified DNB-BRDF,1,G2,10.0
-178,0,0.95,,,,,,0.0,0,2013-05-14,2013-05-14,2013-05-14,,not observable,Ormoc City Centre,POI 5×5,Reliability-qualified DNB-BRDF,1,G2,10.0
-177,0,0.95,23.824818,13.5347185,176.02744,157.3194179606472,201.1293541714411,26.31578947368421,5,2013-05-15,2013-05-15,2013-05-15,4.764963531494141,observed,Ormoc City Centre,POI 5×5,Reliability-qualified DNB-BRDF,1,G2,10.0
-176,0,0.95,104.08779,97.835075,106.39108,91.29395958446307,125.62080438485751,100.0,19,2013-05-16,2013-05-16,2013-05-16,5.478304812782689,observed,Ormoc City Centre,POI 5×5,Reliability-qualified DNB-BRDF,1,G2,10.0
-175,0,0.95,88.34027,97.835075,90.2951,77.48202861122105,106.61553955831062,100.0,19,2013-05-17,2013-05-17,2013-05-17,4.649487947162829,observed,Ormoc City Centre,POI 5×5,Reliability-qualified DNB-BRDF,1,G2,10.0
-174,0,0.95,86.51732,89.83926,96.30235,82.26374535012712,113.39309985473295,89.47368421052632,17,2013-05-18,2013-05-18,2013-05-18,5.089254042681525,observed,Ormoc City Centre,POI 5×5,Reliability-qualified DNB-BRDF,1,G2,10.0
-173,0,0.95,,,,,,0.0,0,2013-05-19,2013-05-19,2013-05-19,,not observable,Ormoc City Centre,POI 5×5,Reliability-qualified DNB-BRDF,1,G2,10.0
-172,0,0.95,137.14804,82.964485,165.30933,141.5329359470867,193.032348692568,84.21052631578948,16,2013-05-20,2013-05-20,2013-05-20,8.571752548217773,observed,Ormoc City Centre,POI 5×5,Reliability-qualified DNB-BRDF,1,G2,10.0
-171,0,0.95,83.326935,85.49821,97.46045,82.74405362832417,115.24158673535186,89.47368421052632,17,2013-05-21,2013-05-21,2013-05-21,4.901584400850184,observed,Ormoc City Centre,POI 5×5,Reliability-qualified DNB-BRDF,1,G2,10.0
-170,0,0.95,71.685196,81.54938,87.90404,76.39649371857774,103.76128189616843,78.94736842105263,15,2013-05-22,2013-05-22,2013-05-22,4.779013061523438,observed,Ormoc City Centre,POI 5×5,Reliability-qualified DNB-BRDF,1,G2,10.0
-169,0,0.95,73.77446,78.30032,94.219864,80.06851422034515,108.5669898664646,73.6842105263158,14,2013-05-23,2013-05-23,2013-05-23,5.2696042742047995,observed,Ormoc City Centre,POI 5×5,Reliability-qualified DNB-BRDF,1,G2,10.0
-168,0,0.95,49.353027,75.378174,65.4739,55.72354101093034,73.68934250530667,73.6842105263158,14,2013-05-24,2013-05-24,2013-05-24,3.5252162388392856,observed,Ormoc City Centre,POI 5×5,Reliability-qualified DNB-BRDF,1,G2,10.0
-167,0,0.95,126.95489,77.76062,163.26372,139.30080987667208,187.10908443604916,84.21052631578948,16,2013-05-25,2013-05-25,2013-05-25,7.934680461883545,observed,Ormoc City Centre,POI 5×5,Reliability-qualified DNB-BRDF,1,G2,10.0
-166,0,0.95,77.20066,88.637695,87.09687,76.18667549269347,102.27215180542194,84.21052631578948,16,2013-05-26,2013-05-26,2013-05-26,4.8250412940979,observed,Ormoc City Centre,POI 5×5,Reliability-qualified DNB-BRDF,1,G2,10.0
-165,0,0.95,109.10507,96.11232,113.518295,97.42181766593998,133.35584251158681,94.73684210526316,18,2013-05-27,2013-05-27,2013-05-27,6.061392890082465,observed,Ormoc City Centre,POI 5×5,Reliability-qualified DNB-BRDF,1,G2,10.0
-164,0,0.95,,,,,,0.0,0,2013-05-28,2013-05-28,2013-05-28,,not observable,Ormoc City Centre,POI 5×5,Reliability-qualified DNB-BRDF,1,G2,10.0
-163,0,0.95,,,,,,0.0,0,2013-05-29,2013-05-29,2013-05-29,,not observable,Ormoc City Centre,POI 5×5,Reliability-qualified DNB-BRDF,1,G2,10.0
-162,0,0.95,,,,,,0.0,0,2013-05-30,2013-05-30,2013-05-30,,not observable,Ormoc City Centre,POI 5×5,Reliability-qualified DNB-BRDF,1,G2,10.0
-161,0,0.95,150.57367,77.608,194.01823,168.5973992587279,228.3430354322073,73.6842105263158,14,2013-05-31,2013-05-31,2013-05-31,10.755262102399554,observed,Ormoc City Centre,POI 5×5,Reliability-qualified DNB-BRDF,1,G2,10.0
-160,0,0.95,,,,,,0.0,0,2013-06-01,2013-06-01,2013-06-01,,not observable,Ormoc City Centre,POI 5×5,Reliability-qualified DNB-BRDF,1,G2,10.0
-159,0,0.95,,,,,,0.0,0,2013-06-02,2013-06-02,2013-06-02,,not observable,Ormoc City Centre,POI 5×5,Reliability-qualified DNB-BRDF,1,G2,10.0
-158,0,0.95,,,,,,0.0,0,2013-06-03,2013-06-03,2013-06-03,,not observable,Ormoc City Centre,POI 5×5,Reliability-qualified DNB-BRDF,1,G2,10.0
-157,0,0.95,,,,,,0.0,0,2013-06-04,2013-06-04,2013-06-04,,not observable,Ormoc City Centre,POI 5×5,Reliability-qualified DNB-BRDF,1,G2,10.0
-156,0,0.95,103.29767,97.835075,105.583466,90.60095019241221,124.66722106267564,100.0,19,2013-06-05,2013-06-05,2013-06-05,5.436719392475329,observed,Ormoc City Centre,POI 5×5,Reliability-qualified DNB-BRDF,1,G2,10.0
-155,0,0.95,,,,,,0.0,0,2013-06-06,2013-06-06,2013-06-06,,not observable,Ormoc City Centre,POI 5×5,Reliability-qualified DNB-BRDF,1,G2,10.0
-154,0,0.95,,,,,,0.0,0,2013-06-07,2013-06-07,2013-06-07,,not observable,Ormoc City Centre,POI 5×5,Reliability-qualified DNB-BRDF,1,G2,10.0
-153,0,0.95,,,,,,0.0,0,2013-06-08,2013-06-08,2013-06-08,,not observable,Ormoc City Centre,POI 5×5,Reliability-qualified DNB-BRDF,1,G2,10.0
-152,0,0.95,,,,,,0.0,0,2013-06-09,2013-06-09,2013-06-09,,not observable,Ormoc City Centre,POI 5×5,Reliability-qualified DNB-BRDF,1,G2,10.0
-151,0,0.95,,,,,,0.0,0,2013-06-10,2013-06-10,2013-06-10,,not observable,Ormoc City Centre,POI 5×5,Reliability-qualified DNB-BRDF,1,G2,10.0
-150,0,0.95,,,,,,0.0,0,2013-06-11,2013-06-11,2013-06-11,,not observable,Ormoc City Centre,POI 5×5,Reliability-qualified DNB-BRDF,1,G2,10.0
-149,0,0.95,,,,,,0.0,0,2013-06-12,2013-06-12,2013-06-12,,not observable,Ormoc City Centre,POI 5×5,Reliability-qualified DNB-BRDF,1,G2,10.0
-148,0,0.95,,,,,,0.0,0,2013-06-13,2013-06-13,2013-06-13,,not observable,Ormoc City Centre,POI 5×5,Reliability-qualified DNB-BRDF,1,G2,10.0
-147,0,0.95,,,,,,0.0,0,2013-06-14,2013-06-14,2013-06-14,,not observable,Ormoc City Centre,POI 5×5,Reliability-qualified DNB-BRDF,1,G2,10.0
-146,0,0.95,,,,,,0.0,0,2013-06-15,2013-06-15,2013-06-15,,not observable,Ormoc City Centre,POI 5×5,Reliability-qualified DNB-BRDF,1,G2,10.0
-145,0,0.95,,,,,,0.0,0,2013-06-16,2013-06-16,2013-06-16,,not observable,Ormoc City Centre,POI 5×5,Reliability-qualified DNB-BRDF,1,G2,10.0
-144,0,0.95,,,,,,0.0,0,2013-06-17,2013-06-17,2013-06-17,,not observable,Ormoc City Centre,POI 5×5,Reliability-qualified DNB-BRDF,1,G2,10.0
-143,0,0.95,,,,,,0.0,0,2013-06-18,2013-06-18,2013-06-18,,not observable,Ormoc City Centre,POI 5×5,Reliability-qualified DNB-BRDF,1,G2,10.0
-142,0,0.95,,,,,,0.0,0,2013-06-19,2013-06-19,2013-06-19,,not observable,Ormoc City Centre,POI 5×5,Reliability-qualified DNB-BRDF,1,G2,10.0
-141,0,0.95,,,,,,0.0,0,2013-06-20,2013-06-20,2013-06-20,,not observable,Ormoc City Centre,POI 5×5,Reliability-qualified DNB-BRDF,1,G2,10.0
-140,0,0.95,,,,,,0.0,0,2013-06-21,2013-06-21,2013-06-21,,not observable,Ormoc City Centre,POI 5×5,Reliability-qualified DNB-BRDF,1,G2,10.0
-139,0,0.95,,,,,,0.0,0,2013-06-22,2013-06-22,2013-06-22,,not observable,Ormoc City Centre,POI 5×5,Reliability-qualified DNB-BRDF,1,G2,10.0
-138,0,0.95,,,,,,0.0,0,2013-06-23,2013-06-23,2013-06-23,,not observable,Ormoc City Centre,POI 5×5,Reliability-qualified DNB-BRDF,1,G2,10.0
-137,0,0.95,72.902245,76.84723,94.86646,83.28669817446996,112.12179141382208,73.6842105263158,14,2013-06-24,2013-06-24,2013-06-24,5.207303183419364,observed,Ormoc City Centre,POI 5×5,Reliability-qualified DNB-BRDF,1,G2,10.0
-136,0,0.95,,,,,,0.0,0,2013-06-25,2013-06-25,2013-06-25,,not observable,Ormoc City Centre,POI 5×5,Reliability-qualified DNB-BRDF,1,G2,10.0
-135,0,0.95,,,,,,0.0,0,2013-06-26,2013-06-26,2013-06-26,,not observable,Ormoc City Centre,POI 5×5,Reliability-qualified DNB-BRDF,1,G2,10.0
-134,0,0.95,,,,,,0.0,0,2013-06-27,2013-06-27,2013-06-27,,not observable,Ormoc City Centre,POI 5×5,Reliability-qualified DNB-BRDF,1,G2,10.0
-133,0,0.95,,,,,,0.0,0,2013-06-28,2013-06-28,2013-06-28,,not observable,Ormoc City Centre,POI 5×5,Reliability-qualified DNB-BRDF,1,G2,10.0
-132,0,0.95,,,,,,0.0,0,2013-06-29,2013-06-29,2013-06-29,,not observable,Ormoc City Centre,POI 5×5,Reliability-qualified DNB-BRDF,1,G2,10.0
-131,0,0.95,15.970513,16.635023,96.00536,75.57483695936646,125.52312216802261,31.57894736842105,6,2013-06-30,2013-06-30,2013-06-30,2.661752223968506,observed,Ormoc City Centre,POI 5×5,Reliability-qualified DNB-BRDF,1,G2,10.0
-130,0,0.95,,,,,,0.0,0,2013-07-01,2013-07-01,2013-07-01,,not observable,Ormoc City Centre,POI 5×5,Reliability-qualified DNB-BRDF,1,G2,10.0
-129,0,0.95,,,,,,0.0,0,2013-07-02,2013-07-02,2013-07-02,,not observable,Ormoc City Centre,POI 5×5,Reliability-qualified DNB-BRDF,1,G2,10.0
-128,0,0.95,,,,,,0.0,0,2013-07-03,2013-07-03,2013-07-03,,not observable,Ormoc City Centre,POI 5×5,Reliability-qualified DNB-BRDF,1,G2,10.0
-127,0,0.95,,,,,,0.0,0,2013-07-04,2013-07-04,2013-07-04,,not observable,Ormoc City Centre,POI 5×5,Reliability-qualified DNB-BRDF,1,G2,10.0
-126,0,0.95,,,,,,0.0,0,2013-07-05,2013-07-05,2013-07-05,,not observable,Ormoc City Centre,POI 5×5,Reliability-qualified DNB-BRDF,1,G2,10.0
-125,0,0.95,,,,,,0.0,0,2013-07-06,2013-07-06,2013-07-06,,not observable,Ormoc City Centre,POI 5×5,Reliability-qualified DNB-BRDF,1,G2,10.0
-124,0,0.95,,,,,,0.0,0,2013-07-07,2013-07-07,2013-07-07,,not observable,Ormoc City Centre,POI 5×5,Reliability-qualified DNB-BRDF,1,G2,10.0
-123,0,0.95,66.48234,62.146427,106.97693,90.24773760612989,128.89566954193128,68.42105263157895,13,2013-07-08,2013-07-08,2013-07-08,5.11402599628155,observed,Ormoc City Centre,POI 5×5,Reliability-qualified DNB-BRDF,1,G2,10.0
-122,0,0.95,,,,,,0.0,0,2013-07-09,2013-07-09,2013-07-09,,not observable,Ormoc City Centre,POI 5×5,Reliability-qualified DNB-BRDF,1,G2,10.0
-121,0,0.95,,,,,,0.0,0,2013-07-10,2013-07-10,2013-07-10,,not observable,Ormoc City Centre,POI 5×5,Reliability-qualified DNB-BRDF,1,G2,10.0
-120,0,0.95,,,,,,0.0,0,2013-07-11,2013-07-11,2013-07-11,,not observable,Ormoc City Centre,POI 5×5,Reliability-qualified DNB-BRDF,1,G2,10.0
-119,0,0.95,,,,,,0.0,0,2013-07-12,2013-07-12,2013-07-12,,not observable,Ormoc City Centre,POI 5×5,Reliability-qualified DNB-BRDF,1,G2,10.0
-118,0,0.95,,,,,,0.0,0,2013-07-13,2013-07-13,2013-07-13,,not observable,Ormoc City Centre,POI 5×5,Reliability-qualified DNB-BRDF,1,G2,10.0
-117,0,0.95,,,,,,0.0,0,2013-07-14,2013-07-14,2013-07-14,,not observable,Ormoc City Centre,POI 5×5,Reliability-qualified DNB-BRDF,1,G2,10.0
-116,0,0.95,,,,,,0.0,0,2013-07-15,2013-07-15,2013-07-15,,not observable,Ormoc City Centre,POI 5×5,Reliability-qualified DNB-BRDF,1,G2,10.0
-115,0,0.95,,,,,,0.0,0,2013-07-16,2013-07-16,2013-07-16,,not observable,Ormoc City Centre,POI 5×5,Reliability-qualified DNB-BRDF,1,G2,10.0
-114,0,0.95,,,,,,0.0,0,2013-07-17,2013-07-17,2013-07-17,,not observable,Ormoc City Centre,POI 5×5,Reliability-qualified DNB-BRDF,1,G2,10.0
-113,0,0.95,120.239136,89.599495,134.19623,114.81089536664324,155.9311804243882,89.47368421052632,17,2013-07-18,2013-07-18,2013-07-18,7.0728903377757355,observed,Ormoc City Centre,POI 5×5,Reliability-qualified DNB-BRDF,1,G2,10.0
-112,0,0.95,,,,,,0.0,0,2013-07-19,2013-07-19,2013-07-19,,not observable,Ormoc City Centre,POI 5×5,Reliability-qualified DNB-BRDF,1,G2,10.0
-111,0,0.95,,,,,,0.0,0,2013-07-20,2013-07-20,2013-07-20,,not observable,Ormoc City Centre,POI 5×5,Reliability-qualified DNB-BRDF,1,G2,10.0
-110,0,0.95,,,,,,0.0,0,2013-07-21,2013-07-21,2013-07-21,,not observable,Ormoc City Centre,POI 5×5,Reliability-qualified DNB-BRDF,1,G2,10.0
-109,0,0.95,,,,,,0.0,0,2013-07-22,2013-07-22,2013-07-22,,not observable,Ormoc City Centre,POI 5×5,Reliability-qualified DNB-BRDF,1,G2,10.0
-108,0,0.95,,,,,,0.0,0,2013-07-23,2013-07-23,2013-07-23,,not observable,Ormoc City Centre,POI 5×5,Reliability-qualified DNB-BRDF,1,G2,10.0
-107,0,0.95,,,,,,0.0,0,2013-07-24,2013-07-24,2013-07-24,,not observable,Ormoc City Centre,POI 5×5,Reliability-qualified DNB-BRDF,1,G2,10.0
-106,0,0.95,46.744896,83.11188,56.243343,49.21096994069065,66.4118947203212,78.94736842105263,15,2013-07-25,2013-07-25,2013-07-25,3.116326395670573,observed,Ormoc City Centre,POI 5×5,Reliability-qualified DNB-BRDF,1,G2,10.0
-105,0,0.95,,,,,,0.0,0,2013-07-26,2013-07-26,2013-07-26,,not observable,Ormoc City Centre,POI 5×5,Reliability-qualified DNB-BRDF,1,G2,10.0
-104,0,0.95,,,,,,0.0,0,2013-07-27,2013-07-27,2013-07-27,,not observable,Ormoc City Centre,POI 5×5,Reliability-qualified DNB-BRDF,1,G2,10.0
-103,0,0.95,,,,,,0.0,0,2013-07-28,2013-07-28,2013-07-28,,not observable,Ormoc City Centre,POI 5×5,Reliability-qualified DNB-BRDF,1,G2,10.0
-102,0,0.95,,,,,,0.0,0,2013-07-29,2013-07-29,2013-07-29,,not observable,Ormoc City Centre,POI 5×5,Reliability-qualified DNB-BRDF,1,G2,10.0
-101,0,0.95,,,,,,0.0,0,2013-07-30,2013-07-30,2013-07-30,,not observable,Ormoc City Centre,POI 5×5,Reliability-qualified DNB-BRDF,1,G2,10.0
-100,0,0.95,,,,,,0.0,0,2013-07-31,2013-07-31,2013-07-31,,not observable,Ormoc City Centre,POI 5×5,Reliability-qualified DNB-BRDF,1,G2,10.0
-99,0,0.95,,,,,,0.0,0,2013-08-01,2013-08-01,2013-08-01,,not observable,Ormoc City Centre,POI 5×5,Reliability-qualified DNB-BRDF,1,G2,10.0
-98,0,0.95,,,,,,0.0,0,2013-08-02,2013-08-02,2013-08-02,,not observable,Ormoc City Centre,POI 5×5,Reliability-qualified DNB-BRDF,1,G2,10.0
-97,0,0.95,,,,,,0.0,0,2013-08-03,2013-08-03,2013-08-03,,not observable,Ormoc City Centre,POI 5×5,Reliability-qualified DNB-BRDF,1,G2,10.0
-96,0,0.95,,,,,,0.0,0,2013-08-04,2013-08-04,2013-08-04,,not observable,Ormoc City Centre,POI 5×5,Reliability-qualified DNB-BRDF,1,G2,10.0
-95,0,0.95,,,,,,0.0,0,2013-08-05,2013-08-05,2013-08-05,,not observable,Ormoc City Centre,POI 5×5,Reliability-qualified DNB-BRDF,1,G2,10.0
-94,0,0.95,60.81749,95.08781,63.959293,54.79928215298255,75.59463486455661,94.73684210526316,18,2013-08-06,2013-08-06,2013-08-06,3.3787494235568576,observed,Ormoc City Centre,POI 5×5,Reliability-qualified DNB-BRDF,1,G2,10.0
-93,0,0.95,,,,,,0.0,0,2013-08-07,2013-08-07,2013-08-07,,not observable,Ormoc City Centre,POI 5×5,Reliability-qualified DNB-BRDF,1,G2,10.0
-92,0,0.95,,,,,,0.0,0,2013-08-08,2013-08-08,2013-08-08,,not observable,Ormoc City Centre,POI 5×5,Reliability-qualified DNB-BRDF,1,G2,10.0
-91,0,0.95,,,,,,0.0,0,2013-08-09,2013-08-09,2013-08-09,,not observable,Ormoc City Centre,POI 5×5,Reliability-qualified DNB-BRDF,1,G2,10.0
-90,0,0.95,,,,,,0.0,0,2013-08-10,2013-08-10,2013-08-10,,not observable,Ormoc City Centre,POI 5×5,Reliability-qualified DNB-BRDF,1,G2,10.0
-89,0,0.95,,,,,,0.0,0,2013-08-11,2013-08-11,2013-08-11,,not observable,Ormoc City Centre,POI 5×5,Reliability-qualified DNB-BRDF,1,G2,10.0
-88,0,0.95,,,,,,0.0,0,2013-08-12,2013-08-12,2013-08-12,,not observable,Ormoc City Centre,POI 5×5,Reliability-qualified DNB-BRDF,1,G2,10.0
-87,0,0.95,,,,,,0.0,0,2013-08-13,2013-08-13,2013-08-13,,not observable,Ormoc City Centre,POI 5×5,Reliability-qualified DNB-BRDF,1,G2,10.0
-86,0,0.95,,,,,,0.0,0,2013-08-14,2013-08-14,2013-08-14,,not observable,Ormoc City Centre,POI 5×5,Reliability-qualified DNB-BRDF,1,G2,10.0
-85,0,0.95,,,,,,0.0,0,2013-08-15,2013-08-15,2013-08-15,,not observable,Ormoc City Centre,POI 5×5,Reliability-qualified DNB-BRDF,1,G2,10.0
-84,0,0.95,,,,,,0.0,0,2013-08-16,2013-08-16,2013-08-16,,not observable,Ormoc City Centre,POI 5×5,Reliability-qualified DNB-BRDF,1,G2,10.0
-83,0,0.95,,,,,,0.0,0,2013-08-17,2013-08-17,2013-08-17,,not observable,Ormoc City Centre,POI 5×5,Reliability-qualified DNB-BRDF,1,G2,10.0
-82,0,0.95,,,,,,0.0,0,2013-08-18,2013-08-18,2013-08-18,,not observable,Ormoc City Centre,POI 5×5,Reliability-qualified DNB-BRDF,1,G2,10.0
-81,0,0.95,,,,,,0.0,0,2013-08-19,2013-08-19,2013-08-19,,not observable,Ormoc City Centre,POI 5×5,Reliability-qualified DNB-BRDF,1,G2,10.0
-80,0,0.95,,,,,,0.0,0,2013-08-20,2013-08-20,2013-08-20,,not observable,Ormoc City Centre,POI 5×5,Reliability-qualified DNB-BRDF,1,G2,10.0
-79,0,0.95,,,,,,0.0,0,2013-08-21,2013-08-21,2013-08-21,,not observable,Ormoc City Centre,POI 5×5,Reliability-qualified DNB-BRDF,1,G2,10.0
-78,0,0.95,,,,,,0.0,0,2013-08-22,2013-08-22,2013-08-22,,not observable,Ormoc City Centre,POI 5×5,Reliability-qualified DNB-BRDF,1,G2,10.0
-77,0,0.95,,,,,,0.0,0,2013-08-23,2013-08-23,2013-08-23,,not observable,Ormoc City Centre,POI 5×5,Reliability-qualified DNB-BRDF,1,G2,10.0
-76,0,0.95,,,,,,0.0,0,2013-08-24,2013-08-24,2013-08-24,,not observable,Ormoc City Centre,POI 5×5,Reliability-qualified DNB-BRDF,1,G2,10.0
-75,0,0.95,,,,,,0.0,0,2013-08-25,2013-08-25,2013-08-25,,not observable,Ormoc City Centre,POI 5×5,Reliability-qualified DNB-BRDF,1,G2,10.0
-74,0,0.95,,,,,,0.0,0,2013-08-26,2013-08-26,2013-08-26,,not observable,Ormoc City Centre,POI 5×5,Reliability-qualified DNB-BRDF,1,G2,10.0
-73,0,0.95,50.91822,80.82298,62.999683,55.26778677160619,73.80836359013773,73.6842105263158,14,2013-08-27,2013-08-27,2013-08-27,3.6370157514299666,observed,Ormoc City Centre,POI 5×5,Reliability-qualified DNB-BRDF,1,G2,10.0
-72,0,0.95,90.47977,92.586525,97.72455,83.6209563355642,114.96038764770071,94.73684210526316,18,2013-08-28,2013-08-28,2013-08-28,5.026653713650173,observed,Ormoc City Centre,POI 5×5,Reliability-qualified DNB-BRDF,1,G2,10.0
-71,0,0.95,,,,,,0.0,0,2013-08-29,2013-08-29,2013-08-29,,not observable,Ormoc City Centre,POI 5×5,Reliability-qualified DNB-BRDF,1,G2,10.0
-70,0,0.95,,,,,,0.0,0,2013-08-30,2013-08-30,2013-08-30,,not observable,Ormoc City Centre,POI 5×5,Reliability-qualified DNB-BRDF,1,G2,10.0
-69,0,0.95,115.8639,97.835075,118.427765,101.6226166512979,139.83307225949957,100.0,19,2013-08-31,2013-08-31,2013-08-31,6.098099959524054,observed,Ormoc City Centre,POI 5×5,Reliability-qualified DNB-BRDF,1,G2,10.0
-68,0,0.95,91.88449,97.835075,93.91774,80.59061372089035,110.89296342899027,100.0,19,2013-09-01,2013-09-01,2013-09-01,4.83602584035773,observed,Ormoc City Centre,POI 5×5,Reliability-qualified DNB-BRDF,1,G2,10.0
-67,0,0.95,,,,,,0.0,0,2013-09-02,2013-09-02,2013-09-02,,not observable,Ormoc City Centre,POI 5×5,Reliability-qualified DNB-BRDF,1,G2,10.0
-66,0,0.95,,,,,,0.0,0,2013-09-03,2013-09-03,2013-09-03,,not observable,Ormoc City Centre,POI 5×5,Reliability-qualified DNB-BRDF,1,G2,10.0
-65,0,0.95,66.48021,63.935074,103.98081,92.10841157603708,123.45346302656515,57.89473684210526,11,2013-09-04,2013-09-04,2013-09-04,6.0436553955078125,observed,Ormoc City Centre,POI 5×5,Reliability-qualified DNB-BRDF,1,G2,10.0
-64,0,0.95,45.254776,47.377148,95.52026,80.76702970105535,114.28768164068099,57.89473684210526,11,2013-09-05,2013-09-05,2013-09-05,4.114070545543324,observed,Ormoc City Centre,POI 5×5,Reliability-qualified DNB-BRDF,1,G2,10.0
-63,0,0.95,,,,,,0.0,0,2013-09-06,2013-09-06,2013-09-06,,not observable,Ormoc City Centre,POI 5×5,Reliability-qualified DNB-BRDF,1,G2,10.0
-62,0,0.95,,,,,,0.0,0,2013-09-07,2013-09-07,2013-09-07,,not observable,Ormoc City Centre,POI 5×5,Reliability-qualified DNB-BRDF,1,G2,10.0
-61,0,0.95,,,,,,0.0,0,2013-09-08,2013-09-08,2013-09-08,,not observable,Ormoc City Centre,POI 5×5,Reliability-qualified DNB-BRDF,1,G2,10.0
-60,0,0.95,,,,,,0.0,0,2013-09-09,2013-09-09,2013-09-09,,not observable,Ormoc City Centre,POI 5×5,Reliability-qualified DNB-BRDF,1,G2,10.0
-59,0,0.95,,,,,,0.0,0,2013-09-10,2013-09-10,2013-09-10,,not observable,Ormoc City Centre,POI 5×5,Reliability-qualified DNB-BRDF,1,G2,10.0
-58,0,0.95,,,,,,0.0,0,2013-09-11,2013-09-11,2013-09-11,,not observable,Ormoc City Centre,POI 5×5,Reliability-qualified DNB-BRDF,1,G2,10.0
-57,0,0.95,,,,,,0.0,0,2013-09-12,2013-09-12,2013-09-12,,not observable,Ormoc City Centre,POI 5×5,Reliability-qualified DNB-BRDF,1,G2,10.0
-56,0,0.95,92.40703,92.586525,99.80614,85.40212578888814,117.40910313474515,94.73684210526316,18,2013-09-13,2013-09-13,2013-09-13,5.133723788791233,observed,Ormoc City Centre,POI 5×5,Reliability-qualified DNB-BRDF,1,G2,10.0
-55,0,0.95,,,,,,0.0,0,2013-09-14,2013-09-14,2013-09-14,,not observable,Ormoc City Centre,POI 5×5,Reliability-qualified DNB-BRDF,1,G2,10.0
-54,0,0.95,,,,,,0.0,0,2013-09-15,2013-09-15,2013-09-15,,not observable,Ormoc City Centre,POI 5×5,Reliability-qualified DNB-BRDF,1,G2,10.0
-53,0,0.95,,,,,,0.0,0,2013-09-16,2013-09-16,2013-09-16,,not observable,Ormoc City Centre,POI 5×5,Reliability-qualified DNB-BRDF,1,G2,10.0
-52,0,0.95,,,,,,0.0,0,2013-09-17,2013-09-17,2013-09-17,,not observable,Ormoc City Centre,POI 5×5,Reliability-qualified DNB-BRDF,1,G2,10.0
-51,0,0.95,,,,,,0.0,0,2013-09-18,2013-09-18,2013-09-18,,not observable,Ormoc City Centre,POI 5×5,Reliability-qualified DNB-BRDF,1,G2,10.0
-50,0,0.95,,,,,,0.0,0,2013-09-19,2013-09-19,2013-09-19,,not observable,Ormoc City Centre,POI 5×5,Reliability-qualified DNB-BRDF,1,G2,10.0
-49,0,0.95,,,,,,0.0,0,2013-09-20,2013-09-20,2013-09-20,,not observable,Ormoc City Centre,POI 5×5,Reliability-qualified DNB-BRDF,1,G2,10.0
-48,0,0.95,,,,,,0.0,0,2013-09-21,2013-09-21,2013-09-21,,not observable,Ormoc City Centre,POI 5×5,Reliability-qualified DNB-BRDF,1,G2,10.0
-47,0,0.95,,,,,,0.0,0,2013-09-22,2013-09-22,2013-09-22,,not observable,Ormoc City Centre,POI 5×5,Reliability-qualified DNB-BRDF,1,G2,10.0
-46,0,0.95,,,,,,0.0,0,2013-09-23,2013-09-23,2013-09-23,,not observable,Ormoc City Centre,POI 5×5,Reliability-qualified DNB-BRDF,1,G2,10.0
-45,0,0.95,,,,,,0.0,0,2013-09-24,2013-09-24,2013-09-24,,not observable,Ormoc City Centre,POI 5×5,Reliability-qualified DNB-BRDF,1,G2,10.0
-44,0,0.95,,,,,,0.0,0,2013-09-25,2013-09-25,2013-09-25,,not observable,Ormoc City Centre,POI 5×5,Reliability-qualified DNB-BRDF,1,G2,10.0
-43,0,0.95,,,,,,0.0,0,2013-09-26,2013-09-26,2013-09-26,,not observable,Ormoc City Centre,POI 5×5,Reliability-qualified DNB-BRDF,1,G2,10.0
-42,0,0.95,80.42745,67.60815,118.96118,100.56877456390781,134.89418662837102,68.42105263157895,13,2013-09-27,2013-09-27,2013-09-27,6.186727083646334,observed,Ormoc City Centre,POI 5×5,Reliability-qualified DNB-BRDF,1,G2,10.0
-41,0,0.95,,,,,,0.0,0,2013-09-28,2013-09-28,2013-09-28,,not observable,Ormoc City Centre,POI 5×5,Reliability-qualified DNB-BRDF,1,G2,10.0
-40,0,0.95,,,,,,0.0,0,2013-09-29,2013-09-29,2013-09-29,,not observable,Ormoc City Centre,POI 5×5,Reliability-qualified DNB-BRDF,1,G2,10.0
-39,0,0.95,,,,,,0.0,0,2013-09-30,2013-09-30,2013-09-30,,not observable,Ormoc City Centre,POI 5×5,Reliability-qualified DNB-BRDF,1,G2,10.0
-38,0,0.95,,,,,,0.0,0,2013-10-01,2013-10-01,2013-10-01,,not observable,Ormoc City Centre,POI 5×5,Reliability-qualified DNB-BRDF,1,G2,10.0
-37,0,0.95,,,,,,0.0,0,2013-10-02,2013-10-02,2013-10-02,,not observable,Ormoc City Centre,POI 5×5,Reliability-qualified DNB-BRDF,1,G2,10.0
-36,0,0.95,,,,,,0.0,0,2013-10-03,2013-10-03,2013-10-03,,not observable,Ormoc City Centre,POI 5×5,Reliability-qualified DNB-BRDF,1,G2,10.0
-35,0,0.95,,,,,,0.0,0,2013-10-04,2013-10-04,2013-10-04,,not observable,Ormoc City Centre,POI 5×5,Reliability-qualified DNB-BRDF,1,G2,10.0
-34,0,0.95,,,,,,0.0,0,2013-10-05,2013-10-05,2013-10-05,,not observable,Ormoc City Centre,POI 5×5,Reliability-qualified DNB-BRDF,1,G2,10.0
-33,0,0.95,,,,,,0.0,0,2013-10-06,2013-10-06,2013-10-06,,not observable,Ormoc City Centre,POI 5×5,Reliability-qualified DNB-BRDF,1,G2,10.0
-32,0,0.95,4.9283924,6.461029,76.278755,67.3227860779251,115.29744843465703,10.526315789473685,2,2013-10-07,2013-10-07,2013-10-07,2.46419620513916,observed,Ormoc City Centre,POI 5×5,Reliability-qualified DNB-BRDF,1,G2,10.0
-31,0,0.95,,,,,,0.0,0,2013-10-08,2013-10-08,2013-10-08,,not observable,Ormoc City Centre,POI 5×5,Reliability-qualified DNB-BRDF,1,G2,10.0
-30,0,0.95,,,,,,0.0,0,2013-10-09,2013-10-09,2013-10-09,,not observable,Ormoc City Centre,POI 5×5,Reliability-qualified DNB-BRDF,1,G2,10.0
-29,0,0.95,,,,,,0.0,0,2013-10-10,2013-10-10,2013-10-10,,not observable,Ormoc City Centre,POI 5×5,Reliability-qualified DNB-BRDF,1,G2,10.0
-28,0,0.95,,,,,,0.0,0,2013-10-11,2013-10-11,2013-10-11,,not observable,Ormoc City Centre,POI 5×5,Reliability-qualified DNB-BRDF,1,G2,10.0
-27,0,0.95,,,,,,0.0,0,2013-10-12,2013-10-12,2013-10-12,,not observable,Ormoc City Centre,POI 5×5,Reliability-qualified DNB-BRDF,1,G2,10.0
-26,0,0.95,103.285034,95.08781,108.6207,93.06444537510151,128.380746801815,94.73684210526316,18,2013-10-13,2013-10-13,2013-10-13,5.738057454427083,observed,Ormoc City Centre,POI 5×5,Reliability-qualified DNB-BRDF,1,G2,10.0
-25,0,0.95,,,,,,0.0,0,2013-10-14,2013-10-14,2013-10-14,,not observable,Ormoc City Centre,POI 5×5,Reliability-qualified DNB-BRDF,1,G2,10.0
-24,0,0.95,,,,,,0.0,0,2013-10-15,2013-10-15,2013-10-15,,not observable,Ormoc City Centre,POI 5×5,Reliability-qualified DNB-BRDF,1,G2,10.0
-23,0,0.95,105.996284,92.586525,114.4835,97.9612513162625,134.67513311590477,94.73684210526316,18,2013-10-16,2013-10-16,2013-10-16,5.888682471381293,observed,Ormoc City Centre,POI 5×5,Reliability-qualified DNB-BRDF,1,G2,10.0
-22,0,0.95,87.88343,92.586525,94.92032,81.22143357061645,111.66157262194436,94.73684210526316,18,2013-10-17,2013-10-17,2013-10-17,4.882412804497613,observed,Ormoc City Centre,POI 5×5,Reliability-qualified DNB-BRDF,1,G2,10.0
-21,0,0.95,70.33811,85.35739,82.40424,71.89361903195537,98.9001916601466,84.21052631578948,16,2013-10-18,2013-10-18,2013-10-18,4.396131992340088,observed,Ormoc City Centre,POI 5×5,Reliability-qualified DNB-BRDF,1,G2,10.0
-20,0,0.95,,,,,,0.0,0,2013-10-19,2013-10-19,2013-10-19,,not observable,Ormoc City Centre,POI 5×5,Reliability-qualified DNB-BRDF,1,G2,10.0
-19,0,0.95,,,,,,0.0,0,2013-10-20,2013-10-20,2013-10-20,,not observable,Ormoc City Centre,POI 5×5,Reliability-qualified DNB-BRDF,1,G2,10.0
-18,0,0.95,,,,,,0.0,0,2013-10-21,2013-10-21,2013-10-21,,not observable,Ormoc City Centre,POI 5×5,Reliability-qualified DNB-BRDF,1,G2,10.0
-17,0,0.95,,,,,,0.0,0,2013-10-22,2013-10-22,2013-10-22,,not observable,Ormoc City Centre,POI 5×5,Reliability-qualified DNB-BRDF,1,G2,10.0
-16,0,0.95,,,,,,0.0,0,2013-10-23,2013-10-23,2013-10-23,,not observable,Ormoc City Centre,POI 5×5,Reliability-qualified DNB-BRDF,1,G2,10.0
-15,0,0.95,,,,,,0.0,0,2013-10-24,2013-10-24,2013-10-24,,not observable,Ormoc City Centre,POI 5×5,Reliability-qualified DNB-BRDF,1,G2,10.0
-14,0,0.95,,,,,,0.0,0,2013-10-25,2013-10-25,2013-10-25,,not observable,Ormoc City Centre,POI 5×5,Reliability-qualified DNB-BRDF,1,G2,10.0
-13,0,0.95,,,,,,0.0,0,2013-10-26,2013-10-26,2013-10-26,,not observable,Ormoc City Centre,POI 5×5,Reliability-qualified DNB-BRDF,1,G2,10.0
-12,0,0.95,,,,,,0.0,0,2013-10-27,2013-10-27,2013-10-27,,not observable,Ormoc City Centre,POI 5×5,Reliability-qualified DNB-BRDF,1,G2,10.0
-11,0,0.95,78.638016,97.835075,80.37814,68.97231456079604,94.90614357017296,100.0,19,2013-10-28,2013-10-28,2013-10-28,4.138842934056332,observed,Ormoc City Centre,POI 5×5,Reliability-qualified DNB-BRDF,1,G2,10.0
-10,0,0.95,,,,,,0.0,0,2013-10-29,2013-10-29,2013-10-29,,not observable,Ormoc City Centre,POI 5×5,Reliability-qualified DNB-BRDF,1,G2,10.0
-9,0,0.95,,,,,,0.0,0,2013-10-30,2013-10-30,2013-10-30,,not observable,Ormoc City Centre,POI 5×5,Reliability-qualified DNB-BRDF,1,G2,10.0
-8,0,0.95,105.83684,92.34676,114.60806,98.2156905559171,133.09965687614152,94.73684210526316,18,2013-10-31,2013-10-31,2013-10-31,5.879824320475261,observed,Ormoc City Centre,POI 5×5,Reliability-qualified DNB-BRDF,1,G2,10.0
-7,0,0.95,,,,,,0.0,0,2013-11-01,2013-11-01,2013-11-01,,not observable,Ormoc City Centre,POI 5×5,Reliability-qualified DNB-BRDF,1,G2,10.0
-6,0,0.95,,,,,,0.0,0,2013-11-02,2013-11-02,2013-11-02,,not observable,Ormoc City Centre,POI 5×5,Reliability-qualified DNB-BRDF,1,G2,10.0
-5,0,0.95,,,,,,0.0,0,2013-11-03,2013-11-03,2013-11-03,,not observable,Ormoc City Centre,POI 5×5,Reliability-qualified DNB-BRDF,1,G2,10.0
-4,0,0.95,,,,,,0.0,0,2013-11-04,2013-11-04,2013-11-04,,not observable,Ormoc City Centre,POI 5×5,Reliability-qualified DNB-BRDF,1,G2,10.0
-3,0,0.95,,,,,,0.0,0,2013-11-05,2013-11-05,2013-11-05,,not observable,Ormoc City Centre,POI 5×5,Reliability-qualified DNB-BRDF,1,G2,10.0
-2,0,0.95,,,,,,0.0,0,2013-11-06,2013-11-06,2013-11-06,,not observable,Ormoc City Centre,POI 5×5,Reliability-qualified DNB-BRDF,1,G2,10.0
-1,0,0.95,,,,,,0.0,0,2013-11-07,2013-11-07,2013-11-07,,not observable,Ormoc City Centre,POI 5×5,Reliability-qualified DNB-BRDF,1,G2,10.0
0,0,0.95,,,,,,0.0,0,2013-11-08,2013-11-08,2013-11-08,,not observable,Ormoc City Centre,POI 5×5,Reliability-qualified DNB-BRDF,1,G2,10.0
1,0,0.95,0.63031065,2.6954727,23.384048,20.41356948208632,31.890252394300227,10.526315789473685,2,2013-11-09,2013-11-09,2013-11-09,0.3151553273200989,observed,Ormoc City Centre,POI 5×5,Reliability-qualified DNB-BRDF,1,G2,10.0
2,0,0.95,8.7148485,97.835075,8.907694,7.643672866688242,10.517720321679418,100.0,19,2013-11-10,2013-11-10,2013-11-10,0.4586762378090306,observed,Ormoc City Centre,POI 5×5,Reliability-qualified DNB-BRDF,1,G2,10.0
3,0,0.95,,,,,,0.0,0,2013-11-11,2013-11-11,2013-11-11,,not observable,Ormoc City Centre,POI 5×5,Reliability-qualified DNB-BRDF,1,G2,10.0
4,0,0.95,,,,,,0.0,0,2013-11-12,2013-11-12,2013-11-12,,not observable,Ormoc City Centre,POI 5×5,Reliability-qualified DNB-BRDF,1,G2,10.0
5,0,0.95,1.5495238,23.133554,6.6981654,5.429219655090433,8.26187406627564,42.10526315789474,8,2013-11-13,2013-11-13,2013-11-13,0.1936904788017273,observed,Ormoc City Centre,POI 5×5,Reliability-qualified DNB-BRDF,1,G2,10.0
6,0,0.95,0.7338176,23.133554,3.172092,2.571149269693673,3.9126270111191284,42.10526315789474,8,2013-11-14,2013-11-14,2013-11-14,0.09172719717025757,observed,Ormoc City Centre,POI 5×5,Reliability-qualified DNB-BRDF,1,G2,10.0
7,0,0.95,13.759672,39.72774,34.634922,30.482016151516376,42.035596950975105,36.8421052631579,7,2013-11-15,2013-11-15,2013-11-15,1.965667452130999,observed,Ormoc City Centre,POI 5×5,Reliability-qualified DNB-BRDF,1,G2,10.0
8,0,0.95,,,,,,0.0,0,2013-11-16,2013-11-16,2013-11-16,,not observable,Ormoc City Centre,POI 5×5,Reliability-qualified DNB-BRDF,1,G2,10.0
9,0,0.95,3.8119617,36.05262,10.573328,8.68290149958565,12.758786638377401,52.63157894736842,10,2013-11-17,2013-11-17,2013-11-17,0.3811961650848389,observed,Ormoc City Centre,POI 5×5,Reliability-qualified DNB-BRDF,1,G2,10.0
10,0,0.95,0.9257173,23.133554,4.0016217,3.2435272902952335,4.93581319330524,42.10526315789474,8,2013-11-18,2013-11-18,2013-11-18,0.1157146617770195,observed,Ormoc City Centre,POI 5×5,Reliability-qualified DNB-BRDF,1,G2,10.0
11,0,0.95,,,,,,0.0,0,2013-11-19,2013-11-19,2013-11-19,,not observable,Ormoc City Centre,POI 5×5,Reliability-qualified DNB-BRDF,1,G2,10.0
12,0,0.95,,,,,,0.0,0,2013-11-20,2013-11-20,2013-11-20,,not observable,Ormoc City Centre,POI 5×5,Reliability-qualified DNB-BRDF,1,G2,10.0
13,0,0.95,,,,,,0.0,0,2013-11-21,2013-11-21,2013-11-21,,not observable,Ormoc City Centre,POI 5×5,Reliability-qualified DNB-BRDF,1,G2,10.0
14,0,0.95,,,,,,0.0,0,2013-11-22,2013-11-22,2013-11-22,,not observable,Ormoc City Centre,POI 5×5,Reliability-qualified DNB-BRDF,1,G2,10.0
15,0,0.95,,,,,,0.0,0,2013-11-23,2013-11-23,2013-11-23,,not observable,Ormoc City Centre,POI 5×5,Reliability-qualified DNB-BRDF,1,G2,10.0
16,0,0.95,6.040482,57.395874,10.524244,8.939123191907953,12.398969203693246,68.42105263157895,13,2013-11-24,2013-11-24,2013-11-24,0.46465246493999773,observed,Ormoc City Centre,POI 5×5,Reliability-qualified DNB-BRDF,1,G2,10.0
17,0,0.95,5.7997556,45.059002,12.8714695,10.829008906009012,15.18914937929955,57.89473684210526,11,2013-11-25,2013-11-25,2013-11-25,0.527250506661155,observed,Ormoc City Centre,POI 5×5,Reliability-qualified DNB-BRDF,1,G2,10.0
18,0,0.95,7.2988944,44.99412,16.221886,13.426628518255932,19.438364091140095,52.63157894736842,10,2013-11-26,2013-11-26,2013-11-26,0.7298894405364991,observed,Ormoc City Centre,POI 5×5,Reliability-qualified DNB-BRDF,1,G2,10.0
19,0,0.95,,,,,,0.0,0,2013-11-27,2013-11-27,2013-11-27,,not observable,Ormoc City Centre,POI 5×5,Reliability-qualified DNB-BRDF,1,G2,10.0
20,0,0.95,,,,,,0.0,0,2013-11-28,2013-11-28,2013-11-28,,not observable,Ormoc City Centre,POI 5×5,Reliability-qualified DNB-BRDF,1,G2,10.0
21,0,0.95,7.6530886,14.860474,51.499626,39.92910164791724,68.03147300657372,31.57894736842105,6,2013-11-29,2013-11-29,2013-11-29,1.2755147616068523,observed,Ormoc City Centre,POI 5×5,Reliability-qualified DNB-BRDF,1,G2,10.0
22,0,0.95,26.477404,92.586525,28.597471,24.47028784971623,33.64125334521884,94.73684210526316,18,2013-11-30,2013-11-30,2013-11-30,1.4709668689303927,observed,Ormoc City Centre,POI 5×5,Reliability-qualified DNB-BRDF,1,G2,10.0
23,0,0.95,4.1509113,12.31161,33.71542,24.746261276108946,40.60005864151369,21.05263157894737,4,2013-12-01,2013-12-01,2013-12-01,1.0377278327941895,observed,Ormoc City Centre,POI 5×5,Reliability-qualified DNB-BRDF,1,G2,10.0
24,0,0.95,33.093487,97.835075,33.82579,29.025837873763756,39.93965338170309,100.0,19,2013-12-02,2013-12-02,2013-12-02,1.7417624624151933,observed,Ormoc City Centre,POI 5×5,Reliability-qualified DNB-BRDF,1,G2,10.0
25,0,0.95,67.94037,97.835075,69.44378,59.58955719858916,81.99543696315045,100.0,19,2013-12-03,2013-12-03,2013-12-03,3.5758088764391447,observed,Ormoc City Centre,POI 5×5,Reliability-qualified DNB-BRDF,1,G2,10.0
26,0,0.95,22.34411,97.835075,22.838549,19.59771014794228,26.96651699730604,100.0,19,2013-12-04,2013-12-04,2013-12-04,1.1760058152048212,observed,Ormoc City Centre,POI 5×5,Reliability-qualified DNB-BRDF,1,G2,10.0
27,0,0.95,4.2691774,15.38167,27.754969,24.608458527105423,37.187923140339024,31.57894736842105,6,2013-12-05,2013-12-05,2013-12-05,0.7115295728047689,observed,Ormoc City Centre,POI 5×5,Reliability-qualified DNB-BRDF,1,G2,10.0
28,0,0.95,31.074707,97.835075,31.762339,27.25519455160023,37.50324204166178,100.0,19,2013-12-06,2013-12-06,2013-12-06,1.635510896381579,observed,Ormoc City Centre,POI 5×5,Reliability-qualified DNB-BRDF,1,G2,10.0
29,0,0.95,10.416473,28.554796,36.478893,29.47817083693508,45.683583400932896,47.36842105263158,9,2013-12-07,2013-12-07,2013-12-07,1.1573859320746527,observed,Ormoc City Centre,POI 5×5,Reliability-qualified DNB-BRDF,1,G2,10.0
30,0,0.95,,,,,,0.0,0,2013-12-08,2013-12-08,2013-12-08,,not observable,Ormoc City Centre,POI 5×5,Reliability-qualified DNB-BRDF,1,G2,10.0
31,0,0.95,,,,,,0.0,0,2013-12-09,2013-12-09,2013-12-09,,not observable,Ormoc City Centre,POI 5×5,Reliability-qualified DNB-BRDF,1,G2,10.0
32,0,0.95,,,,,,0.0,0,2013-12-10,2013-12-10,2013-12-10,,not observable,Ormoc City Centre,POI 5×5,Reliability-qualified DNB-BRDF,1,G2,10.0
33,0,0.95,4.65049,28.554796,16.286196,13.160685761368821,20.395678175514423,47.36842105263158,9,2013-12-11,2013-12-11,2013-12-11,0.5167210896809896,observed,Ormoc City Centre,POI 5×5,Reliability-qualified DNB-BRDF,1,G2,10.0
34,0,0.95,3.137786,6.6766896,46.99613,31.9377236106654,52.903945780525866,15.789473684210526,3,2013-12-12,2013-12-12,2013-12-12,1.0459286371866863,observed,Ormoc City Centre,POI 5×5,Reliability-qualified DNB-BRDF,1,G2,10.0
35,0,0.95,57.952515,82.51829,70.229904,60.01198917858282,80.49519781549888,73.6842105263158,14,2013-12-13,2013-12-13,2013-12-13,4.13946533203125,observed,Ormoc City Centre,POI 5×5,Reliability-qualified DNB-BRDF,1,G2,10.0
36,0,0.95,38.382812,58.288437,65.849785,55.448513112849795,76.50749462672647,63.1578947368421,12,2013-12-14,2013-12-14,2013-12-14,3.1985677083333335,observed,Ormoc City Centre,POI 5×5,Reliability-qualified DNB-BRDF,1,G2,10.0
37,0,0.95,,,,,,0.0,0,2013-12-15,2013-12-15,2013-12-15,,not observable,Ormoc City Centre,POI 5×5,Reliability-qualified DNB-BRDF,1,G2,10.0
38,0,0.95,,,,,,0.0,0,2013-12-16,2013-12-16,2013-12-16,,not observable,Ormoc City Centre,POI 5×5,Reliability-qualified DNB-BRDF,1,G2,10.0
39,0,0.95,17.692387,67.75529,26.112186,21.966819601397102,31.73629862060028,73.6842105263158,14,2013-12-17,2013-12-17,2013-12-17,1.263741901942662,observed,Ormoc City Centre,POI 5×5,Reliability-qualified DNB-BRDF,1,G2,10.0
40,0,0.95,,,,,,0.0,0,2013-12-18,2013-12-18,2013-12-18,,not observable,Ormoc City Centre,POI 5×5,Reliability-qualified DNB-BRDF,1,G2,10.0
41,0,0.95,,,,,,0.0,0,2013-12-19,2013-12-19,2013-12-19,,not observable,Ormoc City Centre,POI 5×5,Reliability-qualified DNB-BRDF,1,G2,10.0
42,0,0.95,,,,,,0.0,0,2013-12-20,2013-12-20,2013-12-20,,not observable,Ormoc City Centre,POI 5×5,Reliability-qualified DNB-BRDF,1,G2,10.0
43,0,0.95,,,,,,0.0,0,2013-12-21,2013-12-21,2013-12-21,,not observable,Ormoc City Centre,POI 5×5,Reliability-qualified DNB-BRDF,1,G2,10.0
44,0,0.95,,,,,,0.0,0,2013-12-22,2013-12-22,2013-12-22,,not observable,Ormoc City Centre,POI 5×5,Reliability-qualified DNB-BRDF,1,G2,10.0
45,0,0.95,,,,,,0.0,0,2013-12-23,2013-12-23,2013-12-23,,not observable,Ormoc City Centre,POI 5×5,Reliability-qualified DNB-BRDF,1,G2,10.0
46,0,0.95,,,,,,0.0,0,2013-12-24,2013-12-24,2013-12-24,,not observable,Ormoc City Centre,POI 5×5,Reliability-qualified DNB-BRDF,1,G2,10.0
47,0,0.95,28.484035,52.192856,54.57459,48.63349622615739,61.04265993270346,42.10526315789474,8,2013-12-25,2013-12-25,2013-12-25,3.56050443649292,observed,Ormoc City Centre,POI 5×5,Reliability-qualified DNB-BRDF,1,G2,10.0
48,0,0.95,33.174656,77.313614,42.909203,36.64074993577424,52.154895494361064,84.21052631578948,16,2013-12-26,2013-12-26,2013-12-26,2.073415994644165,observed,Ormoc City Centre,POI 5×5,Reliability-qualified DNB-BRDF,1,G2,10.0
49,0,0.95,9.999189,23.133554,43.223747,35.03514876832086,53.314473424501294,42.10526315789474,8,2013-12-27,2013-12-27,2013-12-27,1.2498986721038818,observed,Ormoc City Centre,POI 5×5,Reliability-qualified DNB-BRDF,1,G2,10.0
50,0,0.95,,,,,,5.2631578947368425,1,2013-12-28,2013-12-28,2013-12-28,,not observable,Ormoc City Centre,POI 5×5,Reliability-qualified DNB-BRDF,1,G2,10.0
51,0,0.95,,,,,,0.0,0,2013-12-29,2013-12-29,2013-12-29,,not observable,Ormoc City Centre,POI 5×5,Reliability-qualified DNB-BRDF,1,G2,10.0
52,0,0.95,,,,,,0.0,0,2013-12-30,2013-12-30,2013-12-30,,not observable,Ormoc City Centre,POI 5×5,Reliability-qualified DNB-BRDF,1,G2,10.0
53,0,0.95,,,,,,0.0,0,2013-12-31,2013-12-31,2013-12-31,,not observable,Ormoc City Centre,POI 5×5,Reliability-qualified DNB-BRDF,1,G2,10.0
54,0,0.95,,,,,,0.0,0,2014-01-01,2014-01-01,2014-01-01,,not observable,Ormoc City Centre,POI 5×5,Reliability-qualified DNB-BRDF,1,G2,10.0
55,0,0.95,,,,,,0.0,0,2014-01-02,2014-01-02,2014-01-02,,not observable,Ormoc City Centre,POI 5×5,Reliability-qualified DNB-BRDF,1,G2,10.0
56,0,0.95,38.43409,87.58998,43.87955,37.527218355213854,52.37941402569457,89.47368421052632,17,2014-01-03,2014-01-03,2014-01-03,2.260828803567325,observed,Ormoc City Centre,POI 5×5,Reliability-qualified DNB-BRDF,1,G2,10.0
57,0,0.95,,,,,,5.2631578947368425,1,2014-01-04,2014-01-04,2014-01-04,,not observable,Ormoc City Centre,POI 5×5,Reliability-qualified DNB-BRDF,1,G2,10.0
58,0,0.95,,,,,,0.0,0,2014-01-05,2014-01-05,2014-01-05,,not observable,Ormoc City Centre,POI 5×5,Reliability-qualified DNB-BRDF,1,G2,10.0
59,0,0.95,19.967232,63.016106,31.685917,26.762336791675025,36.79439948065234,68.42105263157895,13,2014-01-06,2014-01-06,2014-01-06,1.535940903883714,observed,Ormoc City Centre,POI 5×5,Reliability-qualified DNB-BRDF,1,G2,10.0
60,0,0.95,,,,,,0.0,0,2014-01-07,2014-01-07,2014-01-07,,not observable,Ormoc City Centre,POI 5×5,Reliability-qualified DNB-BRDF,1,G2,10.0
61,0,0.95,,,,,,0.0,0,2014-01-08,2014-01-08,2014-01-08,,not observable,Ormoc City Centre,POI 5×5,Reliability-qualified DNB-BRDF,1,G2,10.0
62,0,0.95,,,,,,0.0,0,2014-01-09,2014-01-09,2014-01-09,,not observable,Ormoc City Centre,POI 5×5,Reliability-qualified DNB-BRDF,1,G2,10.0
63,0,0.95,,,,,,0.0,0,2014-01-10,2014-01-10,2014-01-10,,not observable,Ormoc City Centre,POI 5×5,Reliability-qualified DNB-BRDF,1,G2,10.0
64,0,0.95,,,,,,0.0,0,2014-01-11,2014-01-11,2014-01-11,,not observable,Ormoc City Centre,POI 5×5,Reliability-qualified DNB-BRDF,1,G2,10.0
65,0,0.95,,,,,,0.0,0,2014-01-12,2014-01-12,2014-01-12,,not observable,Ormoc City Centre,POI 5×5,Reliability-qualified DNB-BRDF,1,G2,10.0
66,0,0.95,,,,,,0.0,0,2014-01-13,2014-01-13,2014-01-13,,not observable,Ormoc City Centre,POI 5×5,Reliability-qualified DNB-BRDF,1,G2,10.0
67,0,0.95,,,,,,0.0,0,2014-01-14,2014-01-14,2014-01-14,,not observable,Ormoc City Centre,POI 5×5,Reliability-qualified DNB-BRDF,1,G2,10.0
68,0,0.95,,,,,,0.0,0,2014-01-15,2014-01-15,2014-01-15,,not observable,Ormoc City Centre,POI 5×5,Reliability-qualified DNB-BRDF,1,G2,10.0
69,0,0.95,,,,,,0.0,0,2014-01-16,2014-01-16,2014-01-16,,not observable,Ormoc City Centre,POI 5×5,Reliability-qualified DNB-BRDF,1,G2,10.0
70,0,0.95,,,,,,0.0,0,2014-01-17,2014-01-17,2014-01-17,,not observable,Ormoc City Centre,POI 5×5,Reliability-qualified DNB-BRDF,1,G2,10.0
71,0,0.95,,,,,,0.0,0,2014-01-18,2014-01-18,2014-01-18,,not observable,Ormoc City Centre,POI 5×5,Reliability-qualified DNB-BRDF,1,G2,10.0
72,0,0.95,,,,,,0.0,0,2014-01-19,2014-01-19,2014-01-19,,not observable,Ormoc City Centre,POI 5×5,Reliability-qualified DNB-BRDF,1,G2,10.0
73,0,0.95,,,,,,0.0,0,2014-01-20,2014-01-20,2014-01-20,,not observable,Ormoc City Centre,POI 5×5,Reliability-qualified DNB-BRDF,1,G2,10.0
74,0,0.95,8.343679,17.930536,46.53335,41.2192859335095,50.017088597762225,15.789473684210526,3,2014-01-21,2014-01-21,2014-01-21,2.781226476033529,observed,Ormoc City Centre,POI 5×5,Reliability-qualified DNB-BRDF,1,G2,10.0
75,0,0.95,,,,,,0.0,0,2014-01-22,2014-01-22,2014-01-22,,not observable,Ormoc City Centre,POI 5×5,Reliability-qualified DNB-BRDF,1,G2,10.0
76,0,0.95,,,,,,0.0,0,2014-01-23,2014-01-23,2014-01-23,,not observable,Ormoc City Centre,POI 5×5,Reliability-qualified DNB-BRDF,1,G2,10.0
77,0,0.95,,,,,,0.0,0,2014-01-24,2014-01-24,2014-01-24,,not observable,Ormoc City Centre,POI 5×5,Reliability-qualified DNB-BRDF,1,G2,10.0
78,0,0.95,65.47535,97.835075,66.92421,57.42752275591044,79.0204700865545,100.0,19,2014-01-25,2014-01-25,2014-01-25,3.4460710224352384,observed,Ormoc City Centre,POI 5×5,Reliability-qualified DNB-BRDF,1,G2,10.0
79,0,0.95,,,,,,0.0,0,2014-01-26,2014-01-26,2014-01-26,,not observable,Ormoc City Centre,POI 5×5,Reliability-qualified DNB-BRDF,1,G2,10.0
80,0,0.95,48.138927,97.835075,49.20416,42.22198414786585,58.0975963308121,100.0,19,2014-01-27,2014-01-27,2014-01-27,2.5336277610377262,observed,Ormoc City Centre,POI 5×5,Reliability-qualified DNB-BRDF,1,G2,10.0
81,0,0.95,5.6588087,15.24972,37.107624,31.460287094880048,48.91681918588906,26.31578947368421,5,2014-01-28,2014-01-28,2014-01-28,1.1317617416381835,observed,Ormoc City Centre,POI 5×5,Reliability-qualified DNB-BRDF,1,G2,10.0
82,0,0.95,2.6972487,4.7922373,56.283707,35.80738831052929,59.42171085206444,10.526315789473685,2,2014-01-29,2014-01-29,2014-01-29,1.348624348640442,observed,Ormoc City Centre,POI 5×5,Reliability-qualified DNB-BRDF,1,G2,10.0
83,0,0.95,,,,,,5.2631578947368425,1,2014-01-30,2014-01-30,2014-01-30,,not observable,Ormoc City Centre,POI 5×5,Reliability-qualified DNB-BRDF,1,G2,10.0
84,0,0.95,,,,,,0.0,0,2014-01-31,2014-01-31,2014-01-31,,not observable,Ormoc City Centre,POI 5×5,Reliability-qualified DNB-BRDF,1,G2,10.0
85,0,0.95,38.881573,97.835075,39.741955,34.102487772644494,46.92514121441877,100.0,19,2014-02-01,2014-02-01,2014-02-01,2.0463985643888774,observed,Ormoc City Centre,POI 5×5,Reliability-qualified DNB-BRDF,1,G2,10.0
86,0,0.95,39.67355,97.835075,40.551456,34.79712028795473,47.88095795982368,100.0,19,2014-02-02,2014-02-02,2014-02-02,2.0880815606368217,observed,Ormoc City Centre,POI 5×5,Reliability-qualified DNB-BRDF,1,G2,10.0
87,0,0.95,39.918617,97.835075,40.80195,35.01206634702748,48.176724481102575,100.0,19,2014-02-03,2014-02-03,2014-02-03,2.100979855186061,observed,Ormoc City Centre,POI 5×5,Reliability-qualified DNB-BRDF,1,G2,10.0
88,0,0.95,49.063538,97.835075,50.149227,43.032946206961554,59.213482931118364,100.0,19,2014-02-04,2014-02-04,2014-02-04,2.582291452508224,observed,Ormoc City Centre,POI 5×5,Reliability-qualified DNB-BRDF,1,G2,10.0
89,0,0.95,79.960236,97.835075,81.72962,70.13201257506795,96.50189205188468,100.0,19,2014-02-05,2014-02-05,2014-02-05,4.208433452405427,observed,Ormoc City Centre,POI 5×5,Reliability-qualified DNB-BRDF,1,G2,10.0
90,0,0.95,70.53517,92.41383,76.32534,65.78661904079406,89.49745812054351,94.73684210526316,18,2014-02-06,2014-02-06,2014-02-06,3.91862063937717,observed,Ormoc City Centre,POI 5×5,Reliability-qualified DNB-BRDF,1,G2,10.0
91,0,0.95,,,,,,0.0,0,2014-02-07,2014-02-07,2014-02-07,,not observable,Ormoc City Centre,POI 5×5,Reliability-qualified DNB-BRDF,1,G2,10.0
92,0,0.95,,,,,,0.0,0,2014-02-08,2014-02-08,2014-02-08,,not observable,Ormoc City Centre,POI 5×5,Reliability-qualified DNB-BRDF,1,G2,10.0
93,0,0.95,30.783705,82.75094,37.200428,31.517163306013344,44.03981682251483,84.21052631578948,16,2014-02-09,2014-02-09,2014-02-09,1.9239815473556519,observed,Ormoc City Centre,POI 5×5,Reliability-qualified DNB-BRDF,1,G2,10.0
94,0,0.95,,,,,,0.0,0,2014-02-10,2014-02-10,2014-02-10,,not observable,Ormoc City Centre,POI 5×5,Reliability-qualified DNB-BRDF,1,G2,10.0
95,0,0.95,,,,,,5.2631578947368425,1,2014-02-11,2014-02-11,2014-02-11,,not observable,Ormoc City Centre,POI 5×5,Reliability-qualified DNB-BRDF,1,G2,10.0
96,0,0.95,,,,,,0.0,0,2014-02-12,2014-02-12,2014-02-12,,not observable,Ormoc City Centre,POI 5×5,Reliability-qualified DNB-BRDF,1,G2,10.0
97,0,0.95,,,,,,0.0,0,2014-02-13,2014-02-13,2014-02-13,,not observable,Ormoc City Centre,POI 5×5,Reliability-qualified DNB-BRDF,1,G2,10.0
98,0,0.95,30.1096,77.16945,39.017513,33.450919380228136,45.54509666278167,73.6842105263158,14,2014-02-14,2014-02-14,2014-02-14,2.1506857190813338,observed,Ormoc City Centre,POI 5×5,Reliability-qualified DNB-BRDF,1,G2,10.0
99,0,0.95,24.183998,58.387566,41.419777,34.50325518224123,46.97313722994379,57.89473684210526,11,2014-02-15,2014-02-15,2014-02-15,2.198545282537287,observed,Ormoc City Centre,POI 5×5,Reliability-qualified DNB-BRDF,1,G2,10.0
100,0,0.95,56.137054,88.6145,63.34974,54.27712467676382,75.11060239475995,89.47368421052632,17,2014-02-16,2014-02-16,2014-02-16,3.3021796731387867,observed,Ormoc City Centre,POI 5×5,Reliability-qualified DNB-BRDF,1,G2,10.0
101,0,0.95,36.21849,67.60815,53.571194,45.288632482629176,60.746223355573726,68.42105263157895,13,2014-02-17,2014-02-17,2014-02-17,2.7860377385066104,observed,Ormoc City Centre,POI 5×5,Reliability-qualified DNB-BRDF,1,G2,10.0
102,0,0.95,23.227087,77.26263,30.062513,25.764024307929095,33.965314246534035,78.94736842105263,15,2014-02-18,2014-02-18,2014-02-18,1.5484724680582682,observed,Ormoc City Centre,POI 5×5,Reliability-qualified DNB-BRDF,1,G2,10.0
103,0,0.95,34.488365,86.888016,39.69289,34.18888096465412,46.78716339562548,89.47368421052632,17,2014-02-19,2014-02-19,2014-02-19,2.0287273631376377,observed,Ormoc City Centre,POI 5×5,Reliability-qualified DNB-BRDF,1,G2,10.0
104,0,0.95,,,,,,0.0,0,2014-02-20,2014-02-20,2014-02-20,,not observable,Ormoc City Centre,POI 5×5,Reliability-qualified DNB-BRDF,1,G2,10.0
105,0,0.95,,,,,,0.0,0,2014-02-21,2014-02-21,2014-02-21,,not observable,Ormoc City Centre,POI 5×5,Reliability-qualified DNB-BRDF,1,G2,10.0
106,0,0.95,,,,,,0.0,0,2014-02-22,2014-02-22,2014-02-22,,not observable,Ormoc City Centre,POI 5×5,Reliability-qualified DNB-BRDF,1,G2,10.0
107,0,0.95,13.624405,28.169401,48.36597,42.535649149739854,55.176072142262285,21.05263157894737,4,2014-02-23,2014-02-23,2014-02-23,3.4061012268066406,observed,Ormoc City Centre,POI 5×5,Reliability-qualified DNB-BRDF,1,G2,10.0
108,0,0.95,39.59054,92.586525,42.760586,36.58938504495084,50.30234133748562,94.73684210526316,18,2014-02-24,2014-02-24,2014-02-24,2.1994745466444225,observed,Ormoc City Centre,POI 5×5,Reliability-qualified DNB-BRDF,1,G2,10.0
109,0,0.95,5.9100165,15.354289,38.490982,33.706964139580535,46.82621484227113,26.31578947368421,5,2014-02-25,2014-02-25,2014-02-25,1.1820033073425293,observed,Ormoc City Centre,POI 5×5,Reliability-qualified DNB-BRDF,1,G2,10.0
110,0,0.95,72.3241,94.977905,76.14834,65.35963943248015,89.80564700174166,89.47368421052632,17,2014-02-26,2014-02-26,2014-02-26,4.254358628216912,observed,Ormoc City Centre,POI 5×5,Reliability-qualified DNB-BRDF,1,G2,10.0
111,0,0.95,102.27455,97.835075,104.53771,89.70359001026941,123.43245034600595,100.0,19,2014-02-27,2014-02-27,2014-02-27,5.382871125873766,observed,Ormoc City Centre,POI 5×5,Reliability-qualified DNB-BRDF,1,G2,10.0
112,0,0.95,73.04637,97.835075,74.662766,64.06795983829616,88.15773449652424,100.0,19,2014-02-28,2014-02-28,2014-02-28,3.8445458663137337,observed,Ormoc City Centre,POI 5×5,Reliability-qualified DNB-BRDF,1,G2,10.0
113,0,0.95,39.244556,97.835075,40.112972,34.420855477075825,47.36321627768539,100.0,19,2014-03-01,2014-03-01,2014-03-01,2.0655029698422083,observed,Ormoc City Centre,POI 5×5,Reliability-qualified DNB-BRDF,1,G2,10.0
114,0,0.95,,,,,,0.0,0,2014-03-02,2014-03-02,2014-03-02,,not observable,Ormoc City Centre,POI 5×5,Reliability-qualified DNB-BRDF,1,G2,10.0
115,0,0.95,26.757452,41.77555,64.05051,53.42656014657617,72.62265526676255,52.63157894736842,10,2014-03-03,2014-03-03,2014-03-03,2.67574520111084,observed,Ormoc City Centre,POI 5×5,Reliability-qualified DNB-BRDF,1,G2,10.0
116,0,0.95,92.698326,97.835075,94.74959,81.30441964736752,111.87516285452601,100.0,19,2014-03-04,2014-03-04,2014-03-04,4.878859268991571,observed,Ormoc City Centre,POI 5×5,Reliability-qualified DNB-BRDF,1,G2,10.0
117,0,0.95,5.661314,7.944024,71.26507,58.936195979678565,92.63065269868748,15.789473684210526,3,2014-03-05,2014-03-05,2014-03-05,1.8871046702067058,observed,Ormoc City Centre,POI 5×5,Reliability-qualified DNB-BRDF,1,G2,10.0
118,0,0.95,53.58219,97.835075,54.767876,46.99619778961055,64.66693082688315,100.0,19,2014-03-06,2014-03-06,2014-03-06,2.8201153403834294,observed,Ormoc City Centre,POI 5×5,Reliability-qualified DNB-BRDF,1,G2,10.0
119,0,0.95,9.652326,23.241364,41.530804,32.58515952298702,53.53032313716025,36.8421052631579,7,2014-03-07,2014-03-07,2014-03-07,1.3789036614554269,observed,Ormoc City Centre,POI 5×5,Reliability-qualified DNB-BRDF,1,G2,10.0
120,0,0.95,63.130547,97.835075,64.52752,55.370927085384956,76.19058732539759,100.0,19,2014-03-08,2014-03-08,2014-03-08,3.322660345780222,observed,Ormoc City Centre,POI 5×5,Reliability-qualified DNB-BRDF,1,G2,10.0
121,0,0.95,50.87684,61.80921,82.31271,69.67948579232545,96.68588080556808,57.89473684210526,11,2014-03-09,2014-03-09,2014-03-09,4.625167153098366,observed,Ormoc City Centre,POI 5×5,Reliability-qualified DNB-BRDF,1,G2,10.0
122,0,0.95,73.46964,97.835075,75.095406,64.43920538674763,88.66856965618916,100.0,19,2014-03-10,2014-03-10,2014-03-10,3.866823296797903,observed,Ormoc City Centre,POI 5×5,Reliability-qualified DNB-BRDF,1,G2,10.0
123,0,0.95,,,,,,0.0,0,2014-03-11,2014-03-11,2014-03-11,,not observable,Ormoc City Centre,POI 5×5,Reliability-qualified DNB-BRDF,1,G2,10.0
124,0,0.95,,,,,,0.0,0,2014-03-12,2014-03-12,2014-03-12,,not observable,Ormoc City Centre,POI 5×5,Reliability-qualified DNB-BRDF,1,G2,10.0
125,0,0.95,,,,,,0.0,0,2014-03-13,2014-03-13,2014-03-13,,not observable,Ormoc City Centre,POI 5×5,Reliability-qualified DNB-BRDF,1,G2,10.0
126,0,0.95,,,,,,0.0,0,2014-03-14,2014-03-14,2014-03-14,,not observable,Ormoc City Centre,POI 5×5,Reliability-qualified DNB-BRDF,1,G2,10.0
127,0,0.95,,,,,,0.0,0,2014-03-15,2014-03-15,2014-03-15,,not observable,Ormoc City Centre,POI 5×5,Reliability-qualified DNB-BRDF,1,G2,10.0
128,0,0.95,43.946102,66.4673,66.116875,57.73008369749156,78.8839356388986,57.89473684210526,11,2014-03-16,2014-03-16,2014-03-16,3.995100194757635,observed,Ormoc City Centre,POI 5×5,Reliability-qualified DNB-BRDF,1,G2,10.0
129,0,0.95,38.938614,76.884735,50.645443,44.44056013607495,58.31051404787849,73.6842105263158,14,2014-03-17,2014-03-17,2014-03-17,2.781329563685826,observed,Ormoc City Centre,POI 5×5,Reliability-qualified DNB-BRDF,1,G2,10.0
130,0,0.95,60.520184,79.62578,76.00577,66.62121498534049,89.37727402332358,73.6842105263158,14,2014-03-18,2014-03-18,2014-03-18,4.322870254516602,observed,Ormoc City Centre,POI 5×5,Reliability-qualified DNB-BRDF,1,G2,10.0
131,0,0.95,,,,,,0.0,0,2014-03-19,2014-03-19,2014-03-19,,not observable,Ormoc City Centre,POI 5×5,Reliability-qualified DNB-BRDF,1,G2,10.0
132,0,0.95,,,,,,0.0,0,2014-03-20,2014-03-20,2014-03-20,,not observable,Ormoc City Centre,POI 5×5,Reliability-qualified DNB-BRDF,1,G2,10.0
133,0,0.95,,,,,,0.0,0,2014-03-21,2014-03-21,2014-03-21,,not observable,Ormoc City Centre,POI 5×5,Reliability-qualified DNB-BRDF,1,G2,10.0
134,0,0.95,,,,,,0.0,0,2014-03-22,2014-03-22,2014-03-22,,not observable,Ormoc City Centre,POI 5×5,Reliability-qualified DNB-BRDF,1,G2,10.0
135,0,0.95,,,,,,0.0,0,2014-03-23,2014-03-23,2014-03-23,,not observable,Ormoc City Centre,POI 5×5,Reliability-qualified DNB-BRDF,1,G2,10.0
136,0,0.95,,,,,,0.0,0,2014-03-24,2014-03-24,2014-03-24,,not observable,Ormoc City Centre,POI 5×5,Reliability-qualified DNB-BRDF,1,G2,10.0
137,0,0.95,2.8285704,10.105737,27.989748,24.130665725844864,33.404563746234714,21.05263157894737,4,2014-03-25,2014-03-25,2014-03-25,0.7071425914764404,observed,Ormoc City Centre,POI 5×5,Reliability-qualified DNB-BRDF,1,G2,10.0
138,0,0.95,32.238052,95.08781,33.903454,29.04792827738721,40.07110030329843,94.73684210526316,18,2014-03-26,2014-03-26,2014-03-26,1.791002909342448,observed,Ormoc City Centre,POI 5×5,Reliability-qualified DNB-BRDF,1,G2,10.0
139,0,0.95,43.871876,92.521645,47.417957,40.50976463773821,56.18197318955853,89.47368421052632,17,2014-03-27,2014-03-27,2014-03-27,2.580698574290556,observed,Ormoc City Centre,POI 5×5,Reliability-qualified DNB-BRDF,1,G2,10.0
140,0,0.95,,,,,,0.0,0,2014-03-28,2014-03-28,2014-03-28,,not observable,Ormoc City Centre,POI 5×5,Reliability-qualified DNB-BRDF,1,G2,10.0
141,0,0.95,33.486855,97.835075,34.227863,29.370856491237717,40.414400193563424,100.0,19,2014-03-29,2014-03-29,2014-03-29,1.7624660291169818,observed,Ormoc City Centre,POI 5×5,Reliability-qualified DNB-BRDF,1,G2,10.0
142,0,0.95,8.566524,9.5532675,89.671135,64.59816427928538,107.74208812504074,26.31578947368421,5,2014-03-30,2014-03-30,2014-03-30,1.7133047103881835,observed,Ormoc City Centre,POI 5×5,Reliability-qualified DNB-BRDF,1,G2,10.0
143,0,0.95,90.927864,97.835075,92.93994,79.751566061966,109.73843094610687,100.0,19,2014-03-31,2014-03-31,2014-03-31,4.785677056563528,observed,Ormoc City Centre,POI 5×5,Reliability-qualified DNB-BRDF,1,G2,10.0
144,0,0.95,67.868256,97.835075,69.37006,59.52630678323859,81.90840417269881,100.0,19,2014-04-01,2014-04-01,2014-04-01,3.5720134534333883,observed,Ormoc City Centre,POI 5×5,Reliability-qualified DNB-BRDF,1,G2,10.0
145,0,0.95,41.66011,97.835075,42.58198,36.53950670440474,50.27848769979729,100.0,19,2014-04-02,2014-04-02,2014-04-02,2.1926373933490955,observed,Ormoc City Centre,POI 5×5,Reliability-qualified DNB-BRDF,1,G2,10.0
146,0,0.95,42.472813,97.835075,43.412663,37.2523147741024,51.25931407095051,100.0,19,2014-04-03,2014-04-03,2014-04-03,2.235411192241468,observed,Ormoc City Centre,POI 5×5,Reliability-qualified DNB-BRDF,1,G2,10.0
147,0,0.95,86.01581,97.835075,87.9192,75.44327444860744,103.81020677379543,100.0,19,2014-04-04,2014-04-04,2014-04-04,4.527147795024671,observed,Ormoc City Centre,POI 5×5,Reliability-qualified DNB-BRDF,1,G2,10.0
148,0,0.95,132.29424,97.835075,135.22168,116.03344156342914,159.66241721891524,100.0,19,2014-04-05,2014-04-05,2014-04-05,6.962854485762747,observed,Ormoc City Centre,POI 5×5,Reliability-qualified DNB-BRDF,1,G2,10.0
149,0,0.95,,,,,,0.0,0,2014-04-06,2014-04-06,2014-04-06,,not observable,Ormoc City Centre,POI 5×5,Reliability-qualified DNB-BRDF,1,G2,10.0
150,0,0.95,38.7938,90.14963,43.03268,36.817079545300864,51.27422354602968,94.73684210526316,18,2014-04-07,2014-04-07,2014-04-07,2.1552111307779946,observed,Ormoc City Centre,POI 5×5,Reliability-qualified DNB-BRDF,1,G2,10.0
151,0,0.95,,,,,,0.0,0,2014-04-08,2014-04-08,2014-04-08,,not observable,Ormoc City Centre,POI 5×5,Reliability-qualified DNB-BRDF,1,G2,10.0
152,0,0.95,,,,,,0.0,0,2014-04-09,2014-04-09,2014-04-09,,not observable,Ormoc City Centre,POI 5×5,Reliability-qualified DNB-BRDF,1,G2,10.0
153,0,0.95,,,,,,5.2631578947368425,1,2014-04-10,2014-04-10,2014-04-10,,not observable,Ormoc City Centre,POI 5×5,Reliability-qualified DNB-BRDF,1,G2,10.0
154,0,0.95,65.1266,92.586525,70.34134,60.189686256622636,82.74755477188882,94.73684210526316,18,2014-04-11,2014-04-11,2014-04-11,3.61814456515842,observed,Ormoc City Centre,POI 5×5,Reliability-qualified DNB-BRDF,1,G2,10.0
155,0,0.95,,,,,,0.0,0,2014-04-12,2014-04-12,2014-04-12,,not observable,Ormoc City Centre,POI 5×5,Reliability-qualified DNB-BRDF,1,G2,10.0
156,0,0.95,,,,,,0.0,0,2014-04-13,2014-04-13,2014-04-13,,not observable,Ormoc City Centre,POI 5×5,Reliability-qualified DNB-BRDF,1,G2,10.0
157,0,0.95,,,,,,0.0,0,2014-04-14,2014-04-14,2014-04-14,,not observable,Ormoc City Centre,POI 5×5,Reliability-qualified DNB-BRDF,1,G2,10.0
158,0,0.95,,,,,,0.0,0,2014-04-15,2014-04-15,2014-04-15,,not observable,Ormoc City Centre,POI 5×5,Reliability-qualified DNB-BRDF,1,G2,10.0
159,0,0.95,,,,,,0.0,0,2014-04-16,2014-04-16,2014-04-16,,not observable,Ormoc City Centre,POI 5×5,Reliability-qualified DNB-BRDF,1,G2,10.0
160,0,0.95,,,,,,0.0,0,2014-04-17,2014-04-17,2014-04-17,,not observable,Ormoc City Centre,POI 5×5,Reliability-qualified DNB-BRDF,1,G2,10.0
161,0,0.95,35.054077,67.8479,51.665676,43.591331267881195,59.60482629881951,68.42105263157895,13,2014-04-18,2014-04-18,2014-04-18,2.696467472956731,observed,Ormoc City Centre,POI 5×5,Reliability-qualified DNB-BRDF,1,G2,10.0
162,0,0.95,43.75899,92.309265,47.404762,40.64110788226722,56.27475227840424,94.73684210526316,18,2014-04-19,2014-04-19,2014-04-19,2.4310550689697266,observed,Ormoc City Centre,POI 5×5,Reliability-qualified DNB-BRDF,1,G2,10.0
163,0,0.95,,,,,,0.0,0,2014-04-20,2014-04-20,2014-04-20,,not observable,Ormoc City Centre,POI 5×5,Reliability-qualified DNB-BRDF,1,G2,10.0
164,0,0.95,88.102325,87.94172,100.182625,85.60292388960487,117.90925772306852,73.6842105263158,14,2014-04-21,2014-04-21,2014-04-21,6.293023245675223,observed,Ormoc City Centre,POI 5×5,Reliability-qualified DNB-BRDF,1,G2,10.0
165,0,0.95,67.15621,78.071884,86.01843,73.45611414522094,102.97627572903629,73.6842105263158,14,2014-04-22,2014-04-22,2014-04-22,4.796872275216239,observed,Ormoc City Centre,POI 5×5,Reliability-qualified DNB-BRDF,1,G2,10.0
166,0,0.95,,,,,,0.0,0,2014-04-23,2014-04-23,2014-04-23,,not observable,Ormoc City Centre,POI 5×5,Reliability-qualified DNB-BRDF,1,G2,10.0
167,0,0.95,56.12135,97.835075,57.363216,49.223255663548514,67.73137016995804,100.0,19,2014-04-24,2014-04-24,2014-04-24,2.9537552281429895,observed,Ormoc City Centre,POI 5×5,Reliability-qualified DNB-BRDF,1,G2,10.0
168,0,0.95,8.110732,12.754178,63.592743,54.40577161654417,74.94350771140667,10.526315789473685,2,2014-04-25,2014-04-25,2014-04-25,4.055366039276123,observed,Ormoc City Centre,POI 5×5,Reliability-qualified DNB-BRDF,1,G2,10.0
169,0,0.95,65.69437,97.835075,67.14807,57.619616609938106,79.28479189459281,100.0,19,2014-04-26,2014-04-26,2014-04-26,3.4575982344777962,observed,Ormoc City Centre,POI 5×5,Reliability-qualified DNB-BRDF,1,G2,10.0
170,0,0.95,94.050835,97.835075,96.13202,82.49067863909248,113.5074593331489,100.0,19,2014-04-27,2014-04-27,2014-04-27,4.950043929250617,observed,Ormoc City Centre,POI 5×5,Reliability-qualified DNB-BRDF,1,G2,10.0
171,0,0.95,,,,,,0.0,0,2014-04-28,2014-04-28,2014-04-28,,not observable,Ormoc City Centre,POI 5×5,Reliability-qualified DNB-BRDF,1,G2,10.0
172,0,0.95,,,,,,0.0,0,2014-04-29,2014-04-29,2014-04-29,,not observable,Ormoc City Centre,POI 5×5,Reliability-qualified DNB-BRDF,1,G2,10.0
173,0,0.95,67.05311,97.835075,68.53688,58.81135310733261,80.92462543997634,100.0,19,2014-04-30,2014-04-30,2014-04-30,3.529110958701686,observed,Ormoc City Centre,POI 5×5,Reliability-qualified DNB-BRDF,1,G2,10.0
174,0,0.95,91.49877,97.835075,93.52348,80.25230172881004,110.42744495688532,100.0,19,2014-05-01,2014-05-01,2014-05-01,4.815724824604235,observed,Ormoc City Centre,POI 5×5,Reliability-qualified DNB-BRDF,1,G2,10.0
175,0,0.95,112.63506,97.835075,115.12748,98.79064771926377,135.93627320670004,100.0,19,2014-05-02,2014-05-02,2014-05-02,5.928161219546669,observed,Ormoc City Centre,POI 5×5,Reliability-qualified DNB-BRDF,1,G2,10.0
176,0,0.95,,,,,,0.0,0,2014-05-03,2014-05-03,2014-05-03,,not observable,Ormoc City Centre,POI 5×5,Reliability-qualified DNB-BRDF,1,G2,10.0
177,0,0.95,48.903484,97.835075,49.985638,42.892569599583865,59.0203242334798,100.0,19,2014-05-04,2014-05-04,2014-05-04,2.573867597078022,observed,Ormoc City Centre,POI 5×5,Reliability-qualified DNB-BRDF,1,G2,10.0
178,0,0.95,,,,,,0.0,0,2014-05-05,2014-05-05,2014-05-05,,not observable,Ormoc City Centre,POI 5×5,Reliability-qualified DNB-BRDF,1,G2,10.0
179,0,0.95,61.12221,97.835075,62.474743,53.609444345416215,73.76678097816392,100.0,19,2014-05-06,2014-05-06,2014-05-06,3.216958497699938,observed,Ormoc City Centre,POI 5×5,Reliability-qualified DNB-BRDF,1,G2,10.0
180,0,0.95,121.82352,97.835075,124.519264,106.8497159435882,147.02557897829868,100.0,19,2014-05-07,2014-05-07,2014-05-07,6.411764044510691,observed,Ormoc City Centre,POI 5×5,Reliability-qualified DNB-BRDF,1,G2,10.0
181,0,0.95,,,,,,0.0,0,2014-05-08,2014-05-08,2014-05-08,,not observable,Ormoc City Centre,POI 5×5,Reliability-qualified DNB-BRDF,1,G2,10.0
182,0,0.95,,,,,,0.0,0,2014-05-09,2014-05-09,2014-05-09,,not observable,Ormoc City Centre,POI 5×5,Reliability-qualified DNB-BRDF,1,G2,10.0
183,0,0.95,52.708996,87.337975,60.3506,51.83600838138688,70.68395126412452,89.47368421052632,17,2014-05-10,2014-05-10,2014-05-10,3.100529165828929,observed,Ormoc City Centre,POI 5×5,Reliability-qualified DNB-BRDF,1,G2,10.0
184,0,0.95,,,,,,0.0,0,2014-05-11,2014-05-11,2014-05-11,,not observable,Ormoc City Centre,POI 5×5,Reliability-qualified DNB-BRDF,1,G2,10.0
185,0,0.95,9.994791,15.544743,64.29692,57.118625185640894,81.28627183767438,21.05263157894737,4,2014-05-12,2014-05-12,2014-05-12,2.4986977577209473,observed,Ormoc City Centre,POI 5×5,Reliability-qualified DNB-BRDF,1,G2,10.0
186,0,0.95,67.69282,82.10167,82.44999,70.39435478065398,96.65626290486732,84.21052631578948,16,2014-05-13,2014-05-13,2014-05-13,4.230801105499268,observed,Ormoc City Centre,POI 5×5,Reliability-qualified DNB-BRDF,1,G2,10.0
187,0,0.95,48.927433,85.44253,57.263557,49.230180234547475,66.46376408692304,84.21052631578948,16,2014-05-14,2014-05-14,2014-05-14,3.057964563369751,observed,Ormoc City Centre,POI 5×5,Reliability-qualified DNB-BRDF,1,G2,10.0
188,0,0.95,45.038174,81.639465,55.16716,47.376517647093,64.74746349385124,84.21052631578948,16,2014-05-15,2014-05-15,2014-05-15,2.8148858547210693,observed,Ormoc City Centre,POI 5×5,Reliability-qualified DNB-BRDF,1,G2,10.0
189,0,0.95,47.34298,73.413345,64.48824,54.50362761158464,75.8859572743565,78.94736842105263,15,2014-05-16,2014-05-16,2014-05-16,3.1561986287434896,observed,Ormoc City Centre,POI 5×5,Reliability-qualified DNB-BRDF,1,G2,10.0
190,0,0.95,78.9325,85.54501,92.27014,80.61286279410143,110.7921684806511,84.21052631578948,16,2014-05-17,2014-05-17,2014-05-17,4.933281421661377,observed,Ormoc City Centre,POI 5×5,Reliability-qualified DNB-BRDF,1,G2,10.0
191,0,0.95,85.068634,97.835075,86.95106,74.61251799451205,102.66708301745507,100.0,19,2014-05-18,2014-05-18,2014-05-18,4.477296528063323,observed,Ormoc City Centre,POI 5×5,Reliability-qualified DNB-BRDF,1,G2,10.0
192,0,0.95,57.618465,83.77545,68.77727,58.38743708765531,80.85375609789133,84.21052631578948,16,2014-05-19,2014-05-19,2014-05-19,3.601154088973999,observed,Ormoc City Centre,POI 5×5,Reliability-qualified DNB-BRDF,1,G2,10.0
193,0,0.95,28.06591,59.513195,47.159138,39.94587266811153,54.2373916821219,63.1578947368421,12,2014-05-20,2014-05-20,2014-05-20,2.3388258616129556,observed,Ormoc City Centre,POI 5×5,Reliability-qualified DNB-BRDF,1,G2,10.0
194,0,0.95,48.2851,88.97932,54.26553,46.47768754303104,63.30852888482771,84.21052631578948,16,2014-05-21,2014-05-21,2014-05-21,3.0178186893463135,observed,Ormoc City Centre,POI 5×5,Reliability-qualified DNB-BRDF,1,G2,10.0
195,0,0.95,74.51903,97.835075,76.16801,65.3596062104089,89.93504437533903,100.0,19,2014-05-22,2014-05-22,2014-05-22,3.922054089997944,observed,Ormoc City Centre,POI 5×5,Reliability-qualified DNB-BRDF,1,G2,10.0
196,0,0.95,139.13284,97.835075,142.21161,122.03148586010353,167.91574693222603,100.0,19,2014-05-23,2014-05-23,2014-05-23,7.32278121145148,observed,Ormoc City Centre,POI 5×5,Reliability-qualified DNB-BRDF,1,G2,10.0
197,0,0.95,,,,,,0.0,0,2014-05-24,2014-05-24,2014-05-24,,not observable,Ormoc City Centre,POI 5×5,Reliability-qualified DNB-BRDF,1,G2,10.0
198,0,0.95,,,,,,0.0,0,2014-05-25,2014-05-25,2014-05-25,,not observable,Ormoc City Centre,POI 5×5,Reliability-qualified DNB-BRDF,1,G2,10.0
199,0,0.95,54.17841,97.835075,55.377285,47.519130416489936,65.3864879315008,100.0,19,2014-05-26,2014-05-26,2014-05-26,2.8514952408640006,observed,Ormoc City Centre,POI 5×5,Reliability-qualified DNB-BRDF,1,G2,10.0
200,0,0.95,,,,,,0.0,0,2014-05-27,2014-05-27,2014-05-27,,not observable,Ormoc City Centre,POI 5×5,Reliability-qualified DNB-BRDF,1,G2,10.0
201,0,0.95,3.3472466,2.8571708,117.15249,99.6710140335309,143.98598904254905,10.526315789473685,2,2014-05-28,2014-05-28,2014-05-28,1.6736233234405518,observed,Ormoc City Centre,POI 5×5,Reliability-qualified DNB-BRDF,1,G2,10.0
202,0,0.95,,,,,,0.0,0,2014-05-29,2014-05-29,2014-05-29,,not observable,Ormoc City Centre,POI 5×5,Reliability-qualified DNB-BRDF,1,G2,10.0
203,0,0.95,54.133682,97.835075,55.33157,47.47990136884885,65.33250862616278,100.0,19,2014-05-30,2014-05-30,2014-05-30,2.8491411711040295,observed,Ormoc City Centre,POI 5×5,Reliability-qualified DNB-BRDF,1,G2,10.0
204,0,0.95,38.841553,89.83926,43.2345,36.931932334484834,50.90731370433534,89.47368421052632,17,2014-05-31,2014-05-31,2014-05-31,2.2847972196691178,observed,Ormoc City Centre,POI 5×5,Reliability-qualified DNB-BRDF,1,G2,10.0
205,0,0.95,67.64202,97.835075,69.138824,59.32787889411691,81.63536671044707,100.0,19,2014-06-01,2014-06-01,2014-06-01,3.5601063778525903,observed,Ormoc City Centre,POI 5×5,Reliability-qualified DNB-BRDF,1,G2,10.0
206,0,0.95,89.701866,97.835075,91.68681,78.6762618918879,108.25880868611902,100.0,19,2014-06-02,2014-06-02,2014-06-02,4.72115084999486,observed,Ormoc City Centre,POI 5×5,Reliability-qualified DNB-BRDF,1,G2,10.0
207,0,0.95,89.615814,83.30106,107.580635,91.71390482869838,128.0786660904558,78.94736842105263,15,2014-06-03,2014-06-03,2014-06-03,5.974387613932292,observed,Ormoc City Centre,POI 5×5,Reliability-qualified DNB-BRDF,1,G2,10.0
208,0,0.95,,,,,,0.0,0,2014-06-04,2014-06-04,2014-06-04,,not observable,Ormoc City Centre,POI 5×5,Reliability-qualified DNB-BRDF,1,G2,10.0
209,0,0.95,66.44773,97.835075,67.918106,58.28038195180449,80.19400729211422,100.0,19,2014-06-05,2014-06-05,2014-06-05,3.4972490009508634,observed,Ormoc City Centre,POI 5×5,Reliability-qualified DNB-BRDF,1,G2,10.0
210,0,0.95,5.028879,2.8571708,176.00905,149.74500614905094,216.32350210965217,10.526315789473685,2,2014-06-06,2014-06-06,2014-06-06,2.514439582824707,observed,Ormoc City Centre,POI 5×5,Reliability-qualified DNB-BRDF,1,G2,10.0
211,0,0.95,52.88799,55.8665,94.66852,79.96860659290488,107.59285368835182,57.89473684210526,11,2014-06-07,2014-06-07,2014-06-07,4.807999004017223,observed,Ormoc City Centre,POI 5×5,Reliability-qualified DNB-BRDF,1,G2,10.0
212,0,0.95,,,,,,0.0,0,2014-06-08,2014-06-08,2014-06-08,,not observable,Ormoc City Centre,POI 5×5,Reliability-qualified DNB-BRDF,1,G2,10.0
213,0,0.95,,,,,,0.0,0,2014-06-09,2014-06-09,2014-06-09,,not observable,Ormoc City Centre,POI 5×5,Reliability-qualified DNB-BRDF,1,G2,10.0
214,0,0.95,,,,,,0.0,0,2014-06-10,2014-06-10,2014-06-10,,not observable,Ormoc City Centre,POI 5×5,Reliability-qualified DNB-BRDF,1,G2,10.0
215,0,0.95,,,,,,0.0,0,2014-06-11,2014-06-11,2014-06-11,,not observable,Ormoc City Centre,POI 5×5,Reliability-qualified DNB-BRDF,1,G2,10.0
216,0,0.95,,,,,,0.0,0,2014-06-12,2014-06-12,2014-06-12,,not observable,Ormoc City Centre,POI 5×5,Reliability-qualified DNB-BRDF,1,G2,10.0
217,0,0.95,81.67944,93.36505,87.48396,74.96221093581224,102.85996316922096,89.47368421052632,17,2014-06-13,2014-06-13,2014-06-13,4.8046731387867645,observed,Ormoc City Centre,POI 5×5,Reliability-qualified DNB-BRDF,1,G2,10.0
218,0,0.95,,,,,,0.0,0,2014-06-14,2014-06-14,2014-06-14,,not observable,Ormoc City Centre,POI 5×5,Reliability-qualified DNB-BRDF,1,G2,10.0
219,0,0.95,,,,,,0.0,0,2014-06-15,2014-06-15,2014-06-15,,not observable,Ormoc City Centre,POI 5×5,Reliability-qualified DNB-BRDF,1,G2,10.0
220,0,0.95,1.0753852,2.8571708,37.638115,32.02176106100152,46.25903510624847,10.526315789473685,2,2014-06-16,2014-06-16,2014-06-16,0.5376926064491272,observed,Ormoc City Centre,POI 5×5,Reliability-qualified DNB-BRDF,1,G2,10.0
221,0,0.95,,,,,,0.0,0,2014-06-17,2014-06-17,2014-06-17,,not observable,Ormoc City Centre,POI 5×5,Reliability-qualified DNB-BRDF,1,G2,10.0
222,0,0.95,,,,,,0.0,0,2014-06-18,2014-06-18,2014-06-18,,not observable,Ormoc City Centre,POI 5×5,Reliability-qualified DNB-BRDF,1,G2,10.0
223,0,0.95,,,,,,0.0,0,2014-06-19,2014-06-19,2014-06-19,,not observable,Ormoc City Centre,POI 5×5,Reliability-qualified DNB-BRDF,1,G2,10.0
224,0,0.95,,,,,,0.0,0,2014-06-20,2014-06-20,2014-06-20,,not observable,Ormoc City Centre,POI 5×5,Reliability-qualified DNB-BRDF,1,G2,10.0
225,0,0.95,,,,,,0.0,0,2014-06-21,2014-06-21,2014-06-21,,not observable,Ormoc City Centre,POI 5×5,Reliability-qualified DNB-BRDF,1,G2,10.0
226,0,0.95,44.915623,69.41585,64.70515,55.10230190789952,77.41320070434546,73.6842105263158,14,2014-06-22,2014-06-22,2014-06-22,3.2082587650844028,observed,Ormoc City Centre,POI 5×5,Reliability-qualified DNB-BRDF,1,G2,10.0
227,0,0.95,89.15593,97.835075,91.1288,78.19742768242776,107.59993115650855,100.0,19,2014-06-23,2014-06-23,2014-06-23,4.692417345548931,observed,Ormoc City Centre,POI 5×5,Reliability-qualified DNB-BRDF,1,G2,10.0
228,0,0.95,,,,,,0.0,0,2014-06-24,2014-06-24,2014-06-24,,not observable,Ormoc City Centre,POI 5×5,Reliability-qualified DNB-BRDF,1,G2,10.0
229,0,0.95,,,,,,0.0,0,2014-06-25,2014-06-25,2014-06-25,,not observable,Ormoc City Centre,POI 5×5,Reliability-qualified DNB-BRDF,1,G2,10.0
230,0,0.95,,,,,,0.0,0,2014-06-26,2014-06-26,2014-06-26,,not observable,Ormoc City Centre,POI 5×5,Reliability-qualified DNB-BRDF,1,G2,10.0
231,0,0.95,48.371677,97.835075,49.442062,42.426129370895914,58.378500864311256,100.0,19,2014-06-27,2014-06-27,2014-06-27,2.5458777578253495,observed,Ormoc City Centre,POI 5×5,Reliability-qualified DNB-BRDF,1,G2,10.0
232,0,0.95,48.134537,90.29557,53.30775,46.52944912312733,63.40753323760928,84.21052631578948,16,2014-06-28,2014-06-28,2014-06-28,3.008408546447754,observed,Ormoc City Centre,POI 5×5,Reliability-qualified DNB-BRDF,1,G2,10.0
233,0,0.95,,,,,,0.0,0,2014-06-29,2014-06-29,2014-06-29,,not observable,Ormoc City Centre,POI 5×5,Reliability-qualified DNB-BRDF,1,G2,10.0
234,0,0.95,,,,,,0.0,0,2014-06-30,2014-06-30,2014-06-30,,not observable,Ormoc City Centre,POI 5×5,Reliability-qualified DNB-BRDF,1,G2,10.0
235,0,0.95,,,,,,0.0,0,2014-07-01,2014-07-01,2014-07-01,,not observable,Ormoc City Centre,POI 5×5,Reliability-qualified DNB-BRDF,1,G2,10.0
236,0,0.95,,,,,,0.0,0,2014-07-02,2014-07-02,2014-07-02,,not observable,Ormoc City Centre,POI 5×5,Reliability-qualified DNB-BRDF,1,G2,10.0
237,0,0.95,45.753254,87.09821,52.530643,44.87902041264714,60.71014922924307,89.47368421052632,17,2014-07-03,2014-07-03,2014-07-03,2.691367878633387,observed,Ormoc City Centre,POI 5×5,Reliability-qualified DNB-BRDF,1,G2,10.0
238,0,0.95,,,,,,0.0,0,2014-07-04,2014-07-04,2014-07-04,,not observable,Ormoc City Centre,POI 5×5,Reliability-qualified DNB-BRDF,1,G2,10.0
239,0,0.95,,,,,,0.0,0,2014-07-05,2014-07-05,2014-07-05,,not observable,Ormoc City Centre,POI 5×5,Reliability-qualified DNB-BRDF,1,G2,10.0
240,0,0.95,,,,,,0.0,0,2014-07-06,2014-07-06,2014-07-06,,not observable,Ormoc City Centre,POI 5×5,Reliability-qualified DNB-BRDF,1,G2,10.0
241,0,0.95,,,,,,0.0,0,2014-07-07,2014-07-07,2014-07-07,,not observable,Ormoc City Centre,POI 5×5,Reliability-qualified DNB-BRDF,1,G2,10.0
242,0,0.95,,,,,,0.0,0,2014-07-08,2014-07-08,2014-07-08,,not observable,Ormoc City Centre,POI 5×5,Reliability-qualified DNB-BRDF,1,G2,10.0
243,0,0.95,,,,,,0.0,0,2014-07-09,2014-07-09,2014-07-09,,not observable,Ormoc City Centre,POI 5×5,Reliability-qualified DNB-BRDF,1,G2,10.0
244,0,0.95,,,,,,0.0,0,2014-07-10,2014-07-10,2014-07-10,,not observable,Ormoc City Centre,POI 5×5,Reliability-qualified DNB-BRDF,1,G2,10.0
245,0,0.95,75.22627,92.34676,81.46065,69.80934779540415,94.60403104354835,94.73684210526316,18,2014-07-11,2014-07-11,2014-07-11,4.179237365722656,observed,Ormoc City Centre,POI 5×5,Reliability-qualified DNB-BRDF,1,G2,10.0
246,0,0.95,8.88888,30.297039,29.339106,23.447380242109617,37.27968948158403,42.10526315789474,8,2014-07-12,2014-07-12,2014-07-12,1.111109972000122,observed,Ormoc City Centre,POI 5×5,Reliability-qualified DNB-BRDF,1,G2,10.0
247,0,0.95,43.95765,56.44583,77.87582,66.06591315515918,92.0516496985559,52.63157894736842,10,2014-07-13,2014-07-13,2014-07-13,4.395764923095703,observed,Ormoc City Centre,POI 5×5,Reliability-qualified DNB-BRDF,1,G2,10.0
248,0,0.95,,,,,,0.0,0,2014-07-14,2014-07-14,2014-07-14,,not observable,Ormoc City Centre,POI 5×5,Reliability-qualified DNB-BRDF,1,G2,10.0
249,0,0.95,,,,,,0.0,0,2014-07-15,2014-07-15,2014-07-15,,not observable,Ormoc City Centre,POI 5×5,Reliability-qualified DNB-BRDF,1,G2,10.0
250,0,0.95,74.72754,80.076965,93.31964,80.05108923440942,106.64930035184749,84.21052631578948,16,2014-07-16,2014-07-16,2014-07-16,4.67047119140625,observed,Ormoc City Centre,POI 5×5,Reliability-qualified DNB-BRDF,1,G2,10.0
251,0,0.95,56.504704,78.00038,72.441574,61.69990942682124,84.28642375125851,84.21052631578948,16,2014-07-17,2014-07-17,2014-07-17,3.5315439701080322,observed,Ormoc City Centre,POI 5×5,Reliability-qualified DNB-BRDF,1,G2,10.0
252,0,0.95,,,,,,0.0,0,2014-07-18,2014-07-18,2014-07-18,,not observable,Ormoc City Centre,POI 5×5,Reliability-qualified DNB-BRDF,1,G2,10.0
253,0,0.95,,,,,,0.0,0,2014-07-19,2014-07-19,2014-07-19,,not observable,Ormoc City Centre,POI 5×5,Reliability-qualified DNB-BRDF,1,G2,10.0
254,0,0.95,,,,,,0.0,0,2014-07-20,2014-07-20,2014-07-20,,not observable,Ormoc City Centre,POI 5×5,Reliability-qualified DNB-BRDF,1,G2,10.0
255,0,0.95,73.769295,77.5108,95.17292,81.36286020149164,108.9565660295641,78.94736842105263,15,2014-07-21,2014-07-21,2014-07-21,4.9179529825846355,observed,Ormoc City Centre,POI 5×5,Reliability-qualified DNB-BRDF,1,G2,10.0
256,0,0.95,,,,,,0.0,0,2014-07-22,2014-07-22,2014-07-22,,not observable,Ormoc City Centre,POI 5×5,Reliability-qualified DNB-BRDF,1,G2,10.0
257,0,0.95,,,,,,0.0,0,2014-07-23,2014-07-23,2014-07-23,,not observable,Ormoc City Centre,POI 5×5,Reliability-qualified DNB-BRDF,1,G2,10.0
258,0,0.95,,,,,,0.0,0,2014-07-24,2014-07-24,2014-07-24,,not observable,Ormoc City Centre,POI 5×5,Reliability-qualified DNB-BRDF,1,G2,10.0
259,0,0.95,,,,,,0.0,0,2014-07-25,2014-07-25,2014-07-25,,not observable,Ormoc City Centre,POI 5×5,Reliability-qualified DNB-BRDF,1,G2,10.0
260,0,0.95,,,,,,0.0,0,2014-07-26,2014-07-26,2014-07-26,,not observable,Ormoc City Centre,POI 5×5,Reliability-qualified DNB-BRDF,1,G2,10.0
261,0,0.95,,,,,,0.0,0,2014-07-27,2014-07-27,2014-07-27,,not observable,Ormoc City Centre,POI 5×5,Reliability-qualified DNB-BRDF,1,G2,10.0
262,0,0.95,,,,,,0.0,0,2014-07-28,2014-07-28,2014-07-28,,not observable,Ormoc City Centre,POI 5×5,Reliability-qualified DNB-BRDF,1,G2,10.0
263,0,0.95,,,,,,0.0,0,2014-07-29,2014-07-29,2014-07-29,,not observable,Ormoc City Centre,POI 5×5,Reliability-qualified DNB-BRDF,1,G2,10.0
264,0,0.95,,,,,,0.0,0,2014-07-30,2014-07-30,2014-07-30,,not observable,Ormoc City Centre,POI 5×5,Reliability-qualified DNB-BRDF,1,G2,10.0
265,0,0.95,,,,,,0.0,0,2014-07-31,2014-07-31,2014-07-31,,not observable,Ormoc City Centre,POI 5×5,Reliability-qualified DNB-BRDF,1,G2,10.0
266,0,0.95,,,,,,0.0,0,2014-08-01,2014-08-01,2014-08-01,,not observable,Ormoc City Centre,POI 5×5,Reliability-qualified DNB-BRDF,1,G2,10.0
267,0,0.95,,,,,,0.0,0,2014-08-02,2014-08-02,2014-08-02,,not observable,Ormoc City Centre,POI 5×5,Reliability-qualified DNB-BRDF,1,G2,10.0
268,0,0.95,,,,,,0.0,0,2014-08-03,2014-08-03,2014-08-03,,not observable,Ormoc City Centre,POI 5×5,Reliability-qualified DNB-BRDF,1,G2,10.0
269,0,0.95,,,,,,0.0,0,2014-08-04,2014-08-04,2014-08-04,,not observable,Ormoc City Centre,POI 5×5,Reliability-qualified DNB-BRDF,1,G2,10.0
270,0,0.95,,,,,,0.0,0,2014-08-05,2014-08-05,2014-08-05,,not observable,Ormoc City Centre,POI 5×5,Reliability-qualified DNB-BRDF,1,G2,10.0
271,0,0.95,99.283134,97.835075,101.4801,87.07986051191435,119.82218947472992,100.0,19,2014-08-06,2014-08-06,2014-08-06,5.2254281294973275,observed,Ormoc City Centre,POI 5×5,Reliability-qualified DNB-BRDF,1,G2,10.0
272,0,0.95,,,,,,0.0,0,2014-08-07,2014-08-07,2014-08-07,,not observable,Ormoc City Centre,POI 5×5,Reliability-qualified DNB-BRDF,1,G2,10.0
273,0,0.95,,,,,,0.0,0,2014-08-08,2014-08-08,2014-08-08,,not observable,Ormoc City Centre,POI 5×5,Reliability-qualified DNB-BRDF,1,G2,10.0
274,0,0.95,75.44556,96.11232,78.49728,67.36665283539739,92.21483402060191,94.73684210526316,18,2014-08-09,2014-08-09,2014-08-09,4.191419813368055,observed,Ormoc City Centre,POI 5×5,Reliability-qualified DNB-BRDF,1,G2,10.0
275,0,0.95,55.660686,75.42286,73.79817,62.41842692630441,84.17995428190557,78.94736842105263,15,2014-08-10,2014-08-10,2014-08-10,3.710712432861328,observed,Ormoc City Centre,POI 5×5,Reliability-qualified DNB-BRDF,1,G2,10.0
276,0,0.95,,,,,,0.0,0,2014-08-11,2014-08-11,2014-08-11,,not observable,Ormoc City Centre,POI 5×5,Reliability-qualified DNB-BRDF,1,G2,10.0
277,0,0.95,54.646027,77.612015,70.40923,61.99543823806342,81.91827687341107,63.1578947368421,12,2014-08-12,2014-08-12,2014-08-12,4.553835550944011,observed,Ormoc City Centre,POI 5×5,Reliability-qualified DNB-BRDF,1,G2,10.0
278,0,0.95,,,,,,0.0,0,2014-08-13,2014-08-13,2014-08-13,,not observable,Ormoc City Centre,POI 5×5,Reliability-qualified DNB-BRDF,1,G2,10.0
279,0,0.95,,,,,,0.0,0,2014-08-14,2014-08-14,2014-08-14,,not observable,Ormoc City Centre,POI 5×5,Reliability-qualified DNB-BRDF,1,G2,10.0
280,0,0.95,,,,,,0.0,0,2014-08-15,2014-08-15,2014-08-15,,not observable,Ormoc City Centre,POI 5×5,Reliability-qualified DNB-BRDF,1,G2,10.0
281,0,0.95,,,,,,0.0,0,2014-08-16,2014-08-16,2014-08-16,,not observable,Ormoc City Centre,POI 5×5,Reliability-qualified DNB-BRDF,1,G2,10.0
282,0,0.95,,,,,,0.0,0,2014-08-17,2014-08-17,2014-08-17,,not observable,Ormoc City Centre,POI 5×5,Reliability-qualified DNB-BRDF,1,G2,10.0
283,0,0.95,69.41227,92.586525,74.97016,64.57210267009226,88.17222027774199,94.73684210526316,18,2014-08-18,2014-08-18,2014-08-18,3.8562371995713978,observed,Ormoc City Centre,POI 5×5,Reliability-qualified DNB-BRDF,1,G2,10.0
284,0,0.95,57.55725,72.92158,78.93034,66.6222208492034,89.41055151089566,78.94736842105263,15,2014-08-19,2014-08-19,2014-08-19,3.837150065104167,observed,Ormoc City Centre,POI 5×5,Reliability-qualified DNB-BRDF,1,G2,10.0
285,0,0.95,,,,,,0.0,0,2014-08-20,2014-08-20,2014-08-20,,not observable,Ormoc City Centre,POI 5×5,Reliability-qualified DNB-BRDF,1,G2,10.0
286,0,0.95,,,,,,0.0,0,2014-08-21,2014-08-21,2014-08-21,,not observable,Ormoc City Centre,POI 5×5,Reliability-qualified DNB-BRDF,1,G2,10.0
287,0,0.95,,,,,,0.0,0,2014-08-22,2014-08-22,2014-08-22,,not observable,Ormoc City Centre,POI 5×5,Reliability-qualified DNB-BRDF,1,G2,10.0
288,0,0.95,25.21069,20.4967,122.998764,109.97056393631321,132.3750126912868,21.05263157894737,4,2014-08-23,2014-08-23,2014-08-23,6.302672386169434,observed,Ormoc City Centre,POI 5×5,Reliability-qualified DNB-BRDF,1,G2,10.0
289,0,0.95,,,,,,0.0,0,2014-08-24,2014-08-24,2014-08-24,,not observable,Ormoc City Centre,POI 5×5,Reliability-qualified DNB-BRDF,1,G2,10.0
290,0,0.95,,,,,,0.0,0,2014-08-25,2014-08-25,2014-08-25,,not observable,Ormoc City Centre,POI 5×5,Reliability-qualified DNB-BRDF,1,G2,10.0
291,0,0.95,,,,,,0.0,0,2014-08-26,2014-08-26,2014-08-26,,not observable,Ormoc City Centre,POI 5×5,Reliability-qualified DNB-BRDF,1,G2,10.0
292,0,0.95,,,,,,0.0,0,2014-08-27,2014-08-27,2014-08-27,,not observable,Ormoc City Centre,POI 5×5,Reliability-qualified DNB-BRDF,1,G2,10.0
293,0,0.95,,,,,,0.0,0,2014-08-28,2014-08-28,2014-08-28,,not observable,Ormoc City Centre,POI 5×5,Reliability-qualified DNB-BRDF,1,G2,10.0
294,0,0.95,,,,,,0.0,0,2014-08-29,2014-08-29,2014-08-29,,not observable,Ormoc City Centre,POI 5×5,Reliability-qualified DNB-BRDF,1,G2,10.0
295,0,0.95,,,,,,0.0,0,2014-08-30,2014-08-30,2014-08-30,,not observable,Ormoc City Centre,POI 5×5,Reliability-qualified DNB-BRDF,1,G2,10.0
296,0,0.95,,,,,,0.0,0,2014-08-31,2014-08-31,2014-08-31,,not observable,Ormoc City Centre,POI 5×5,Reliability-qualified DNB-BRDF,1,G2,10.0
297,0,0.95,,,,,,0.0,0,2014-09-01,2014-09-01,2014-09-01,,not observable,Ormoc City Centre,POI 5×5,Reliability-qualified DNB-BRDF,1,G2,10.0
298,0,0.95,,,,,,0.0,0,2014-09-02,2014-09-02,2014-09-02,,not observable,Ormoc City Centre,POI 5×5,Reliability-qualified DNB-BRDF,1,G2,10.0
299,0,0.95,,,,,,0.0,0,2014-09-03,2014-09-03,2014-09-03,,not observable,Ormoc City Centre,POI 5×5,Reliability-qualified DNB-BRDF,1,G2,10.0
300,0,0.95,,,,,,0.0,0,2014-09-04,2014-09-04,2014-09-04,,not observable,Ormoc City Centre,POI 5×5,Reliability-qualified DNB-BRDF,1,G2,10.0
301,0,0.95,,,,,,0.0,0,2014-09-05,2014-09-05,2014-09-05,,not observable,Ormoc City Centre,POI 5×5,Reliability-qualified DNB-BRDF,1,G2,10.0
302,0,0.95,,,,,,0.0,0,2014-09-06,2014-09-06,2014-09-06,,not observable,Ormoc City Centre,POI 5×5,Reliability-qualified DNB-BRDF,1,G2,10.0
303,0,0.95,,,,,,0.0,0,2014-09-07,2014-09-07,2014-09-07,,not observable,Ormoc City Centre,POI 5×5,Reliability-qualified DNB-BRDF,1,G2,10.0
304,0,0.95,,,,,,0.0,0,2014-09-08,2014-09-08,2014-09-08,,not observable,Ormoc City Centre,POI 5×5,Reliability-qualified DNB-BRDF,1,G2,10.0
305,0,0.95,,,,,,0.0,0,2014-09-09,2014-09-09,2014-09-09,,not observable,Ormoc City Centre,POI 5×5,Reliability-qualified DNB-BRDF,1,G2,10.0
306,0,0.95,35.16527,71.984985,48.85084,41.42756694614954,57.83985679868693,73.6842105263158,14,2014-09-10,2014-09-10,2014-09-10,2.5118051256452287,observed,Ormoc City Centre,POI 5×5,Reliability-qualified DNB-BRDF,1,G2,10.0
307,0,0.95,,,,,,0.0,0,2014-09-11,2014-09-11,2014-09-11,,not observable,Ormoc City Centre,POI 5×5,Reliability-qualified DNB-BRDF,1,G2,10.0
308,0,0.95,,,,,,0.0,0,2014-09-12,2014-09-12,2014-09-12,,not observable,Ormoc City Centre,POI 5×5,Reliability-qualified DNB-BRDF,1,G2,10.0
309,0,0.95,,,,,,0.0,0,2014-09-13,2014-09-13,2014-09-13,,not observable,Ormoc City Centre,POI 5×5,Reliability-qualified DNB-BRDF,1,G2,10.0
310,0,0.95,,,,,,0.0,0,2014-09-14,2014-09-14,2014-09-14,,not observable,Ormoc City Centre,POI 5×5,Reliability-qualified DNB-BRDF,1,G2,10.0
311,0,0.95,65.177124,92.34676,70.578674,60.48382104119975,81.96629053438582,94.73684210526316,18,2014-09-15,2014-09-15,2014-09-15,3.6209513346354165,observed,Ormoc City Centre,POI 5×5,Reliability-qualified DNB-BRDF,1,G2,10.0
312,0,0.95,,,,,,0.0,0,2014-09-16,2014-09-16,2014-09-16,,not observable,Ormoc City Centre,POI 5×5,Reliability-qualified DNB-BRDF,1,G2,10.0
313,0,0.95,,,,,,0.0,0,2014-09-17,2014-09-17,2014-09-17,,not observable,Ormoc City Centre,POI 5×5,Reliability-qualified DNB-BRDF,1,G2,10.0
314,0,0.95,,,,,,0.0,0,2014-09-18,2014-09-18,2014-09-18,,not observable,Ormoc City Centre,POI 5×5,Reliability-qualified DNB-BRDF,1,G2,10.0
315,0,0.95,,,,,,0.0,0,2014-09-19,2014-09-19,2014-09-19,,not observable,Ormoc City Centre,POI 5×5,Reliability-qualified DNB-BRDF,1,G2,10.0
316,0,0.95,,,,,,0.0,0,2014-09-20,2014-09-20,2014-09-20,,not observable,Ormoc City Centre,POI 5×5,Reliability-qualified DNB-BRDF,1,G2,10.0
317,0,0.95,,,,,,0.0,0,2014-09-21,2014-09-21,2014-09-21,,not observable,Ormoc City Centre,POI 5×5,Reliability-qualified DNB-BRDF,1,G2,10.0
318,0,0.95,,,,,,0.0,0,2014-09-22,2014-09-22,2014-09-22,,not observable,Ormoc City Centre,POI 5×5,Reliability-qualified DNB-BRDF,1,G2,10.0
319,0,0.95,103.2531,97.835075,105.53791,90.56185818947904,124.61343033133008,100.0,19,2014-09-23,2014-09-23,2014-09-23,5.43437355443051,observed,Ormoc City Centre,POI 5×5,Reliability-qualified DNB-BRDF,1,G2,10.0
320,0,0.95,,,,,,0.0,0,2014-09-24,2014-09-24,2014-09-24,,not observable,Ormoc City Centre,POI 5×5,Reliability-qualified DNB-BRDF,1,G2,10.0
321,0,0.95,,,,,,0.0,0,2014-09-25,2014-09-25,2014-09-25,,not observable,Ormoc City Centre,POI 5×5,Reliability-qualified DNB-BRDF,1,G2,10.0
322,0,0.95,,,,,,0.0,0,2014-09-26,2014-09-26,2014-09-26,,not observable,Ormoc City Centre,POI 5×5,Reliability-qualified DNB-BRDF,1,G2,10.0
323,0,0.95,,,,,,0.0,0,2014-09-27,2014-09-27,2014-09-27,,not observable,Ormoc City Centre,POI 5×5,Reliability-qualified DNB-BRDF,1,G2,10.0
324,0,0.95,,,,,,0.0,0,2014-09-28,2014-09-28,2014-09-28,,not observable,Ormoc City Centre,POI 5×5,Reliability-qualified DNB-BRDF,1,G2,10.0
325,0,0.95,,,,,,0.0,0,2014-09-29,2014-09-29,2014-09-29,,not observable,Ormoc City Centre,POI 5×5,Reliability-qualified DNB-BRDF,1,G2,10.0
326,0,0.95,,,,,,0.0,0,2014-09-30,2014-09-30,2014-09-30,,not observable,Ormoc City Centre,POI 5×5,Reliability-qualified DNB-BRDF,1,G2,10.0
327,0,0.95,,,,,,0.0,0,2014-10-01,2014-10-01,2014-10-01,,not observable,Ormoc City Centre,POI 5×5,Reliability-qualified DNB-BRDF,1,G2,10.0
328,0,0.95,,,,,,0.0,0,2014-10-02,2014-10-02,2014-10-02,,not observable,Ormoc City Centre,POI 5×5,Reliability-qualified DNB-BRDF,1,G2,10.0
329,0,0.95,,,,,,0.0,0,2014-10-03,2014-10-03,2014-10-03,,not observable,Ormoc City Centre,POI 5×5,Reliability-qualified DNB-BRDF,1,G2,10.0
330,0,0.95,,,,,,0.0,0,2014-10-04,2014-10-04,2014-10-04,,not observable,Ormoc City Centre,POI 5×5,Reliability-qualified DNB-BRDF,1,G2,10.0
331,0,0.95,,,,,,0.0,0,2014-10-05,2014-10-05,2014-10-05,,not observable,Ormoc City Centre,POI 5×5,Reliability-qualified DNB-BRDF,1,G2,10.0
332,0,0.95,27.31546,47.425297,57.596813,51.27473614513318,70.6040895400906,42.10526315789474,8,2014-10-06,2014-10-06,2014-10-06,3.4144325256347656,observed,Ormoc City Centre,POI 5×5,Reliability-qualified DNB-BRDF,1,G2,10.0
333,0,0.95,,,,,,0.0,0,2014-10-07,2014-10-07,2014-10-07,,not observable,Ormoc City Centre,POI 5×5,Reliability-qualified DNB-BRDF,1,G2,10.0
334,0,0.95,,,,,,0.0,0,2014-10-08,2014-10-08,2014-10-08,,not observable,Ormoc City Centre,POI 5×5,Reliability-qualified DNB-BRDF,1,G2,10.0
335,0,0.95,,,,,,0.0,0,2014-10-09,2014-10-09,2014-10-09,,not observable,Ormoc City Centre,POI 5×5,Reliability-qualified DNB-BRDF,1,G2,10.0
336,0,0.95,,,,,,0.0,0,2014-10-10,2014-10-10,2014-10-10,,not observable,Ormoc City Centre,POI 5×5,Reliability-qualified DNB-BRDF,1,G2,10.0
337,0,0.95,,,,,,0.0,0,2014-10-11,2014-10-11,2014-10-11,,not observable,Ormoc City Centre,POI 5×5,Reliability-qualified DNB-BRDF,1,G2,10.0
338,0,0.95,51.78575,87.83924,58.955147,50.464254727586784,69.68954529311641,84.21052631578948,16,2014-10-12,2014-10-12,2014-10-12,3.23660945892334,observed,Ormoc City Centre,POI 5×5,Reliability-qualified DNB-BRDF,1,G2,10.0
339,0,0.95,100.18124,97.835075,102.39808,87.86757636242972,120.90608921156733,100.0,19,2014-10-13,2014-10-13,2014-10-13,5.272696645636308,observed,Ormoc City Centre,POI 5×5,Reliability-qualified DNB-BRDF,1,G2,10.0
340,0,0.95,,,,,,0.0,0,2014-10-14,2014-10-14,2014-10-14,,not observable,Ormoc City Centre,POI 5×5,Reliability-qualified DNB-BRDF,1,G2,10.0
341,0,0.95,,,,,,0.0,0,2014-10-15,2014-10-15,2014-10-15,,not observable,Ormoc City Centre,POI 5×5,Reliability-qualified DNB-BRDF,1,G2,10.0
342,0,0.95,,,,,,5.2631578947368425,1,2014-10-16,2014-10-16,2014-10-16,,not observable,Ormoc City Centre,POI 5×5,Reliability-qualified DNB-BRDF,1,G2,10.0
343,0,0.95,17.57453,41.760143,42.084457,36.92221400172157,47.44960933415973,31.57894736842105,6,2014-10-17,2014-10-17,2014-10-17,2.929088274637858,observed,Ormoc City Centre,POI 5×5,Reliability-qualified DNB-BRDF,1,G2,10.0
344,0,0.95,,,,,,0.0,0,2014-10-18,2014-10-18,2014-10-18,,not observable,Ormoc City Centre,POI 5×5,Reliability-qualified DNB-BRDF,1,G2,10.0
345,0,0.95,,,,,,0.0,0,2014-10-19,2014-10-19,2014-10-19,,not observable,Ormoc City Centre,POI 5×5,Reliability-qualified DNB-BRDF,1,G2,10.0
346,0,0.95,92.63971,97.835075,94.68967,81.2530021860161,111.80441224973472,100.0,19,2014-10-20,2014-10-20,2014-10-20,4.875774182771382,observed,Ormoc City Centre,POI 5×5,Reliability-qualified DNB-BRDF,1,G2,10.0
347,0,0.95,73.208084,97.835075,74.82806,64.20979682834259,88.35290268576982,100.0,19,2014-10-21,2014-10-21,2014-10-21,3.8530570582339636,observed,Ormoc City Centre,POI 5×5,Reliability-qualified DNB-BRDF,1,G2,10.0
348,0,0.95,,,,,,0.0,0,2014-10-22,2014-10-22,2014-10-22,,not observable,Ormoc City Centre,POI 5×5,Reliability-qualified DNB-BRDF,1,G2,10.0
349,0,0.95,5.673002,4.579925,123.86669,105.45111534012648,168.4165098236207,15.789473684210526,3,2014-10-23,2014-10-23,2014-10-23,1.8910005887349446,observed,Ormoc City Centre,POI 5×5,Reliability-qualified DNB-BRDF,1,G2,10.0
350,0,0.95,,,,,,0.0,0,2014-10-24,2014-10-24,2014-10-24,,not observable,Ormoc City Centre,POI 5×5,Reliability-qualified DNB-BRDF,1,G2,10.0
351,0,0.95,128.18271,92.41383,138.70511,119.55321975096923,162.64263818153734,94.73684210526316,18,2014-10-25,2014-10-25,2014-10-25,7.1212615966796875,observed,Ormoc City Centre,POI 5×5,Reliability-qualified DNB-BRDF,1,G2,10.0
352,0,0.95,2.1338568,2.8571708,74.68426,63.539885466549336,91.79051042335715,10.526315789473685,2,2014-10-26,2014-10-26,2014-10-26,1.0669283866882324,observed,Ormoc City Centre,POI 5×5,Reliability-qualified DNB-BRDF,1,G2,10.0
353,0,0.95,3.3624687,2.8571708,117.68526,100.12428475163331,144.64078957089572,10.526315789473685,2,2014-10-27,2014-10-27,2014-10-27,1.681234359741211,observed,Ormoc City Centre,POI 5×5,Reliability-qualified DNB-BRDF,1,G2,10.0
354,0,0.95,,,,,,0.0,0,2014-10-28,2014-10-28,2014-10-28,,not observable,Ormoc City Centre,POI 5×5,Reliability-qualified DNB-BRDF,1,G2,10.0
355,0,0.95,,,,,,0.0,0,2014-10-29,2014-10-29,2014-10-29,,not observable,Ormoc City Centre,POI 5×5,Reliability-qualified DNB-BRDF,1,G2,10.0
356,0,0.95,123.94282,95.08781,130.34566,111.67803311179749,154.0578599535306,94.73684210526316,18,2014-10-30,2014-10-30,2014-10-30,6.885712093777126,observed,Ormoc City Centre,POI 5×5,Reliability-qualified DNB-BRDF,1,G2,10.0
357,0,0.95,,,,,,0.0,0,2014-10-31,2014-10-31,2014-10-31,,not observable,Ormoc City Centre,POI 5×5,Reliability-qualified DNB-BRDF,1,G2,10.0
358,0,0.95,,,,,,0.0,0,2014-11-01,2014-11-01,2014-11-01,,not observable,Ormoc City Centre,POI 5×5,Reliability-qualified DNB-BRDF,1,G2,10.0
359,0,0.95,,,,,,0.0,0,2014-11-02,2014-11-02,2014-11-02,,not observable,Ormoc City Centre,POI 5×5,Reliability-qualified DNB-BRDF,1,G2,10.0
360,0,0.95,,,,,,0.0,0,2014-11-03,2014-11-03,2014-11-03,,not observable,Ormoc City Centre,POI 5×5,Reliability-qualified DNB-BRDF,1,G2,10.0
361,0,0.95,,,,,,0.0,0,2014-11-04,2014-11-04,2014-11-04,,not observable,Ormoc City Centre,POI 5×5,Reliability-qualified DNB-BRDF,1,G2,10.0
362,0,0.95,68.72853,80.18477,85.7127,72.78158906436944,99.11119214465779,78.94736842105263,15,2014-11-05,2014-11-05,2014-11-05,4.581902058919271,observed,Ormoc City Centre,POI 5×5,Reliability-qualified DNB-BRDF,1,G2,10.0
363,0,0.95,,,,,,0.0,0,2014-11-06,2014-11-06,2014-11-06,,not observable,Ormoc City Centre,POI 5×5,Reliability-qualified DNB-BRDF,1,G2,10.0
-180,0,0.95,,,,,,0.0,0,2013-05-12,2013-05-12,2013-05-12,,not observable,Baybay City Centre,POI 5×5,Reliability-qualified DNB-BRDF,1,G2,10.0
-179,0,0.95,,,,,,0.0,0,2013-05-13,2013-05-13,2013-05-13,,not observable,Baybay City Centre,POI 5×5,Reliability-qualified DNB-BRDF,1,G2,10.0
-178,0,0.95,,,,,,0.0,0,2013-05-14,2013-05-14,2013-05-14,,not observable,Baybay City Centre,POI 5×5,Reliability-qualified DNB-BRDF,1,G2,10.0
-177,0,0.95,28.785694,18.33176,157.02635,127.55467224121094,194.1129608154297,100.0,6,2013-05-15,2013-05-15,2013-05-15,4.797615687052409,observed,Baybay City Centre,POI 5×5,Reliability-qualified DNB-BRDF,1,G2,10.0
-176,0,0.95,19.328968,18.33176,105.43978,85.65019989013672,130.34263610839844,100.0,6,2013-05-16,2013-05-16,2013-05-16,3.221494674682617,observed,Baybay City Centre,POI 5×5,Reliability-qualified DNB-BRDF,1,G2,10.0
-175,0,0.95,10.032236,6.600231,151.99826,117.13075256347656,187.9371795654297,50.0,3,2013-05-17,2013-05-17,2013-05-17,3.344078699747721,observed,Baybay City Centre,POI 5×5,Reliability-qualified DNB-BRDF,1,G2,10.0
-174,0,0.95,,,,,,0.0,0,2013-05-18,2013-05-18,2013-05-18,,not observable,Baybay City Centre,POI 5×5,Reliability-qualified DNB-BRDF,1,G2,10.0
-173,0,0.95,14.713778,14.135956,104.08761,83.81974029541016,128.76986694335938,66.66666666666667,4,2013-05-19,2013-05-19,2013-05-19,3.6784443855285645,observed,Baybay City Centre,POI 5×5,Reliability-qualified DNB-BRDF,1,G2,10.0
-172,0,0.95,30.555908,17.402052,175.58797,142.49171447753906,218.3058624267578,83.33333333333333,5,2013-05-20,2013-05-20,2013-05-20,6.111181640625,observed,Baybay City Centre,POI 5×5,Reliability-qualified DNB-BRDF,1,G2,10.0
-171,0,0.95,24.128021,18.33176,131.61868,106.91567993164062,162.70449829101562,100.0,6,2013-05-21,2013-05-21,2013-05-21,4.0213368733723955,observed,Baybay City Centre,POI 5×5,Reliability-qualified DNB-BRDF,1,G2,10.0
-170,0,0.95,21.629684,18.33176,117.99023,95.8450927734375,145.8572540283203,100.0,6,2013-05-22,2013-05-22,2013-05-22,3.6049474080403647,observed,Baybay City Centre,POI 5×5,Reliability-qualified DNB-BRDF,1,G2,10.0
-169,0,0.95,8.686232,8.304197,104.600494,84.4339828491211,120.25406646728516,50.0,3,2013-05-23,2013-05-23,2013-05-23,2.8954105377197266,observed,Baybay City Centre,POI 5×5,Reliability-qualified DNB-BRDF,1,G2,10.0
-168,0,0.95,6.6220627,8.142906,81.32309,68.46603393554688,107.62057495117188,50.0,3,2013-05-24,2013-05-24,2013-05-24,2.2073542277018228,observed,Baybay City Centre,POI 5×5,Reliability-qualified DNB-BRDF,1,G2,10.0
-167,0,0.95,23.885893,17.402052,137.25906,111.38735961914062,170.65211486816406,83.33333333333333,5,2013-05-25,2013-05-25,2013-05-25,4.777178573608398,observed,Baybay City Centre,POI 5×5,Reliability-qualified DNB-BRDF,1,G2,10.0
-166,0,0.95,23.456793,18.33176,127.957115,103.94133758544922,158.17813110351562,100.0,6,2013-05-26,2013-05-26,2013-05-26,3.909465471903483,observed,Baybay City Centre,POI 5×5,Reliability-qualified DNB-BRDF,1,G2,10.0
-165,0,0.95,,,,,,0.0,0,2013-05-27,2013-05-27,2013-05-27,,not observable,Baybay City Centre,POI 5×5,Reliability-qualified DNB-BRDF,1,G2,10.0
-164,0,0.95,,,,,,0.0,0,2013-05-28,2013-05-28,2013-05-28,,not observable,Baybay City Centre,POI 5×5,Reliability-qualified DNB-BRDF,1,G2,10.0
-163,0,0.95,,,,,,0.0,0,2013-05-29,2013-05-29,2013-05-29,,not observable,Baybay City Centre,POI 5×5,Reliability-qualified DNB-BRDF,1,G2,10.0
-162,0,0.95,,,,,,0.0,0,2013-05-30,2013-05-30,2013-05-30,,not observable,Baybay City Centre,POI 5×5,Reliability-qualified DNB-BRDF,1,G2,10.0
-161,0,0.95,30.103184,17.402052,172.9864,140.38052368164062,215.07138061523438,83.33333333333333,5,2013-05-31,2013-05-31,2013-05-31,6.020636749267578,observed,Baybay City Centre,POI 5×5,Reliability-qualified DNB-BRDF,1,G2,10.0
-160,0,0.95,26.110195,18.33176,142.43147,115.69905090332031,176.07106018066406,100.0,6,2013-06-01,2013-06-01,2013-06-01,4.351699193318685,observed,Baybay City Centre,POI 5×5,Reliability-qualified DNB-BRDF,1,G2,10.0
-159,0,0.95,,,,,,0.0,0,2013-06-02,2013-06-02,2013-06-02,,not observable,Baybay City Centre,POI 5×5,Reliability-qualified DNB-BRDF,1,G2,10.0
-158,0,0.95,,,,,,0.0,0,2013-06-03,2013-06-03,2013-06-03,,not observable,Baybay City Centre,POI 5×5,Reliability-qualified DNB-BRDF,1,G2,10.0
-157,0,0.95,,,,,,0.0,0,2013-06-04,2013-06-04,2013-06-04,,not observable,Baybay City Centre,POI 5×5,Reliability-qualified DNB-BRDF,1,G2,10.0
-156,0,0.95,,,,,,0.0,0,2013-06-05,2013-06-05,2013-06-05,,not observable,Baybay City Centre,POI 5×5,Reliability-qualified DNB-BRDF,1,G2,10.0
-155,0,0.95,,,,,,0.0,0,2013-06-06,2013-06-06,2013-06-06,,not observable,Baybay City Centre,POI 5×5,Reliability-qualified DNB-BRDF,1,G2,10.0
-154,0,0.95,,,,,,0.0,0,2013-06-07,2013-06-07,2013-06-07,,not observable,Baybay City Centre,POI 5×5,Reliability-qualified DNB-BRDF,1,G2,10.0
-153,0,0.95,,,,,,0.0,0,2013-06-08,2013-06-08,2013-06-08,,not observable,Baybay City Centre,POI 5×5,Reliability-qualified DNB-BRDF,1,G2,10.0
-152,0,0.95,,,,,,0.0,0,2013-06-09,2013-06-09,2013-06-09,,not observable,Baybay City Centre,POI 5×5,Reliability-qualified DNB-BRDF,1,G2,10.0
-151,0,0.95,,,,,,0.0,0,2013-06-10,2013-06-10,2013-06-10,,not observable,Baybay City Centre,POI 5×5,Reliability-qualified DNB-BRDF,1,G2,10.0
-150,0,0.95,,,,,,0.0,0,2013-06-11,2013-06-11,2013-06-11,,not observable,Baybay City Centre,POI 5×5,Reliability-qualified DNB-BRDF,1,G2,10.0
-149,0,0.95,,,,,,0.0,0,2013-06-12,2013-06-12,2013-06-12,,not observable,Baybay City Centre,POI 5×5,Reliability-qualified DNB-BRDF,1,G2,10.0
-148,0,0.95,,,,,,0.0,0,2013-06-13,2013-06-13,2013-06-13,,not observable,Baybay City Centre,POI 5×5,Reliability-qualified DNB-BRDF,1,G2,10.0
-147,0,0.95,,,,,,0.0,0,2013-06-14,2013-06-14,2013-06-14,,not observable,Baybay City Centre,POI 5×5,Reliability-qualified DNB-BRDF,1,G2,10.0
-146,0,0.95,,,,,,0.0,0,2013-06-15,2013-06-15,2013-06-15,,not observable,Baybay City Centre,POI 5×5,Reliability-qualified DNB-BRDF,1,G2,10.0
-145,0,0.95,,,,,,0.0,0,2013-06-16,2013-06-16,2013-06-16,,not observable,Baybay City Centre,POI 5×5,Reliability-qualified DNB-BRDF,1,G2,10.0
-144,0,0.95,,,,,,0.0,0,2013-06-17,2013-06-17,2013-06-17,,not observable,Baybay City Centre,POI 5×5,Reliability-qualified DNB-BRDF,1,G2,10.0
-143,0,0.95,,,,,,0.0,0,2013-06-18,2013-06-18,2013-06-18,,not observable,Baybay City Centre,POI 5×5,Reliability-qualified DNB-BRDF,1,G2,10.0
-142,0,0.95,,,,,,0.0,0,2013-06-19,2013-06-19,2013-06-19,,not observable,Baybay City Centre,POI 5×5,Reliability-qualified DNB-BRDF,1,G2,10.0
-141,0,0.95,,,,,,0.0,0,2013-06-20,2013-06-20,2013-06-20,,not observable,Baybay City Centre,POI 5×5,Reliability-qualified DNB-BRDF,1,G2,10.0
-140,0,0.95,,,,,,0.0,0,2013-06-21,2013-06-21,2013-06-21,,not observable,Baybay City Centre,POI 5×5,Reliability-qualified DNB-BRDF,1,G2,10.0
-139,0,0.95,,,,,,0.0,0,2013-06-22,2013-06-22,2013-06-22,,not observable,Baybay City Centre,POI 5×5,Reliability-qualified DNB-BRDF,1,G2,10.0
-138,0,0.95,10.957289,14.6557255,74.764565,59.23466491699219,92.0115737915039,83.33333333333333,5,2013-06-23,2013-06-23,2013-06-23,2.191457748413086,observed,Baybay City Centre,POI 5×5,Reliability-qualified DNB-BRDF,1,G2,10.0
-137,0,0.95,0.08854785,0.929708,9.524264,7.8824968338012695,10.636153221130371,16.666666666666668,1,2013-06-24,2013-06-24,2013-06-24,0.08854784816503525,observed,Baybay City Centre,POI 5×5,Reliability-qualified DNB-BRDF,1,G2,10.0
-136,0,0.95,,,,,,0.0,0,2013-06-25,2013-06-25,2013-06-25,,not observable,Baybay City Centre,POI 5×5,Reliability-qualified DNB-BRDF,1,G2,10.0
-135,0,0.95,,,,,,0.0,0,2013-06-26,2013-06-26,2013-06-26,,not observable,Baybay City Centre,POI 5×5,Reliability-qualified DNB-BRDF,1,G2,10.0
-134,0,0.95,,,,,,0.0,0,2013-06-27,2013-06-27,2013-06-27,,not observable,Baybay City Centre,POI 5×5,Reliability-qualified DNB-BRDF,1,G2,10.0
-133,0,0.95,,,,,,0.0,0,2013-06-28,2013-06-28,2013-06-28,,not observable,Baybay City Centre,POI 5×5,Reliability-qualified DNB-BRDF,1,G2,10.0
-132,0,0.95,,,,,,0.0,0,2013-06-29,2013-06-29,2013-06-29,,not observable,Baybay City Centre,POI 5×5,Reliability-qualified DNB-BRDF,1,G2,10.0
-131,0,0.95,16.882387,17.402052,97.01378,78.72783660888672,120.61576080322266,83.33333333333333,5,2013-06-30,2013-06-30,2013-06-30,3.3764774322509767,observed,Baybay City Centre,POI 5×5,Reliability-qualified DNB-BRDF,1,G2,10.0
-130,0,0.95,,,,,,0.0,0,2013-07-01,2013-07-01,2013-07-01,,not observable,Baybay City Centre,POI 5×5,Reliability-qualified DNB-BRDF,1,G2,10.0
-129,0,0.95,,,,,,0.0,0,2013-07-02,2013-07-02,2013-07-02,,not observable,Baybay City Centre,POI 5×5,Reliability-qualified DNB-BRDF,1,G2,10.0
-128,0,0.95,,,,,,0.0,0,2013-07-03,2013-07-03,2013-07-03,,not observable,Baybay City Centre,POI 5×5,Reliability-qualified DNB-BRDF,1,G2,10.0
-127,0,0.95,,,,,,0.0,0,2013-07-04,2013-07-04,2013-07-04,,not observable,Baybay City Centre,POI 5×5,Reliability-qualified DNB-BRDF,1,G2,10.0
-126,0,0.95,,,,,,0.0,0,2013-07-05,2013-07-05,2013-07-05,,not observable,Baybay City Centre,POI 5×5,Reliability-qualified DNB-BRDF,1,G2,10.0
-125,0,0.95,,,,,,0.0,0,2013-07-06,2013-07-06,2013-07-06,,not observable,Baybay City Centre,POI 5×5,Reliability-qualified DNB-BRDF,1,G2,10.0
-124,0,0.95,,,,,,0.0,0,2013-07-07,2013-07-07,2013-07-07,,not observable,Baybay City Centre,POI 5×5,Reliability-qualified DNB-BRDF,1,G2,10.0
-123,0,0.95,19.499481,18.33176,106.369934,86.40576934814453,131.4924774169922,100.0,6,2013-07-08,2013-07-08,2013-07-08,3.249913533528646,observed,Baybay City Centre,POI 5×5,Reliability-qualified DNB-BRDF,1,G2,10.0
-122,0,0.95,5.494816,10.276266,53.470936,43.49151611328125,66.53260803222656,66.66666666666667,4,2013-07-09,2013-07-09,2013-07-09,1.373703956604004,observed,Baybay City Centre,POI 5×5,Reliability-qualified DNB-BRDF,1,G2,10.0
-121,0,0.95,,,,,,0.0,0,2013-07-10,2013-07-10,2013-07-10,,not observable,Baybay City Centre,POI 5×5,Reliability-qualified DNB-BRDF,1,G2,10.0
-120,0,0.95,,,,,,0.0,0,2013-07-11,2013-07-11,2013-07-11,,not observable,Baybay City Centre,POI 5×5,Reliability-qualified DNB-BRDF,1,G2,10.0
-119,0,0.95,,,,,,0.0,0,2013-07-12,2013-07-12,2013-07-12,,not observable,Baybay City Centre,POI 5×5,Reliability-qualified DNB-BRDF,1,G2,10.0
-118,0,0.95,,,,,,0.0,0,2013-07-13,2013-07-13,2013-07-13,,not observable,Baybay City Centre,POI 5×5,Reliability-qualified DNB-BRDF,1,G2,10.0
-117,0,0.95,,,,,,0.0,0,2013-07-14,2013-07-14,2013-07-14,,not observable,Baybay City Centre,POI 5×5,Reliability-qualified DNB-BRDF,1,G2,10.0
-116,0,0.95,,,,,,0.0,0,2013-07-15,2013-07-15,2013-07-15,,not observable,Baybay City Centre,POI 5×5,Reliability-qualified DNB-BRDF,1,G2,10.0
-115,0,0.95,,,,,,0.0,0,2013-07-16,2013-07-16,2013-07-16,,not observable,Baybay City Centre,POI 5×5,Reliability-qualified DNB-BRDF,1,G2,10.0
-114,0,0.95,,,,,,0.0,0,2013-07-17,2013-07-17,2013-07-17,,not observable,Baybay City Centre,POI 5×5,Reliability-qualified DNB-BRDF,1,G2,10.0
-113,0,0.95,26.791548,18.33176,146.14825,118.71825408935547,180.66567993164062,100.0,6,2013-07-18,2013-07-18,2013-07-18,4.465257962544759,observed,Baybay City Centre,POI 5×5,Reliability-qualified DNB-BRDF,1,G2,10.0
-112,0,0.95,,,,,,0.0,0,2013-07-19,2013-07-19,2013-07-19,,not observable,Baybay City Centre,POI 5×5,Reliability-qualified DNB-BRDF,1,G2,10.0
-111,0,0.95,,,,,,0.0,0,2013-07-20,2013-07-20,2013-07-20,,not observable,Baybay City Centre,POI 5×5,Reliability-qualified DNB-BRDF,1,G2,10.0
-110,0,0.95,5.027496,10.957272,45.882732,37.50999450683594,59.57712173461914,66.66666666666667,4,2013-07-21,2013-07-21,2013-07-21,1.2568739652633667,observed,Baybay City Centre,POI 5×5,Reliability-qualified DNB-BRDF,1,G2,10.0
-109,0,0.95,,,,,,0.0,0,2013-07-22,2013-07-22,2013-07-22,,not observable,Baybay City Centre,POI 5×5,Reliability-qualified DNB-BRDF,1,G2,10.0
-108,0,0.95,,,,,,0.0,0,2013-07-23,2013-07-23,2013-07-23,,not observable,Baybay City Centre,POI 5×5,Reliability-qualified DNB-BRDF,1,G2,10.0
-107,0,0.95,,,,,,0.0,0,2013-07-24,2013-07-24,2013-07-24,,not observable,Baybay City Centre,POI 5×5,Reliability-qualified DNB-BRDF,1,G2,10.0
-106,0,0.95,,,,,,0.0,0,2013-07-25,2013-07-25,2013-07-25,,not observable,Baybay City Centre,POI 5×5,Reliability-qualified DNB-BRDF,1,G2,10.0
-105,0,0.95,,,,,,0.0,0,2013-07-26,2013-07-26,2013-07-26,,not observable,Baybay City Centre,POI 5×5,Reliability-qualified DNB-BRDF,1,G2,10.0
-104,0,0.95,,,,,,0.0,0,2013-07-27,2013-07-27,2013-07-27,,not observable,Baybay City Centre,POI 5×5,Reliability-qualified DNB-BRDF,1,G2,10.0
-103,0,0.95,,,,,,0.0,0,2013-07-28,2013-07-28,2013-07-28,,not observable,Baybay City Centre,POI 5×5,Reliability-qualified DNB-BRDF,1,G2,10.0
-102,0,0.95,,,,,,0.0,0,2013-07-29,2013-07-29,2013-07-29,,not observable,Baybay City Centre,POI 5×5,Reliability-qualified DNB-BRDF,1,G2,10.0
-101,0,0.95,,,,,,0.0,0,2013-07-30,2013-07-30,2013-07-30,,not observable,Baybay City Centre,POI 5×5,Reliability-qualified DNB-BRDF,1,G2,10.0
-100,0,0.95,,,,,,0.0,0,2013-07-31,2013-07-31,2013-07-31,,not observable,Baybay City Centre,POI 5×5,Reliability-qualified DNB-BRDF,1,G2,10.0
-99,0,0.95,,,,,,0.0,0,2013-08-01,2013-08-01,2013-08-01,,not observable,Baybay City Centre,POI 5×5,Reliability-qualified DNB-BRDF,1,G2,10.0
-98,0,0.95,,,,,,0.0,0,2013-08-02,2013-08-02,2013-08-02,,not observable,Baybay City Centre,POI 5×5,Reliability-qualified DNB-BRDF,1,G2,10.0
-97,0,0.95,,,,,,0.0,0,2013-08-03,2013-08-03,2013-08-03,,not observable,Baybay City Centre,POI 5×5,Reliability-qualified DNB-BRDF,1,G2,10.0
-96,0,0.95,,,,,,0.0,0,2013-08-04,2013-08-04,2013-08-04,,not observable,Baybay City Centre,POI 5×5,Reliability-qualified DNB-BRDF,1,G2,10.0
-95,0,0.95,,,,,,0.0,0,2013-08-05,2013-08-05,2013-08-05,,not observable,Baybay City Centre,POI 5×5,Reliability-qualified DNB-BRDF,1,G2,10.0
-94,0,0.95,,,,,,0.0,0,2013-08-06,2013-08-06,2013-08-06,,not observable,Baybay City Centre,POI 5×5,Reliability-qualified DNB-BRDF,1,G2,10.0
-93,0,0.95,,,,,,0.0,0,2013-08-07,2013-08-07,2013-08-07,,not observable,Baybay City Centre,POI 5×5,Reliability-qualified DNB-BRDF,1,G2,10.0
-92,0,0.95,,,,,,0.0,0,2013-08-08,2013-08-08,2013-08-08,,not observable,Baybay City Centre,POI 5×5,Reliability-qualified DNB-BRDF,1,G2,10.0
-91,0,0.95,,,,,,0.0,0,2013-08-09,2013-08-09,2013-08-09,,not observable,Baybay City Centre,POI 5×5,Reliability-qualified DNB-BRDF,1,G2,10.0
-90,0,0.95,,,,,,0.0,0,2013-08-10,2013-08-10,2013-08-10,,not observable,Baybay City Centre,POI 5×5,Reliability-qualified DNB-BRDF,1,G2,10.0
-89,0,0.95,,,,,,0.0,0,2013-08-11,2013-08-11,2013-08-11,,not observable,Baybay City Centre,POI 5×5,Reliability-qualified DNB-BRDF,1,G2,10.0
-88,0,0.95,,,,,,0.0,0,2013-08-12,2013-08-12,2013-08-12,,not observable,Baybay City Centre,POI 5×5,Reliability-qualified DNB-BRDF,1,G2,10.0
-87,0,0.95,,,,,,0.0,0,2013-08-13,2013-08-13,2013-08-13,,not observable,Baybay City Centre,POI 5×5,Reliability-qualified DNB-BRDF,1,G2,10.0
-86,0,0.95,,,,,,0.0,0,2013-08-14,2013-08-14,2013-08-14,,not observable,Baybay City Centre,POI 5×5,Reliability-qualified DNB-BRDF,1,G2,10.0
-85,0,0.95,,,,,,0.0,0,2013-08-15,2013-08-15,2013-08-15,,not observable,Baybay City Centre,POI 5×5,Reliability-qualified DNB-BRDF,1,G2,10.0
-84,0,0.95,,,,,,0.0,0,2013-08-16,2013-08-16,2013-08-16,,not observable,Baybay City Centre,POI 5×5,Reliability-qualified DNB-BRDF,1,G2,10.0
-83,0,0.95,,,,,,0.0,0,2013-08-17,2013-08-17,2013-08-17,,not observable,Baybay City Centre,POI 5×5,Reliability-qualified DNB-BRDF,1,G2,10.0
-82,0,0.95,,,,,,0.0,0,2013-08-18,2013-08-18,2013-08-18,,not observable,Baybay City Centre,POI 5×5,Reliability-qualified DNB-BRDF,1,G2,10.0
-81,0,0.95,,,,,,0.0,0,2013-08-19,2013-08-19,2013-08-19,,not observable,Baybay City Centre,POI 5×5,Reliability-qualified DNB-BRDF,1,G2,10.0
-80,0,0.95,,,,,,0.0,0,2013-08-20,2013-08-20,2013-08-20,,not observable,Baybay City Centre,POI 5×5,Reliability-qualified DNB-BRDF,1,G2,10.0
-79,0,0.95,,,,,,0.0,0,2013-08-21,2013-08-21,2013-08-21,,not observable,Baybay City Centre,POI 5×5,Reliability-qualified DNB-BRDF,1,G2,10.0
-78,0,0.95,,,,,,0.0,0,2013-08-22,2013-08-22,2013-08-22,,not observable,Baybay City Centre,POI 5×5,Reliability-qualified DNB-BRDF,1,G2,10.0
-77,0,0.95,,,,,,0.0,0,2013-08-23,2013-08-23,2013-08-23,,not observable,Baybay City Centre,POI 5×5,Reliability-qualified DNB-BRDF,1,G2,10.0
-76,0,0.95,,,,,,0.0,0,2013-08-24,2013-08-24,2013-08-24,,not observable,Baybay City Centre,POI 5×5,Reliability-qualified DNB-BRDF,1,G2,10.0
-75,0,0.95,,,,,,0.0,0,2013-08-25,2013-08-25,2013-08-25,,not observable,Baybay City Centre,POI 5×5,Reliability-qualified DNB-BRDF,1,G2,10.0
-74,0,0.95,,,,,,0.0,0,2013-08-26,2013-08-26,2013-08-26,,not observable,Baybay City Centre,POI 5×5,Reliability-qualified DNB-BRDF,1,G2,10.0
-73,0,0.95,11.804121,14.6557255,80.542725,63.81260681152344,99.1226806640625,83.33333333333333,5,2013-08-27,2013-08-27,2013-08-27,2.360824203491211,observed,Baybay City Centre,POI 5×5,Reliability-qualified DNB-BRDF,1,G2,10.0
-72,0,0.95,15.74578,18.33176,85.89344,69.77243041992188,106.1798324584961,100.0,6,2013-08-28,2013-08-28,2013-08-28,2.6242966651916504,observed,Baybay City Centre,POI 5×5,Reliability-qualified DNB-BRDF,1,G2,10.0
-71,0,0.95,,,,,,0.0,0,2013-08-29,2013-08-29,2013-08-29,,not observable,Baybay City Centre,POI 5×5,Reliability-qualified DNB-BRDF,1,G2,10.0
-70,0,0.95,,,,,,0.0,0,2013-08-30,2013-08-30,2013-08-30,,not observable,Baybay City Centre,POI 5×5,Reliability-qualified DNB-BRDF,1,G2,10.0
-69,0,0.95,22.897709,18.33176,124.90732,101.46394348144531,154.4080352783203,100.0,6,2013-08-31,2013-08-31,2013-08-31,3.8162848154703775,observed,Baybay City Centre,POI 5×5,Reliability-qualified DNB-BRDF,1,G2,10.0
-68,0,0.95,15.159489,18.33176,82.69521,67.17446899414062,102.22624206542969,100.0,6,2013-09-01,2013-09-01,2013-09-01,2.5265814463297525,observed,Baybay City Centre,POI 5×5,Reliability-qualified DNB-BRDF,1,G2,10.0
-67,0,0.95,9.542704,6.942131,137.46072,119.89601135253906,173.78271484375,33.333333333333336,2,2013-09-02,2013-09-02,2013-09-02,4.7713518142700195,observed,Baybay City Centre,POI 5×5,Reliability-qualified DNB-BRDF,1,G2,10.0
-66,0,0.95,,,,,,0.0,0,2013-09-03,2013-09-03,2013-09-03,,not observable,Baybay City Centre,POI 5×5,Reliability-qualified DNB-BRDF,1,G2,10.0
-65,0,0.95,27.68193,18.33176,151.00531,122.66370391845703,186.6698760986328,100.0,6,2013-09-04,2013-09-04,2013-09-04,4.613655090332031,observed,Baybay City Centre,POI 5×5,Reliability-qualified DNB-BRDF,1,G2,10.0
-64,0,0.95,,,,,,0.0,0,2013-09-05,2013-09-05,2013-09-05,,not observable,Baybay City Centre,POI 5×5,Reliability-qualified DNB-BRDF,1,G2,10.0
-63,0,0.95,,,,,,0.0,0,2013-09-06,2013-09-06,2013-09-06,,not observable,Baybay City Centre,POI 5×5,Reliability-qualified DNB-BRDF,1,G2,10.0
-62,0,0.95,,,,,,0.0,0,2013-09-07,2013-09-07,2013-09-07,,not observable,Baybay City Centre,POI 5×5,Reliability-qualified DNB-BRDF,1,G2,10.0
-61,0,0.95,,,,,,0.0,0,2013-09-08,2013-09-08,2013-09-08,,not observable,Baybay City Centre,POI 5×5,Reliability-qualified DNB-BRDF,1,G2,10.0
-60,0,0.95,,,,,,0.0,0,2013-09-09,2013-09-09,2013-09-09,,not observable,Baybay City Centre,POI 5×5,Reliability-qualified DNB-BRDF,1,G2,10.0
-59,0,0.95,,,,,,0.0,0,2013-09-10,2013-09-10,2013-09-10,,not observable,Baybay City Centre,POI 5×5,Reliability-qualified DNB-BRDF,1,G2,10.0
-58,0,0.95,,,,,,0.0,0,2013-09-11,2013-09-11,2013-09-11,,not observable,Baybay City Centre,POI 5×5,Reliability-qualified DNB-BRDF,1,G2,10.0
-57,0,0.95,,,,,,0.0,0,2013-09-12,2013-09-12,2013-09-12,,not observable,Baybay City Centre,POI 5×5,Reliability-qualified DNB-BRDF,1,G2,10.0
-56,0,0.95,17.609688,18.33176,96.06108,78.03174591064453,118.74887084960938,100.0,6,2013-09-13,2013-09-13,2013-09-13,2.934947967529297,observed,Baybay City Centre,POI 5×5,Reliability-qualified DNB-BRDF,1,G2,10.0
-55,0,0.95,,,,,,0.0,0,2013-09-14,2013-09-14,2013-09-14,,not observable,Baybay City Centre,POI 5×5,Reliability-qualified DNB-BRDF,1,G2,10.0
-54,0,0.95,,,,,,0.0,0,2013-09-15,2013-09-15,2013-09-15,,not observable,Baybay City Centre,POI 5×5,Reliability-qualified DNB-BRDF,1,G2,10.0
-53,0,0.95,,,,,,0.0,0,2013-09-16,2013-09-16,2013-09-16,,not observable,Baybay City Centre,POI 5×5,Reliability-qualified DNB-BRDF,1,G2,10.0
-52,0,0.95,,,,,,0.0,0,2013-09-17,2013-09-17,2013-09-17,,not observable,Baybay City Centre,POI 5×5,Reliability-qualified DNB-BRDF,1,G2,10.0
-51,0,0.95,,,,,,0.0,0,2013-09-18,2013-09-18,2013-09-18,,not observable,Baybay City Centre,POI 5×5,Reliability-qualified DNB-BRDF,1,G2,10.0
-50,0,0.95,,,,,,0.0,0,2013-09-19,2013-09-19,2013-09-19,,not observable,Baybay City Centre,POI 5×5,Reliability-qualified DNB-BRDF,1,G2,10.0
-49,0,0.95,,,,,,0.0,0,2013-09-20,2013-09-20,2013-09-20,,not observable,Baybay City Centre,POI 5×5,Reliability-qualified DNB-BRDF,1,G2,10.0
-48,0,0.95,,,,,,0.0,0,2013-09-21,2013-09-21,2013-09-21,,not observable,Baybay City Centre,POI 5×5,Reliability-qualified DNB-BRDF,1,G2,10.0
-47,0,0.95,,,,,,0.0,0,2013-09-22,2013-09-22,2013-09-22,,not observable,Baybay City Centre,POI 5×5,Reliability-qualified DNB-BRDF,1,G2,10.0
-46,0,0.95,,,,,,0.0,0,2013-09-23,2013-09-23,2013-09-23,,not observable,Baybay City Centre,POI 5×5,Reliability-qualified DNB-BRDF,1,G2,10.0
-45,0,0.95,,,,,,0.0,0,2013-09-24,2013-09-24,2013-09-24,,not observable,Baybay City Centre,POI 5×5,Reliability-qualified DNB-BRDF,1,G2,10.0
-44,0,0.95,,,,,,0.0,0,2013-09-25,2013-09-25,2013-09-25,,not observable,Baybay City Centre,POI 5×5,Reliability-qualified DNB-BRDF,1,G2,10.0
-43,0,0.95,,,,,,0.0,0,2013-09-26,2013-09-26,2013-09-26,,not observable,Baybay City Centre,POI 5×5,Reliability-qualified DNB-BRDF,1,G2,10.0
-42,0,0.95,,,,,,0.0,0,2013-09-27,2013-09-27,2013-09-27,,not observable,Baybay City Centre,POI 5×5,Reliability-qualified DNB-BRDF,1,G2,10.0
-41,0,0.95,,,,,,0.0,0,2013-09-28,2013-09-28,2013-09-28,,not observable,Baybay City Centre,POI 5×5,Reliability-qualified DNB-BRDF,1,G2,10.0
-40,0,0.95,,,,,,0.0,0,2013-09-29,2013-09-29,2013-09-29,,not observable,Baybay City Centre,POI 5×5,Reliability-qualified DNB-BRDF,1,G2,10.0
-39,0,0.95,,,,,,0.0,0,2013-09-30,2013-09-30,2013-09-30,,not observable,Baybay City Centre,POI 5×5,Reliability-qualified DNB-BRDF,1,G2,10.0
-38,0,0.95,,,,,,0.0,0,2013-10-01,2013-10-01,2013-10-01,,not observable,Baybay City Centre,POI 5×5,Reliability-qualified DNB-BRDF,1,G2,10.0
-37,0,0.95,,,,,,0.0,0,2013-10-02,2013-10-02,2013-10-02,,not observable,Baybay City Centre,POI 5×5,Reliability-qualified DNB-BRDF,1,G2,10.0
-36,0,0.95,,,,,,0.0,0,2013-10-03,2013-10-03,2013-10-03,,not observable,Baybay City Centre,POI 5×5,Reliability-qualified DNB-BRDF,1,G2,10.0
-35,0,0.95,,,,,,0.0,0,2013-10-04,2013-10-04,2013-10-04,,not observable,Baybay City Centre,POI 5×5,Reliability-qualified DNB-BRDF,1,G2,10.0
-34,0,0.95,,,,,,0.0,0,2013-10-05,2013-10-05,2013-10-05,,not observable,Baybay City Centre,POI 5×5,Reliability-qualified DNB-BRDF,1,G2,10.0
-33,0,0.95,,,,,,0.0,0,2013-10-06,2013-10-06,2013-10-06,,not observable,Baybay City Centre,POI 5×5,Reliability-qualified DNB-BRDF,1,G2,10.0
-32,0,0.95,14.422663,18.33176,78.67582,63.909454345703125,97.25753784179688,100.0,6,2013-10-07,2013-10-07,2013-10-07,2.4037771224975586,observed,Baybay City Centre,POI 5×5,Reliability-qualified DNB-BRDF,1,G2,10.0
-31,0,0.95,,,,,,0.0,0,2013-10-08,2013-10-08,2013-10-08,,not observable,Baybay City Centre,POI 5×5,Reliability-qualified DNB-BRDF,1,G2,10.0
-30,0,0.95,,,,,,0.0,0,2013-10-09,2013-10-09,2013-10-09,,not observable,Baybay City Centre,POI 5×5,Reliability-qualified DNB-BRDF,1,G2,10.0
-29,0,0.95,,,,,,0.0,0,2013-10-10,2013-10-10,2013-10-10,,not observable,Baybay City Centre,POI 5×5,Reliability-qualified DNB-BRDF,1,G2,10.0
-28,0,0.95,,,,,,0.0,0,2013-10-11,2013-10-11,2013-10-11,,not observable,Baybay City Centre,POI 5×5,Reliability-qualified DNB-BRDF,1,G2,10.0
-27,0,0.95,,,,,,0.0,0,2013-10-12,2013-10-12,2013-10-12,,not observable,Baybay City Centre,POI 5×5,Reliability-qualified DNB-BRDF,1,G2,10.0
-26,0,0.95,18.892536,18.33176,103.059044,83.7162857055664,127.39961242675781,100.0,6,2013-10-13,2013-10-13,2013-10-13,3.1487560272216797,observed,Baybay City Centre,POI 5×5,Reliability-qualified DNB-BRDF,1,G2,10.0
-25,0,0.95,,,,,,0.0,0,2013-10-14,2013-10-14,2013-10-14,,not observable,Baybay City Centre,POI 5×5,Reliability-qualified DNB-BRDF,1,G2,10.0
-24,0,0.95,,,,,,0.0,0,2013-10-15,2013-10-15,2013-10-15,,not observable,Baybay City Centre,POI 5×5,Reliability-qualified DNB-BRDF,1,G2,10.0
-23,0,0.95,,,,,,0.0,0,2013-10-16,2013-10-16,2013-10-16,,not observable,Baybay City Centre,POI 5×5,Reliability-qualified DNB-BRDF,1,G2,10.0
-22,0,0.95,22.158194,18.33176,120.873245,98.18701171875,149.4211883544922,100.0,6,2013-10-17,2013-10-17,2013-10-17,3.6930322647094727,observed,Baybay City Centre,POI 5×5,Reliability-qualified DNB-BRDF,1,G2,10.0
-21,0,0.95,20.700481,18.33176,112.9214,91.72761535644531,139.59127807617188,100.0,6,2013-10-18,2013-10-18,2013-10-18,3.450080235799154,observed,Baybay City Centre,POI 5×5,Reliability-qualified DNB-BRDF,1,G2,10.0
-20,0,0.95,,,,,,0.0,0,2013-10-19,2013-10-19,2013-10-19,,not observable,Baybay City Centre,POI 5×5,Reliability-qualified DNB-BRDF,1,G2,10.0
-19,0,0.95,,,,,,0.0,0,2013-10-20,2013-10-20,2013-10-20,,not observable,Baybay City Centre,POI 5×5,Reliability-qualified DNB-BRDF,1,G2,10.0
-18,0,0.95,,,,,,0.0,0,2013-10-21,2013-10-21,2013-10-21,,not observable,Baybay City Centre,POI 5×5,Reliability-qualified DNB-BRDF,1,G2,10.0
-17,0,0.95,,,,,,0.0,0,2013-10-22,2013-10-22,2013-10-22,,not observable,Baybay City Centre,POI 5×5,Reliability-qualified DNB-BRDF,1,G2,10.0
-16,0,0.95,,,,,,0.0,0,2013-10-23,2013-10-23,2013-10-23,,not observable,Baybay City Centre,POI 5×5,Reliability-qualified DNB-BRDF,1,G2,10.0
-15,0,0.95,,,,,,0.0,0,2013-10-24,2013-10-24,2013-10-24,,not observable,Baybay City Centre,POI 5×5,Reliability-qualified DNB-BRDF,1,G2,10.0
-14,0,0.95,,,,,,0.0,0,2013-10-25,2013-10-25,2013-10-25,,not observable,Baybay City Centre,POI 5×5,Reliability-qualified DNB-BRDF,1,G2,10.0
-13,0,0.95,,,,,,0.0,0,2013-10-26,2013-10-26,2013-10-26,,not observable,Baybay City Centre,POI 5×5,Reliability-qualified DNB-BRDF,1,G2,10.0
-12,0,0.95,,,,,,0.0,0,2013-10-27,2013-10-27,2013-10-27,,not observable,Baybay City Centre,POI 5×5,Reliability-qualified DNB-BRDF,1,G2,10.0
-11,0,0.95,24.63124,18.33176,134.36375,109.1455307006836,166.097900390625,100.0,6,2013-10-28,2013-10-28,2013-10-28,4.105206807454427,observed,Baybay City Centre,POI 5×5,Reliability-qualified DNB-BRDF,1,G2,10.0
-10,0,0.95,,,,,,0.0,0,2013-10-29,2013-10-29,2013-10-29,,not observable,Baybay City Centre,POI 5×5,Reliability-qualified DNB-BRDF,1,G2,10.0
-9,0,0.95,,,,,,0.0,0,2013-10-30,2013-10-30,2013-10-30,,not observable,Baybay City Centre,POI 5×5,Reliability-qualified DNB-BRDF,1,G2,10.0
-8,0,0.95,12.358544,18.33176,67.41603,54.76297378540039,83.3384017944336,100.0,6,2013-10-31,2013-10-31,2013-10-31,2.059757391611735,observed,Baybay City Centre,POI 5×5,Reliability-qualified DNB-BRDF,1,G2,10.0
-7,0,0.95,,,,,,0.0,0,2013-11-01,2013-11-01,2013-11-01,,not observable,Baybay City Centre,POI 5×5,Reliability-qualified DNB-BRDF,1,G2,10.0
-6,0,0.95,,,,,,0.0,0,2013-11-02,2013-11-02,2013-11-02,,not observable,Baybay City Centre,POI 5×5,Reliability-qualified DNB-BRDF,1,G2,10.0
-5,0,0.95,,,,,,0.0,0,2013-11-03,2013-11-03,2013-11-03,,not observable,Baybay City Centre,POI 5×5,Reliability-qualified DNB-BRDF,1,G2,10.0
-4,0,0.95,,,,,,0.0,0,2013-11-04,2013-11-04,2013-11-04,,not observable,Baybay City Centre,POI 5×5,Reliability-qualified DNB-BRDF,1,G2,10.0
-3,0,0.95,,,,,,0.0,0,2013-11-05,2013-11-05,2013-11-05,,not observable,Baybay City Centre,POI 5×5,Reliability-qualified DNB-BRDF,1,G2,10.0
-2,0,0.95,,,,,,0.0,0,2013-11-06,2013-11-06,2013-11-06,,not observable,Baybay City Centre,POI 5×5,Reliability-qualified DNB-BRDF,1,G2,10.0
-1,0,0.95,,,,,,0.0,0,2013-11-07,2013-11-07,2013-11-07,,not observable,Baybay City Centre,POI 5×5,Reliability-qualified DNB-BRDF,1,G2,10.0
0,0,0.95,,,,,,0.0,0,2013-11-08,2013-11-08,2013-11-08,,not observable,Baybay City Centre,POI 5×5,Reliability-qualified DNB-BRDF,1,G2,10.0
1,0,0.95,0.49392682,6.600231,7.4834776,5.766811847686768,9.252893447875977,50.0,3,2013-11-09,2013-11-09,2013-11-09,0.16464227437973022,observed,Baybay City Centre,POI 5×5,Reliability-qualified DNB-BRDF,1,G2,10.0
2,0,0.95,1.1092069,18.33176,6.050739,4.915098667144775,7.479807376861572,100.0,6,2013-11-10,2013-11-10,2013-11-10,0.1848678191502889,observed,Baybay City Centre,POI 5×5,Reliability-qualified DNB-BRDF,1,G2,10.0
3,0,0.95,,,,,,0.0,0,2013-11-11,2013-11-11,2013-11-11,,not observable,Baybay City Centre,POI 5×5,Reliability-qualified DNB-BRDF,1,G2,10.0
4,0,0.95,1.67175,4.108393,40.69109,31.695924758911133,43.759674072265625,16.666666666666668,1,2013-11-12,2013-11-12,2013-11-12,1.6717499494552612,observed,Baybay City Centre,POI 5×5,Reliability-qualified DNB-BRDF,1,G2,10.0
5,0,0.95,0.36104846,14.223368,2.5384176,2.0878303050994873,3.279559850692749,83.33333333333333,5,2013-11-13,2013-11-13,2013-11-13,0.07220969200134278,observed,Baybay City Centre,POI 5×5,Reliability-qualified DNB-BRDF,1,G2,10.0
6,0,0.95,,,,,,0.0,0,2013-11-14,2013-11-14,2013-11-14,,not observable,Baybay City Centre,POI 5×5,Reliability-qualified DNB-BRDF,1,G2,10.0
7,0,0.95,,,,,,0.0,0,2013-11-15,2013-11-15,2013-11-15,,not observable,Baybay City Centre,POI 5×5,Reliability-qualified DNB-BRDF,1,G2,10.0
8,0,0.95,,,,,,0.0,0,2013-11-16,2013-11-16,2013-11-16,,not observable,Baybay City Centre,POI 5×5,Reliability-qualified DNB-BRDF,1,G2,10.0
9,0,0.95,0.04,14.223368,0.28122735,0.2313074767589569,0.36333736777305603,83.33333333333333,5,2013-11-17,2013-11-17,2013-11-17,0.007999999821186066,observed,Baybay City Centre,POI 5×5,Reliability-qualified DNB-BRDF,1,G2,10.0
10,0,0.95,1.0221548,14.223368,7.1864476,5.910801410675049,9.284676551818848,83.33333333333333,5,2013-11-18,2013-11-18,2013-11-18,0.2044309616088867,observed,Baybay City Centre,POI 5×5,Reliability-qualified DNB-BRDF,1,G2,10.0
11,0,0.95,,,,,,0.0,0,2013-11-19,2013-11-19,2013-11-19,,not observable,Baybay City Centre,POI 5×5,Reliability-qualified DNB-BRDF,1,G2,10.0
12,0,0.95,,,,,,0.0,0,2013-11-20,2013-11-20,2013-11-20,,not observable,Baybay City Centre,POI 5×5,Reliability-qualified DNB-BRDF,1,G2,10.0
13,0,0.95,,,,,,0.0,0,2013-11-21,2013-11-21,2013-11-21,,not observable,Baybay City Centre,POI 5×5,Reliability-qualified DNB-BRDF,1,G2,10.0
14,0,0.95,,,,,,0.0,0,2013-11-22,2013-11-22,2013-11-22,,not observable,Baybay City Centre,POI 5×5,Reliability-qualified DNB-BRDF,1,G2,10.0
15,0,0.95,,,,,,0.0,0,2013-11-23,2013-11-23,2013-11-23,,not observable,Baybay City Centre,POI 5×5,Reliability-qualified DNB-BRDF,1,G2,10.0
16,0,0.95,,,,,,0.0,0,2013-11-24,2013-11-24,2013-11-24,,not observable,Baybay City Centre,POI 5×5,Reliability-qualified DNB-BRDF,1,G2,10.0
17,0,0.95,,,,,,0.0,0,2013-11-25,2013-11-25,2013-11-25,,not observable,Baybay City Centre,POI 5×5,Reliability-qualified DNB-BRDF,1,G2,10.0
18,0,0.95,,,,,,0.0,0,2013-11-26,2013-11-26,2013-11-26,,not observable,Baybay City Centre,POI 5×5,Reliability-qualified DNB-BRDF,1,G2,10.0
19,0,0.95,,,,,,0.0,0,2013-11-27,2013-11-27,2013-11-27,,not observable,Baybay City Centre,POI 5×5,Reliability-qualified DNB-BRDF,1,G2,10.0
20,0,0.95,,,,,,0.0,0,2013-11-28,2013-11-28,2013-11-28,,not observable,Baybay City Centre,POI 5×5,Reliability-qualified DNB-BRDF,1,G2,10.0
21,0,0.95,2.008731,6.600231,30.434252,23.45281410217285,37.630218505859375,50.0,3,2013-11-29,2013-11-29,2013-11-29,0.6695769627888998,observed,Baybay City Centre,POI 5×5,Reliability-qualified DNB-BRDF,1,G2,10.0
22,0,0.95,4.4452424,14.223368,31.253094,25.7054443359375,40.37806701660156,83.33333333333333,5,2013-11-30,2013-11-30,2013-11-30,0.8890484809875489,observed,Baybay City Centre,POI 5×5,Reliability-qualified DNB-BRDF,1,G2,10.0
23,0,0.95,1.5659857,6.600231,23.726225,18.2835693359375,29.33612632751465,50.0,3,2013-12-01,2013-12-01,2013-12-01,0.5219952265421549,observed,Baybay City Centre,POI 5×5,Reliability-qualified DNB-BRDF,1,G2,10.0
24,0,0.95,,,,,,0.0,0,2013-12-02,2013-12-02,2013-12-02,,not observable,Baybay City Centre,POI 5×5,Reliability-qualified DNB-BRDF,1,G2,10.0
25,0,0.95,18.622864,18.33176,101.587975,82.52131652832031,125.58110809326172,100.0,6,2013-12-03,2013-12-03,2013-12-03,3.1038106282552085,observed,Baybay City Centre,POI 5×5,Reliability-qualified DNB-BRDF,1,G2,10.0
26,0,0.95,8.242987,18.33176,44.965603,36.526180267333984,55.58561706542969,100.0,6,2013-12-04,2013-12-04,2013-12-04,1.3738311131795247,observed,Baybay City Centre,POI 5×5,Reliability-qualified DNB-BRDF,1,G2,10.0
27,0,0.95,,,,,,0.0,0,2013-12-05,2013-12-05,2013-12-05,,not observable,Baybay City Centre,POI 5×5,Reliability-qualified DNB-BRDF,1,G2,10.0
28,0,0.95,,,,,,0.0,0,2013-12-06,2013-12-06,2013-12-06,,not observable,Baybay City Centre,POI 5×5,Reliability-qualified DNB-BRDF,1,G2,10.0
29,0,0.95,,,,,,0.0,0,2013-12-07,2013-12-07,2013-12-07,,not observable,Baybay City Centre,POI 5×5,Reliability-qualified DNB-BRDF,1,G2,10.0
30,0,0.95,,,,,,0.0,0,2013-12-08,2013-12-08,2013-12-08,,not observable,Baybay City Centre,POI 5×5,Reliability-qualified DNB-BRDF,1,G2,10.0
31,0,0.95,,,,,,0.0,0,2013-12-09,2013-12-09,2013-12-09,,not observable,Baybay City Centre,POI 5×5,Reliability-qualified DNB-BRDF,1,G2,10.0
32,0,0.95,,,,,,0.0,0,2013-12-10,2013-12-10,2013-12-10,,not observable,Baybay City Centre,POI 5×5,Reliability-qualified DNB-BRDF,1,G2,10.0
33,0,0.95,0.35869536,2.4044263,14.918127,10.099187850952148,18.53585433959961,16.666666666666668,1,2013-12-11,2013-12-11,2013-12-11,0.3586953580379486,observed,Baybay City Centre,POI 5×5,Reliability-qualified DNB-BRDF,1,G2,10.0
34,0,0.95,,,,,,0.0,0,2013-12-12,2013-12-12,2013-12-12,,not observable,Baybay City Centre,POI 5×5,Reliability-qualified DNB-BRDF,1,G2,10.0
35,0,0.95,6.3391457,11.731529,54.03512,45.27202224731445,66.78921508789062,50.0,3,2013-12-13,2013-12-13,2013-12-13,2.113048553466797,observed,Baybay City Centre,POI 5×5,Reliability-qualified DNB-BRDF,1,G2,10.0
36,0,0.95,13.392041,10.889233,122.98425,106.13504028320312,162.497314453125,50.0,3,2013-12-14,2013-12-14,2013-12-14,4.464013735453288,observed,Baybay City Centre,POI 5×5,Reliability-qualified DNB-BRDF,1,G2,10.0
37,0,0.95,,,,,,0.0,0,2013-12-15,2013-12-15,2013-12-15,,not observable,Baybay City Centre,POI 5×5,Reliability-qualified DNB-BRDF,1,G2,10.0
38,0,0.95,,,,,,0.0,0,2013-12-16,2013-12-16,2013-12-16,,not observable,Baybay City Centre,POI 5×5,Reliability-qualified DNB-BRDF,1,G2,10.0
39,0,0.95,,,,,,0.0,0,2013-12-17,2013-12-17,2013-12-17,,not observable,Baybay City Centre,POI 5×5,Reliability-qualified DNB-BRDF,1,G2,10.0
40,0,0.95,,,,,,0.0,0,2013-12-18,2013-12-18,2013-12-18,,not observable,Baybay City Centre,POI 5×5,Reliability-qualified DNB-BRDF,1,G2,10.0
41,0,0.95,,,,,,0.0,0,2013-12-19,2013-12-19,2013-12-19,,not observable,Baybay City Centre,POI 5×5,Reliability-qualified DNB-BRDF,1,G2,10.0
42,0,0.95,,,,,,0.0,0,2013-12-20,2013-12-20,2013-12-20,,not observable,Baybay City Centre,POI 5×5,Reliability-qualified DNB-BRDF,1,G2,10.0
43,0,0.95,,,,,,0.0,0,2013-12-21,2013-12-21,2013-12-21,,not observable,Baybay City Centre,POI 5×5,Reliability-qualified DNB-BRDF,1,G2,10.0
44,0,0.95,,,,,,0.0,0,2013-12-22,2013-12-22,2013-12-22,,not observable,Baybay City Centre,POI 5×5,Reliability-qualified DNB-BRDF,1,G2,10.0
45,0,0.95,,,,,,0.0,0,2013-12-23,2013-12-23,2013-12-23,,not observable,Baybay City Centre,POI 5×5,Reliability-qualified DNB-BRDF,1,G2,10.0
46,0,0.95,,,,,,0.0,0,2013-12-24,2013-12-24,2013-12-24,,not observable,Baybay City Centre,POI 5×5,Reliability-qualified DNB-BRDF,1,G2,10.0
47,0,0.95,9.339783,10.889233,85.770805,74.01995086669922,113.32772827148438,50.0,3,2013-12-25,2013-12-25,2013-12-25,3.1132609049479165,observed,Baybay City Centre,POI 5×5,Reliability-qualified DNB-BRDF,1,G2,10.0
48,0,0.95,14.337303,15.927334,90.01697,75.39753723144531,111.19181823730469,83.33333333333333,5,2013-12-26,2013-12-26,2013-12-26,2.8674606323242187,observed,Baybay City Centre,POI 5×5,Reliability-qualified DNB-BRDF,1,G2,10.0
49,0,0.95,1.6799175,5.6705227,29.625443,22.574554443359375,37.28541564941406,33.333333333333336,2,2013-12-27,2013-12-27,2013-12-27,0.8399587273597717,observed,Baybay City Centre,POI 5×5,Reliability-qualified DNB-BRDF,1,G2,10.0
50,0,0.95,,,,,,0.0,0,2013-12-28,2013-12-28,2013-12-28,,not observable,Baybay City Centre,POI 5×5,Reliability-qualified DNB-BRDF,1,G2,10.0
51,0,0.95,,,,,,0.0,0,2013-12-29,2013-12-29,2013-12-29,,not observable,Baybay City Centre,POI 5×5,Reliability-qualified DNB-BRDF,1,G2,10.0
52,0,0.95,,,,,,0.0,0,2013-12-30,2013-12-30,2013-12-30,,not observable,Baybay City Centre,POI 5×5,Reliability-qualified DNB-BRDF,1,G2,10.0
53,0,0.95,,,,,,0.0,0,2013-12-31,2013-12-31,2013-12-31,,not observable,Baybay City Centre,POI 5×5,Reliability-qualified DNB-BRDF,1,G2,10.0
54,0,0.95,,,,,,0.0,0,2014-01-01,2014-01-01,2014-01-01,,not observable,Baybay City Centre,POI 5×5,Reliability-qualified DNB-BRDF,1,G2,10.0
55,0,0.95,0.7535918,3.3341343,22.602322,16.119359970092773,27.228469848632812,33.333333333333336,2,2014-01-02,2014-01-02,2014-01-02,0.3767958879470825,observed,Baybay City Centre,POI 5×5,Reliability-qualified DNB-BRDF,1,G2,10.0
56,0,0.95,,,,,,0.0,0,2014-01-03,2014-01-03,2014-01-03,,not observable,Baybay City Centre,POI 5×5,Reliability-qualified DNB-BRDF,1,G2,10.0
57,0,0.95,,,,,,0.0,0,2014-01-04,2014-01-04,2014-01-04,,not observable,Baybay City Centre,POI 5×5,Reliability-qualified DNB-BRDF,1,G2,10.0
58,0,0.95,,,,,,0.0,0,2014-01-05,2014-01-05,2014-01-05,,not observable,Baybay City Centre,POI 5×5,Reliability-qualified DNB-BRDF,1,G2,10.0
59,0,0.95,8.795626,18.33176,47.980255,38.97502517700195,59.31227493286133,100.0,6,2014-01-06,2014-01-06,2014-01-06,1.465937614440918,observed,Baybay City Centre,POI 5×5,Reliability-qualified DNB-BRDF,1,G2,10.0
60,0,0.95,,,,,,0.0,0,2014-01-07,2014-01-07,2014-01-07,,not observable,Baybay City Centre,POI 5×5,Reliability-qualified DNB-BRDF,1,G2,10.0
61,0,0.95,,,,,,0.0,0,2014-01-08,2014-01-08,2014-01-08,,not observable,Baybay City Centre,POI 5×5,Reliability-qualified DNB-BRDF,1,G2,10.0
62,0,0.95,,,,,,0.0,0,2014-01-09,2014-01-09,2014-01-09,,not observable,Baybay City Centre,POI 5×5,Reliability-qualified DNB-BRDF,1,G2,10.0
63,0,0.95,,,,,,0.0,0,2014-01-10,2014-01-10,2014-01-10,,not observable,Baybay City Centre,POI 5×5,Reliability-qualified DNB-BRDF,1,G2,10.0
64,0,0.95,,,,,,0.0,0,2014-01-11,2014-01-11,2014-01-11,,not observable,Baybay City Centre,POI 5×5,Reliability-qualified DNB-BRDF,1,G2,10.0
65,0,0.95,,,,,,0.0,0,2014-01-12,2014-01-12,2014-01-12,,not observable,Baybay City Centre,POI 5×5,Reliability-qualified DNB-BRDF,1,G2,10.0
66,0,0.95,,,,,,0.0,0,2014-01-13,2014-01-13,2014-01-13,,not observable,Baybay City Centre,POI 5×5,Reliability-qualified DNB-BRDF,1,G2,10.0
67,0,0.95,,,,,,0.0,0,2014-01-14,2014-01-14,2014-01-14,,not observable,Baybay City Centre,POI 5×5,Reliability-qualified DNB-BRDF,1,G2,10.0
68,0,0.95,,,,,,0.0,0,2014-01-15,2014-01-15,2014-01-15,,not observable,Baybay City Centre,POI 5×5,Reliability-qualified DNB-BRDF,1,G2,10.0
69,0,0.95,,,,,,0.0,0,2014-01-16,2014-01-16,2014-01-16,,not observable,Baybay City Centre,POI 5×5,Reliability-qualified DNB-BRDF,1,G2,10.0
70,0,0.95,,,,,,0.0,0,2014-01-17,2014-01-17,2014-01-17,,not observable,Baybay City Centre,POI 5×5,Reliability-qualified DNB-BRDF,1,G2,10.0
71,0,0.95,,,,,,0.0,0,2014-01-18,2014-01-18,2014-01-18,,not observable,Baybay City Centre,POI 5×5,Reliability-qualified DNB-BRDF,1,G2,10.0
72,0,0.95,,,,,,0.0,0,2014-01-19,2014-01-19,2014-01-19,,not observable,Baybay City Centre,POI 5×5,Reliability-qualified DNB-BRDF,1,G2,10.0
73,0,0.95,,,,,,0.0,0,2014-01-20,2014-01-20,2014-01-20,,not observable,Baybay City Centre,POI 5×5,Reliability-qualified DNB-BRDF,1,G2,10.0
74,0,0.95,,,,,,0.0,0,2014-01-21,2014-01-21,2014-01-21,,not observable,Baybay City Centre,POI 5×5,Reliability-qualified DNB-BRDF,1,G2,10.0
75,0,0.95,,,,,,0.0,0,2014-01-22,2014-01-22,2014-01-22,,not observable,Baybay City Centre,POI 5×5,Reliability-qualified DNB-BRDF,1,G2,10.0
76,0,0.95,4.6691647,10.889233,42.87873,37.004215240478516,56.65504837036133,50.0,3,2014-01-23,2014-01-23,2014-01-23,1.556388219197591,observed,Baybay City Centre,POI 5×5,Reliability-qualified DNB-BRDF,1,G2,10.0
77,0,0.95,,,,,,0.0,0,2014-01-24,2014-01-24,2014-01-24,,not observable,Baybay City Centre,POI 5×5,Reliability-qualified DNB-BRDF,1,G2,10.0
78,0,0.95,20.914593,18.33176,114.089386,92.67638397216797,141.0351104736328,100.0,6,2014-01-25,2014-01-25,2014-01-25,3.4857654571533203,observed,Baybay City Centre,POI 5×5,Reliability-qualified DNB-BRDF,1,G2,10.0
79,0,0.95,,,,,,0.0,0,2014-01-26,2014-01-26,2014-01-26,,not observable,Baybay City Centre,POI 5×5,Reliability-qualified DNB-BRDF,1,G2,10.0
80,0,0.95,18.65727,18.33176,101.775665,82.67378234863281,125.81312561035156,100.0,6,2014-01-27,2014-01-27,2014-01-27,3.1095450719197593,observed,Baybay City Centre,POI 5×5,Reliability-qualified DNB-BRDF,1,G2,10.0
81,0,0.95,2.8660872,7.0101695,40.88471,32.776611328125,50.38465881347656,50.0,3,2014-01-28,2014-01-28,2014-01-28,0.9553623994191488,observed,Baybay City Centre,POI 5×5,Reliability-qualified DNB-BRDF,1,G2,10.0
82,0,0.95,12.54797,18.33176,68.44935,55.602352142333984,84.61576843261719,100.0,6,2014-01-29,2014-01-29,2014-01-29,2.0913283030192056,observed,Baybay City Centre,POI 5×5,Reliability-qualified DNB-BRDF,1,G2,10.0
83,0,0.95,,,,,,0.0,0,2014-01-30,2014-01-30,2014-01-30,,not observable,Baybay City Centre,POI 5×5,Reliability-qualified DNB-BRDF,1,G2,10.0
84,0,0.95,,,,,,0.0,0,2014-01-31,2014-01-31,2014-01-31,,not observable,Baybay City Centre,POI 5×5,Reliability-qualified DNB-BRDF,1,G2,10.0
85,0,0.95,14.595706,18.33176,79.619774,64.67623901367188,98.4244384765625,100.0,6,2014-02-01,2014-02-01,2014-02-01,2.432617664337158,observed,Baybay City Centre,POI 5×5,Reliability-qualified DNB-BRDF,1,G2,10.0
86,0,0.95,9.12647,18.33176,49.785015,40.44105911254883,61.54328155517578,100.0,6,2014-02-02,2014-02-02,2014-02-02,1.5210782686869304,observed,Baybay City Centre,POI 5×5,Reliability-qualified DNB-BRDF,1,G2,10.0
87,0,0.95,8.647354,18.33176,47.171432,38.31800842285156,58.31242370605469,100.0,6,2014-02-03,2014-02-03,2014-02-03,1.4412256876627605,observed,Baybay City Centre,POI 5×5,Reliability-qualified DNB-BRDF,1,G2,10.0
88,0,0.95,18.54565,18.33176,101.16677,82.17916870117188,125.06043243408203,100.0,6,2014-02-04,2014-02-04,2014-02-04,3.0909417470296225,observed,Baybay City Centre,POI 5×5,Reliability-qualified DNB-BRDF,1,G2,10.0
89,0,0.95,3.6940494,3.3341343,110.79486,79.015869140625,133.4718780517578,33.333333333333336,2,2014-02-05,2014-02-05,2014-02-05,1.84702467918396,observed,Baybay City Centre,POI 5×5,Reliability-qualified DNB-BRDF,1,G2,10.0
90,0,0.95,22.458796,18.33176,122.51304,99.51903533935547,151.44827270507812,100.0,6,2014-02-06,2014-02-06,2014-02-06,3.7431325912475586,observed,Baybay City Centre,POI 5×5,Reliability-qualified DNB-BRDF,1,G2,10.0
91,0,0.95,,,,,,0.0,0,2014-02-07,2014-02-07,2014-02-07,,not observable,Baybay City Centre,POI 5×5,Reliability-qualified DNB-BRDF,1,G2,10.0
92,0,0.95,,,,,,0.0,0,2014-02-08,2014-02-08,2014-02-08,,not observable,Baybay City Centre,POI 5×5,Reliability-qualified DNB-BRDF,1,G2,10.0
93,0,0.95,8.9545,17.402052,51.456577,41.75762176513672,63.97518539428711,83.33333333333333,5,2014-02-09,2014-02-09,2014-02-09,1.7909000396728516,observed,Baybay City Centre,POI 5×5,Reliability-qualified DNB-BRDF,1,G2,10.0
94,0,0.95,,,,,,0.0,0,2014-02-10,2014-02-10,2014-02-10,,not observable,Baybay City Centre,POI 5×5,Reliability-qualified DNB-BRDF,1,G2,10.0
95,0,0.95,,,,,,0.0,0,2014-02-11,2014-02-11,2014-02-11,,not observable,Baybay City Centre,POI 5×5,Reliability-qualified DNB-BRDF,1,G2,10.0
96,0,0.95,,,,,,0.0,0,2014-02-12,2014-02-12,2014-02-12,,not observable,Baybay City Centre,POI 5×5,Reliability-qualified DNB-BRDF,1,G2,10.0
97,0,0.95,,,,,,0.0,0,2014-02-13,2014-02-13,2014-02-13,,not observable,Baybay City Centre,POI 5×5,Reliability-qualified DNB-BRDF,1,G2,10.0
98,0,0.95,,,,,,0.0,0,2014-02-14,2014-02-14,2014-02-14,,not observable,Baybay City Centre,POI 5×5,Reliability-qualified DNB-BRDF,1,G2,10.0
99,0,0.95,7.2226205,18.33176,39.39949,32.00475311279297,48.70489501953125,100.0,6,2014-02-15,2014-02-15,2014-02-15,1.2037700812021892,observed,Baybay City Centre,POI 5×5,Reliability-qualified DNB-BRDF,1,G2,10.0
100,0,0.95,,,,,,0.0,0,2014-02-16,2014-02-16,2014-02-16,,not observable,Baybay City Centre,POI 5×5,Reliability-qualified DNB-BRDF,1,G2,10.0
101,0,0.95,8.010993,14.223368,56.322758,46.32506561279297,72.76732635498047,83.33333333333333,5,2014-02-17,2014-02-17,2014-02-17,1.602198600769043,observed,Baybay City Centre,POI 5×5,Reliability-qualified DNB-BRDF,1,G2,10.0
102,0,0.95,8.273862,18.33176,45.134026,36.662994384765625,55.793819427490234,100.0,6,2014-02-18,2014-02-18,2014-02-18,1.3789769808451335,observed,Baybay City Centre,POI 5×5,Reliability-qualified DNB-BRDF,1,G2,10.0
103,0,0.95,9.327477,18.33176,50.881516,41.33176040649414,62.89875411987305,100.0,6,2014-02-19,2014-02-19,2014-02-19,1.5545795758565266,observed,Baybay City Centre,POI 5×5,Reliability-qualified DNB-BRDF,1,G2,10.0
104,0,0.95,,,,,,0.0,0,2014-02-20,2014-02-20,2014-02-20,,not observable,Baybay City Centre,POI 5×5,Reliability-qualified DNB-BRDF,1,G2,10.0
105,0,0.95,18.734575,15.927334,117.625305,98.5220718383789,145.2945098876953,83.33333333333333,5,2014-02-21,2014-02-21,2014-02-21,3.7469150543212892,observed,Baybay City Centre,POI 5×5,Reliability-qualified DNB-BRDF,1,G2,10.0
106,0,0.95,,,,,,0.0,0,2014-02-22,2014-02-22,2014-02-22,,not observable,Baybay City Centre,POI 5×5,Reliability-qualified DNB-BRDF,1,G2,10.0
107,0,0.95,15.055961,14.997626,100.388954,84.14788055419922,124.82464599609375,66.66666666666667,4,2014-02-23,2014-02-23,2014-02-23,3.7639901638031006,observed,Baybay City Centre,POI 5×5,Reliability-qualified DNB-BRDF,1,G2,10.0
108,0,0.95,3.7385795,7.2812357,51.345398,40.05399703979492,67.75387573242188,50.0,3,2014-02-24,2014-02-24,2014-02-24,1.2461931705474854,observed,Baybay City Centre,POI 5×5,Reliability-qualified DNB-BRDF,1,G2,10.0
109,0,0.95,,,,,,0.0,0,2014-02-25,2014-02-25,2014-02-25,,not observable,Baybay City Centre,POI 5×5,Reliability-qualified DNB-BRDF,1,G2,10.0
110,0,0.95,26.857485,18.33176,146.50795,119.01042938232422,181.11032104492188,100.0,6,2014-02-26,2014-02-26,2014-02-26,4.476247469584147,observed,Baybay City Centre,POI 5×5,Reliability-qualified DNB-BRDF,1,G2,10.0
111,0,0.95,24.11743,18.33176,131.5609,106.86874389648438,162.63307189941406,100.0,6,2014-02-27,2014-02-27,2014-02-27,4.019571622212728,observed,Baybay City Centre,POI 5×5,Reliability-qualified DNB-BRDF,1,G2,10.0
112,0,0.95,20.13044,18.33176,109.81182,89.20166015625,135.7472686767578,100.0,6,2014-02-28,2014-02-28,2014-02-28,3.3550732930501304,observed,Baybay City Centre,POI 5×5,Reliability-qualified DNB-BRDF,1,G2,10.0
113,0,0.95,13.472004,18.33176,73.48997,59.69691848754883,90.84688568115234,100.0,6,2014-03-01,2014-03-01,2014-03-01,2.245333989461263,observed,Baybay City Centre,POI 5×5,Reliability-qualified DNB-BRDF,1,G2,10.0
114,0,0.95,,,,,,0.0,0,2014-03-02,2014-03-02,2014-03-02,,not observable,Baybay City Centre,POI 5×5,Reliability-qualified DNB-BRDF,1,G2,10.0
115,0,0.95,12.941726,18.33176,70.59729,57.3471565246582,87.2710189819336,100.0,6,2014-03-03,2014-03-03,2014-03-03,2.156954288482666,observed,Baybay City Centre,POI 5×5,Reliability-qualified DNB-BRDF,1,G2,10.0
116,0,0.95,21.065287,18.33176,114.911415,93.3441390991211,142.05130004882812,100.0,6,2014-03-04,2014-03-04,2014-03-04,3.5108811060587564,observed,Baybay City Centre,POI 5×5,Reliability-qualified DNB-BRDF,1,G2,10.0
117,0,0.95,,,,,,0.0,0,2014-03-05,2014-03-05,2014-03-05,,not observable,Baybay City Centre,POI 5×5,Reliability-qualified DNB-BRDF,1,G2,10.0
118,0,0.95,7.8292274,10.889233,71.898796,62.04844665527344,94.99884796142578,50.0,3,2014-03-06,2014-03-06,2014-03-06,2.6097424825032554,observed,Baybay City Centre,POI 5×5,Reliability-qualified DNB-BRDF,1,G2,10.0
119,0,0.95,,,,,,0.0,0,2014-03-07,2014-03-07,2014-03-07,,not observable,Baybay City Centre,POI 5×5,Reliability-qualified DNB-BRDF,1,G2,10.0
120,0,0.95,18.337313,18.33176,100.03029,81.25598907470703,123.65553283691406,100.0,6,2014-03-08,2014-03-08,2014-03-08,3.0562187830607095,observed,Baybay City Centre,POI 5×5,Reliability-qualified DNB-BRDF,1,G2,10.0
121,0,0.95,19.007637,17.402052,109.22641,88.63853454589844,135.79954528808594,83.33333333333333,5,2014-03-09,2014-03-09,2014-03-09,3.801527404785156,observed,Baybay City Centre,POI 5×5,Reliability-qualified DNB-BRDF,1,G2,10.0
122,0,0.95,3.4902234,3.3341343,104.68155,74.65602111816406,126.1073226928711,33.333333333333336,2,2014-03-10,2014-03-10,2014-03-10,1.7451117038726807,observed,Baybay City Centre,POI 5×5,Reliability-qualified DNB-BRDF,1,G2,10.0
123,0,0.95,,,,,,0.0,0,2014-03-11,2014-03-11,2014-03-11,,not observable,Baybay City Centre,POI 5×5,Reliability-qualified DNB-BRDF,1,G2,10.0
124,0,0.95,,,,,,0.0,0,2014-03-12,2014-03-12,2014-03-12,,not observable,Baybay City Centre,POI 5×5,Reliability-qualified DNB-BRDF,1,G2,10.0
125,0,0.95,,,,,,0.0,0,2014-03-13,2014-03-13,2014-03-13,,not observable,Baybay City Centre,POI 5×5,Reliability-qualified DNB-BRDF,1,G2,10.0
126,0,0.95,,,,,,0.0,0,2014-03-14,2014-03-14,2014-03-14,,not observable,Baybay City Centre,POI 5×5,Reliability-qualified DNB-BRDF,1,G2,10.0
127,0,0.95,,,,,,0.0,0,2014-03-15,2014-03-15,2014-03-15,,not observable,Baybay City Centre,POI 5×5,Reliability-qualified DNB-BRDF,1,G2,10.0
128,0,0.95,,,,,,0.0,0,2014-03-16,2014-03-16,2014-03-16,,not observable,Baybay City Centre,POI 5×5,Reliability-qualified DNB-BRDF,1,G2,10.0
129,0,0.95,3.6130207,3.676035,98.285805,88.7887191772461,123.70174407958984,16.666666666666668,1,2014-03-17,2014-03-17,2014-03-17,3.613020658493042,observed,Baybay City Centre,POI 5×5,Reliability-qualified DNB-BRDF,1,G2,10.0
130,0,0.95,,,,,,0.0,0,2014-03-18,2014-03-18,2014-03-18,,not observable,Baybay City Centre,POI 5×5,Reliability-qualified DNB-BRDF,1,G2,10.0
131,0,0.95,10.249657,14.6557255,69.936195,55.409236907958984,86.06938171386719,83.33333333333333,5,2014-03-19,2014-03-19,2014-03-19,2.0499313354492186,observed,Baybay City Centre,POI 5×5,Reliability-qualified DNB-BRDF,1,G2,10.0
132,0,0.95,,,,,,0.0,0,2014-03-20,2014-03-20,2014-03-20,,not observable,Baybay City Centre,POI 5×5,Reliability-qualified DNB-BRDF,1,G2,10.0
133,0,0.95,,,,,,0.0,0,2014-03-21,2014-03-21,2014-03-21,,not observable,Baybay City Centre,POI 5×5,Reliability-qualified DNB-BRDF,1,G2,10.0
134,0,0.95,,,,,,0.0,0,2014-03-22,2014-03-22,2014-03-22,,not observable,Baybay City Centre,POI 5×5,Reliability-qualified DNB-BRDF,1,G2,10.0
135,0,0.95,,,,,,0.0,0,2014-03-23,2014-03-23,2014-03-23,,not observable,Baybay City Centre,POI 5×5,Reliability-qualified DNB-BRDF,1,G2,10.0
136,0,0.95,,,,,,0.0,0,2014-03-24,2014-03-24,2014-03-24,,not observable,Baybay City Centre,POI 5×5,Reliability-qualified DNB-BRDF,1,G2,10.0
137,0,0.95,13.372732,18.33176,72.94843,59.257022857666016,90.17745971679688,100.0,6,2014-03-25,2014-03-25,2014-03-25,2.228788693745931,observed,Baybay City Centre,POI 5×5,Reliability-qualified DNB-BRDF,1,G2,10.0
138,0,0.95,1.2940822,3.3341343,38.813137,27.680471420288086,46.75724792480469,33.333333333333336,2,2014-03-26,2014-03-26,2014-03-26,0.6470410823822021,observed,Baybay City Centre,POI 5×5,Reliability-qualified DNB-BRDF,1,G2,10.0
139,0,0.95,2.1308112,2.4044263,88.62035,59.99369812011719,110.11127471923828,16.666666666666668,1,2014-03-27,2014-03-27,2014-03-27,2.1308112144470215,observed,Baybay City Centre,POI 5×5,Reliability-qualified DNB-BRDF,1,G2,10.0
140,0,0.95,,,,,,0.0,0,2014-03-28,2014-03-28,2014-03-28,,not observable,Baybay City Centre,POI 5×5,Reliability-qualified DNB-BRDF,1,G2,10.0
141,0,0.95,,,,,,0.0,0,2014-03-29,2014-03-29,2014-03-29,,not observable,Baybay City Centre,POI 5×5,Reliability-qualified DNB-BRDF,1,G2,10.0
142,0,0.95,3.8397698,3.3341343,115.16542,82.1328353881836,138.73699951171875,33.333333333333336,2,2014-03-30,2014-03-30,2014-03-30,1.9198849201202393,observed,Baybay City Centre,POI 5×5,Reliability-qualified DNB-BRDF,1,G2,10.0
143,0,0.95,23.19281,18.33176,126.51709,102.7715835571289,156.39801025390625,100.0,6,2014-03-31,2014-03-31,2014-03-31,3.8654683430989585,observed,Baybay City Centre,POI 5×5,Reliability-qualified DNB-BRDF,1,G2,10.0
144,0,0.95,18.729137,18.33176,102.167694,82.99223327636719,126.29774475097656,100.0,6,2014-04-01,2014-04-01,2014-04-01,3.121522903442383,observed,Baybay City Centre,POI 5×5,Reliability-qualified DNB-BRDF,1,G2,10.0
145,0,0.95,,,,,,0.0,0,2014-04-02,2014-04-02,2014-04-02,,not observable,Baybay City Centre,POI 5×5,Reliability-qualified DNB-BRDF,1,G2,10.0
146,0,0.95,,,,,,0.0,0,2014-04-03,2014-04-03,2014-04-03,,not observable,Baybay City Centre,POI 5×5,Reliability-qualified DNB-BRDF,1,G2,10.0
147,0,0.95,16.082905,18.33176,87.73247,71.26629638671875,108.45319366455078,100.0,6,2014-04-04,2014-04-04,2014-04-04,2.680484135945638,observed,Baybay City Centre,POI 5×5,Reliability-qualified DNB-BRDF,1,G2,10.0
148,0,0.95,33.386944,18.33176,182.12622,147.9436492919922,225.14096069335938,100.0,6,2014-04-05,2014-04-05,2014-04-05,5.564490636189778,observed,Baybay City Centre,POI 5×5,Reliability-qualified DNB-BRDF,1,G2,10.0
149,0,0.95,1.1397896,0.929708,122.59651,101.4636459350586,136.9087677001953,16.666666666666668,1,2014-04-06,2014-04-06,2014-04-06,1.1397895812988281,observed,Baybay City Centre,POI 5×5,Reliability-qualified DNB-BRDF,1,G2,10.0
150,0,0.95,,,,,,0.0,0,2014-04-07,2014-04-07,2014-04-07,,not observable,Baybay City Centre,POI 5×5,Reliability-qualified DNB-BRDF,1,G2,10.0
151,0,0.95,,,,,,0.0,0,2014-04-08,2014-04-08,2014-04-08,,not observable,Baybay City Centre,POI 5×5,Reliability-qualified DNB-BRDF,1,G2,10.0
152,0,0.95,,,,,,0.0,0,2014-04-09,2014-04-09,2014-04-09,,not observable,Baybay City Centre,POI 5×5,Reliability-qualified DNB-BRDF,1,G2,10.0
153,0,0.95,,,,,,0.0,0,2014-04-10,2014-04-10,2014-04-10,,not observable,Baybay City Centre,POI 5×5,Reliability-qualified DNB-BRDF,1,G2,10.0
154,0,0.95,,,,,,0.0,0,2014-04-11,2014-04-11,2014-04-11,,not observable,Baybay City Centre,POI 5×5,Reliability-qualified DNB-BRDF,1,G2,10.0
155,0,0.95,,,,,,0.0,0,2014-04-12,2014-04-12,2014-04-12,,not observable,Baybay City Centre,POI 5×5,Reliability-qualified DNB-BRDF,1,G2,10.0
156,0,0.95,,,,,,0.0,0,2014-04-13,2014-04-13,2014-04-13,,not observable,Baybay City Centre,POI 5×5,Reliability-qualified DNB-BRDF,1,G2,10.0
157,0,0.95,,,,,,0.0,0,2014-04-14,2014-04-14,2014-04-14,,not observable,Baybay City Centre,POI 5×5,Reliability-qualified DNB-BRDF,1,G2,10.0
158,0,0.95,,,,,,0.0,0,2014-04-15,2014-04-15,2014-04-15,,not observable,Baybay City Centre,POI 5×5,Reliability-qualified DNB-BRDF,1,G2,10.0
159,0,0.95,,,,,,0.0,0,2014-04-16,2014-04-16,2014-04-16,,not observable,Baybay City Centre,POI 5×5,Reliability-qualified DNB-BRDF,1,G2,10.0
160,0,0.95,,,,,,0.0,0,2014-04-17,2014-04-17,2014-04-17,,not observable,Baybay City Centre,POI 5×5,Reliability-qualified DNB-BRDF,1,G2,10.0
161,0,0.95,9.594604,14.223368,67.45662,55.48258590698242,87.15194702148438,83.33333333333333,5,2014-04-18,2014-04-18,2014-04-18,1.9189207077026367,observed,Baybay City Centre,POI 5×5,Reliability-qualified DNB-BRDF,1,G2,10.0
162,0,0.95,,,,,,0.0,0,2014-04-19,2014-04-19,2014-04-19,,not observable,Baybay City Centre,POI 5×5,Reliability-qualified DNB-BRDF,1,G2,10.0
163,0,0.95,,,,,,0.0,0,2014-04-20,2014-04-20,2014-04-20,,not observable,Baybay City Centre,POI 5×5,Reliability-qualified DNB-BRDF,1,G2,10.0
164,0,0.95,19.3028,18.33176,105.29703,85.53423309326172,130.16616821289062,100.0,6,2014-04-21,2014-04-21,2014-04-21,3.2171332041422525,observed,Baybay City Centre,POI 5×5,Reliability-qualified DNB-BRDF,1,G2,10.0
165,0,0.95,,,,,,0.0,0,2014-04-22,2014-04-22,2014-04-22,,not observable,Baybay City Centre,POI 5×5,Reliability-qualified DNB-BRDF,1,G2,10.0
166,0,0.95,,,,,,0.0,0,2014-04-23,2014-04-23,2014-04-23,,not observable,Baybay City Centre,POI 5×5,Reliability-qualified DNB-BRDF,1,G2,10.0
167,0,0.95,11.044707,18.33176,60.249027,48.94111633300781,74.47869110107422,100.0,6,2014-04-24,2014-04-24,2014-04-24,1.8407845497131348,observed,Baybay City Centre,POI 5×5,Reliability-qualified DNB-BRDF,1,G2,10.0
168,0,0.95,17.902618,18.33176,97.65903,79.32978057861328,120.7242202758789,100.0,6,2014-04-25,2014-04-25,2014-04-25,2.983769734700521,observed,Baybay City Centre,POI 5×5,Reliability-qualified DNB-BRDF,1,G2,10.0
169,0,0.95,13.337668,18.33176,72.757164,59.10165023803711,89.94100952148438,100.0,6,2014-04-26,2014-04-26,2014-04-26,2.222944736480713,observed,Baybay City Centre,POI 5×5,Reliability-qualified DNB-BRDF,1,G2,10.0
170,0,0.95,17.49059,18.33176,95.4114,77.5040054321289,117.94574737548828,100.0,6,2014-04-27,2014-04-27,2014-04-27,2.915098190307617,observed,Baybay City Centre,POI 5×5,Reliability-qualified DNB-BRDF,1,G2,10.0
171,0,0.95,,,,,,0.0,0,2014-04-28,2014-04-28,2014-04-28,,not observable,Baybay City Centre,POI 5×5,Reliability-qualified DNB-BRDF,1,G2,10.0
172,0,0.95,8.883523,14.223368,62.45724,51.37063217163086,80.6928939819336,83.33333333333333,5,2014-04-29,2014-04-29,2014-04-29,1.7767045974731446,observed,Baybay City Centre,POI 5×5,Reliability-qualified DNB-BRDF,1,G2,10.0
173,0,0.95,14.567837,18.33176,79.46774,64.55274963378906,98.23651123046875,100.0,6,2014-04-30,2014-04-30,2014-04-30,2.4279727935791016,observed,Baybay City Centre,POI 5×5,Reliability-qualified DNB-BRDF,1,G2,10.0
174,0,0.95,26.838274,18.33176,146.40315,118.92530059814453,180.98077392578125,100.0,6,2014-05-01,2014-05-01,2014-05-01,4.473045667012532,observed,Baybay City Centre,POI 5×5,Reliability-qualified DNB-BRDF,1,G2,10.0
175,0,0.95,33.7759,18.33176,184.248,149.6671905517578,227.7638397216797,100.0,6,2014-05-02,2014-05-02,2014-05-02,5.629316965738933,observed,Baybay City Centre,POI 5×5,Reliability-qualified DNB-BRDF,1,G2,10.0
176,0,0.95,4.9794087,3.3341343,149.34637,106.509765625,179.91397094726562,33.333333333333336,2,2014-05-03,2014-05-03,2014-05-03,2.4897043704986572,observed,Baybay City Centre,POI 5×5,Reliability-qualified DNB-BRDF,1,G2,10.0
177,0,0.95,10.793377,18.33176,58.878014,47.82742691040039,72.78387451171875,100.0,6,2014-05-04,2014-05-04,2014-05-04,1.7988961537679036,observed,Baybay City Centre,POI 5×5,Reliability-qualified DNB-BRDF,1,G2,10.0
178,0,0.95,11.835756,15.065664,78.561134,63.36933135986328,96.54802703857422,83.33333333333333,5,2014-05-05,2014-05-05,2014-05-05,2.3671512603759766,observed,Baybay City Centre,POI 5×5,Reliability-qualified DNB-BRDF,1,G2,10.0
179,0,0.95,,,,,,0.0,0,2014-05-06,2014-05-06,2014-05-06,,not observable,Baybay City Centre,POI 5×5,Reliability-qualified DNB-BRDF,1,G2,10.0
180,0,0.95,22.712044,18.33176,123.8945,100.64122009277344,153.156005859375,100.0,6,2014-05-07,2014-05-07,2014-05-07,3.7853406270345054,observed,Baybay City Centre,POI 5×5,Reliability-qualified DNB-BRDF,1,G2,10.0
181,0,0.95,,,,,,0.0,0,2014-05-08,2014-05-08,2014-05-08,,not observable,Baybay City Centre,POI 5×5,Reliability-qualified DNB-BRDF,1,G2,10.0
182,0,0.95,,,,,,0.0,0,2014-05-09,2014-05-09,2014-05-09,,not observable,Baybay City Centre,POI 5×5,Reliability-qualified DNB-BRDF,1,G2,10.0
183,0,0.95,15.188414,18.33176,82.853,67.3026351928711,102.4212875366211,100.0,6,2014-05-10,2014-05-10,2014-05-10,2.531402269999186,observed,Baybay City Centre,POI 5×5,Reliability-qualified DNB-BRDF,1,G2,10.0
184,0,0.95,5.1061773,3.9471016,129.36523,109.60340118408203,185.66419982910156,16.666666666666668,1,2014-05-11,2014-05-11,2014-05-11,5.10617733001709,observed,Baybay City Centre,POI 5×5,Reliability-qualified DNB-BRDF,1,G2,10.0
185,0,0.95,,,,,,0.0,0,2014-05-12,2014-05-12,2014-05-12,,not observable,Baybay City Centre,POI 5×5,Reliability-qualified DNB-BRDF,1,G2,10.0
186,0,0.95,21.363708,18.33176,116.539314,94.66650390625,144.0636749267578,100.0,6,2014-05-13,2014-05-13,2014-05-13,3.5606180826822915,observed,Baybay City Centre,POI 5×5,Reliability-qualified DNB-BRDF,1,G2,10.0
187,0,0.95,14.022358,15.065664,93.07494,75.07652282714844,114.38482666015625,83.33333333333333,5,2014-05-14,2014-05-14,2014-05-14,2.8044715881347657,observed,Baybay City Centre,POI 5×5,Reliability-qualified DNB-BRDF,1,G2,10.0
188,0,0.95,7.8723345,12.251299,64.25714,52.67051696777344,78.93286895751953,66.66666666666667,4,2014-05-15,2014-05-15,2014-05-15,1.9680836200714111,observed,Baybay City Centre,POI 5×5,Reliability-qualified DNB-BRDF,1,G2,10.0
189,0,0.95,,,,,,0.0,0,2014-05-16,2014-05-16,2014-05-16,,not observable,Baybay City Centre,POI 5×5,Reliability-qualified DNB-BRDF,1,G2,10.0
190,0,0.95,,,,,,0.0,0,2014-05-17,2014-05-17,2014-05-17,,not observable,Baybay City Centre,POI 5×5,Reliability-qualified DNB-BRDF,1,G2,10.0
191,0,0.95,22.350754,14.384659,155.3791,124.80485534667969,185.0361328125,83.33333333333333,5,2014-05-18,2014-05-18,2014-05-18,4.470150756835937,observed,Baybay City Centre,POI 5×5,Reliability-qualified DNB-BRDF,1,G2,10.0
192,0,0.95,10.988798,12.661238,86.79086,72.64986419677734,106.44152069091797,66.66666666666667,4,2014-05-19,2014-05-19,2014-05-19,2.747199535369873,observed,Baybay City Centre,POI 5×5,Reliability-qualified DNB-BRDF,1,G2,10.0
193,0,0.95,11.966767,18.33176,65.27888,53.02693557739258,80.69650268554688,100.0,6,2014-05-20,2014-05-20,2014-05-20,1.994461218516032,observed,Baybay City Centre,POI 5×5,Reliability-qualified DNB-BRDF,1,G2,10.0
194,0,0.95,,,,,,0.0,0,2014-05-21,2014-05-21,2014-05-21,,not observable,Baybay City Centre,POI 5×5,Reliability-qualified DNB-BRDF,1,G2,10.0
195,0,0.95,24.426815,18.33176,133.2486,108.23968505859375,164.71937561035156,100.0,6,2014-05-22,2014-05-22,2014-05-22,4.071135838826497,observed,Baybay City Centre,POI 5×5,Reliability-qualified DNB-BRDF,1,G2,10.0
196,0,0.95,43.643353,18.33176,238.07509,193.39169311523438,294.3038635253906,100.0,6,2014-05-23,2014-05-23,2014-05-23,7.273892084757487,observed,Baybay City Centre,POI 5×5,Reliability-qualified DNB-BRDF,1,G2,10.0
197,0,0.95,,,,,,0.0,0,2014-05-24,2014-05-24,2014-05-24,,not observable,Baybay City Centre,POI 5×5,Reliability-qualified DNB-BRDF,1,G2,10.0
198,0,0.95,,,,,,0.0,0,2014-05-25,2014-05-25,2014-05-25,,not observable,Baybay City Centre,POI 5×5,Reliability-qualified DNB-BRDF,1,G2,10.0
199,0,0.95,12.22883,14.223368,85.97704,70.71549987792969,111.07977294921875,83.33333333333333,5,2014-05-26,2014-05-26,2014-05-26,2.445766067504883,observed,Baybay City Centre,POI 5×5,Reliability-qualified DNB-BRDF,1,G2,10.0
200,0,0.95,,,,,,0.0,0,2014-05-27,2014-05-27,2014-05-27,,not observable,Baybay City Centre,POI 5×5,Reliability-qualified DNB-BRDF,1,G2,10.0
201,0,0.95,5.880515,3.3341343,176.37308,125.78446197509766,212.4723663330078,33.333333333333336,2,2014-05-28,2014-05-28,2014-05-28,2.9402575492858887,observed,Baybay City Centre,POI 5×5,Reliability-qualified DNB-BRDF,1,G2,10.0
202,0,0.95,,,,,,0.0,0,2014-05-29,2014-05-29,2014-05-29,,not observable,Baybay City Centre,POI 5×5,Reliability-qualified DNB-BRDF,1,G2,10.0
203,0,0.95,,,,,,0.0,0,2014-05-30,2014-05-30,2014-05-30,,not observable,Baybay City Centre,POI 5×5,Reliability-qualified DNB-BRDF,1,G2,10.0
204,0,0.95,4.5600667,7.2131977,63.21838,53.34226989746094,85.70523834228516,33.333333333333336,2,2014-05-31,2014-05-31,2014-05-31,2.2800333499908447,observed,Baybay City Centre,POI 5×5,Reliability-qualified DNB-BRDF,1,G2,10.0
205,0,0.95,16.339458,18.33176,89.131966,72.40312957763672,110.1832275390625,100.0,6,2014-06-01,2014-06-01,2014-06-01,2.723243077596029,observed,Baybay City Centre,POI 5×5,Reliability-qualified DNB-BRDF,1,G2,10.0
206,0,0.95,,,,,,0.0,0,2014-06-02,2014-06-02,2014-06-02,,not observable,Baybay City Centre,POI 5×5,Reliability-qualified DNB-BRDF,1,G2,10.0
207,0,0.95,32.021187,18.33176,174.67601,141.89173889160156,215.93113708496094,100.0,6,2014-06-03,2014-06-03,2014-06-03,5.336864471435547,observed,Baybay City Centre,POI 5×5,Reliability-qualified DNB-BRDF,1,G2,10.0
208,0,0.95,,,,,,0.0,0,2014-06-04,2014-06-04,2014-06-04,,not observable,Baybay City Centre,POI 5×5,Reliability-qualified DNB-BRDF,1,G2,10.0
209,0,0.95,15.148487,18.33176,82.6352,67.12571716308594,102.15205383300781,100.0,6,2014-06-05,2014-06-05,2014-06-05,2.524747848510742,observed,Baybay City Centre,POI 5×5,Reliability-qualified DNB-BRDF,1,G2,10.0
210,0,0.95,4.1300416,3.3341343,123.871475,88.34175872802734,149.2249755859375,33.333333333333336,2,2014-06-06,2014-06-06,2014-06-06,2.065020799636841,observed,Baybay City Centre,POI 5×5,Reliability-qualified DNB-BRDF,1,G2,10.0
211,0,0.95,10.184063,9.617624,105.889595,84.16290283203125,140.3578643798828,50.0,3,2014-06-07,2014-06-07,2014-06-07,3.3946876525878906,observed,Baybay City Centre,POI 5×5,Reliability-qualified DNB-BRDF,1,G2,10.0
212,0,0.95,,,,,,0.0,0,2014-06-08,2014-06-08,2014-06-08,,not observable,Baybay City Centre,POI 5×5,Reliability-qualified DNB-BRDF,1,G2,10.0
213,0,0.95,,,,,,0.0,0,2014-06-09,2014-06-09,2014-06-09,,not observable,Baybay City Centre,POI 5×5,Reliability-qualified DNB-BRDF,1,G2,10.0
214,0,0.95,,,,,,0.0,0,2014-06-10,2014-06-10,2014-06-10,,not observable,Baybay City Centre,POI 5×5,Reliability-qualified DNB-BRDF,1,G2,10.0
215,0,0.95,,,,,,0.0,0,2014-06-11,2014-06-11,2014-06-11,,not observable,Baybay City Centre,POI 5×5,Reliability-qualified DNB-BRDF,1,G2,10.0
216,0,0.95,,,,,,0.0,0,2014-06-12,2014-06-12,2014-06-12,,not observable,Baybay City Centre,POI 5×5,Reliability-qualified DNB-BRDF,1,G2,10.0
217,0,0.95,,,,,,0.0,0,2014-06-13,2014-06-13,2014-06-13,,not observable,Baybay City Centre,POI 5×5,Reliability-qualified DNB-BRDF,1,G2,10.0
218,0,0.95,,,,,,0.0,0,2014-06-14,2014-06-14,2014-06-14,,not observable,Baybay City Centre,POI 5×5,Reliability-qualified DNB-BRDF,1,G2,10.0
219,0,0.95,,,,,,0.0,0,2014-06-15,2014-06-15,2014-06-15,,not observable,Baybay City Centre,POI 5×5,Reliability-qualified DNB-BRDF,1,G2,10.0
220,0,0.95,,,,,,0.0,0,2014-06-16,2014-06-16,2014-06-16,,not observable,Baybay City Centre,POI 5×5,Reliability-qualified DNB-BRDF,1,G2,10.0
221,0,0.95,14.306599,18.33176,78.042694,63.39515686035156,96.47488403320312,100.0,6,2014-06-17,2014-06-17,2014-06-17,2.384433110555013,observed,Baybay City Centre,POI 5×5,Reliability-qualified DNB-BRDF,1,G2,10.0
222,0,0.95,,,,,,0.0,0,2014-06-18,2014-06-18,2014-06-18,,not observable,Baybay City Centre,POI 5×5,Reliability-qualified DNB-BRDF,1,G2,10.0
223,0,0.95,,,,,,0.0,0,2014-06-19,2014-06-19,2014-06-19,,not observable,Baybay City Centre,POI 5×5,Reliability-qualified DNB-BRDF,1,G2,10.0
224,0,0.95,,,,,,0.0,0,2014-06-20,2014-06-20,2014-06-20,,not observable,Baybay City Centre,POI 5×5,Reliability-qualified DNB-BRDF,1,G2,10.0
225,0,0.95,,,,,,0.0,0,2014-06-21,2014-06-21,2014-06-21,,not observable,Baybay City Centre,POI 5×5,Reliability-qualified DNB-BRDF,1,G2,10.0
226,0,0.95,11.256527,11.731529,95.951065,80.39028930664062,118.5987319946289,50.0,3,2014-06-22,2014-06-22,2014-06-22,3.7521756490071616,observed,Baybay City Centre,POI 5×5,Reliability-qualified DNB-BRDF,1,G2,10.0
227,0,0.95,5.3600445,14.223368,37.684776,30.995458602905273,48.6876106262207,83.33333333333333,5,2014-06-23,2014-06-23,2014-06-23,1.0720088958740235,observed,Baybay City Centre,POI 5×5,Reliability-qualified DNB-BRDF,1,G2,10.0
228,0,0.95,,,,,,0.0,0,2014-06-24,2014-06-24,2014-06-24,,not observable,Baybay City Centre,POI 5×5,Reliability-qualified DNB-BRDF,1,G2,10.0
229,0,0.95,,,,,,0.0,0,2014-06-25,2014-06-25,2014-06-25,,not observable,Baybay City Centre,POI 5×5,Reliability-qualified DNB-BRDF,1,G2,10.0
230,0,0.95,,,,,,0.0,0,2014-06-26,2014-06-26,2014-06-26,,not observable,Baybay City Centre,POI 5×5,Reliability-qualified DNB-BRDF,1,G2,10.0
231,0,0.95,,,,,,0.0,0,2014-06-27,2014-06-27,2014-06-27,,not observable,Baybay City Centre,POI 5×5,Reliability-qualified DNB-BRDF,1,G2,10.0
232,0,0.95,12.86392,18.33176,70.17285,57.00238037109375,86.746337890625,100.0,6,2014-06-28,2014-06-28,2014-06-28,2.143986701965332,observed,Baybay City Centre,POI 5×5,Reliability-qualified DNB-BRDF,1,G2,10.0
233,0,0.95,,,,,,0.0,0,2014-06-29,2014-06-29,2014-06-29,,not observable,Baybay City Centre,POI 5×5,Reliability-qualified DNB-BRDF,1,G2,10.0
234,0,0.95,,,,,,0.0,0,2014-06-30,2014-06-30,2014-06-30,,not observable,Baybay City Centre,POI 5×5,Reliability-qualified DNB-BRDF,1,G2,10.0
235,0,0.95,,,,,,0.0,0,2014-07-01,2014-07-01,2014-07-01,,not observable,Baybay City Centre,POI 5×5,Reliability-qualified DNB-BRDF,1,G2,10.0
236,0,0.95,,,,,,0.0,0,2014-07-02,2014-07-02,2014-07-02,,not observable,Baybay City Centre,POI 5×5,Reliability-qualified DNB-BRDF,1,G2,10.0
237,0,0.95,,,,,,0.0,0,2014-07-03,2014-07-03,2014-07-03,,not observable,Baybay City Centre,POI 5×5,Reliability-qualified DNB-BRDF,1,G2,10.0
238,0,0.95,,,,,,0.0,0,2014-07-04,2014-07-04,2014-07-04,,not observable,Baybay City Centre,POI 5×5,Reliability-qualified DNB-BRDF,1,G2,10.0
239,0,0.95,,,,,,0.0,0,2014-07-05,2014-07-05,2014-07-05,,not observable,Baybay City Centre,POI 5×5,Reliability-qualified DNB-BRDF,1,G2,10.0
240,0,0.95,,,,,,0.0,0,2014-07-06,2014-07-06,2014-07-06,,not observable,Baybay City Centre,POI 5×5,Reliability-qualified DNB-BRDF,1,G2,10.0
241,0,0.95,,,,,,0.0,0,2014-07-07,2014-07-07,2014-07-07,,not observable,Baybay City Centre,POI 5×5,Reliability-qualified DNB-BRDF,1,G2,10.0
242,0,0.95,,,,,,0.0,0,2014-07-08,2014-07-08,2014-07-08,,not observable,Baybay City Centre,POI 5×5,Reliability-qualified DNB-BRDF,1,G2,10.0
243,0,0.95,,,,,,0.0,0,2014-07-09,2014-07-09,2014-07-09,,not observable,Baybay City Centre,POI 5×5,Reliability-qualified DNB-BRDF,1,G2,10.0
244,0,0.95,11.411207,13.293659,85.83948,70.57176208496094,112.1325454711914,66.66666666666667,4,2014-07-10,2014-07-10,2014-07-10,2.85280179977417,observed,Baybay City Centre,POI 5×5,Reliability-qualified DNB-BRDF,1,G2,10.0
245,0,0.95,19.454748,18.33176,106.125916,86.20755004882812,131.19082641601562,100.0,6,2014-07-11,2014-07-11,2014-07-11,3.2424580256144204,observed,Baybay City Centre,POI 5×5,Reliability-qualified DNB-BRDF,1,G2,10.0
246,0,0.95,6.307312,18.33176,34.40647,27.948854446411133,42.532623291015625,100.0,6,2014-07-12,2014-07-12,2014-07-12,1.0512186686197917,observed,Baybay City Centre,POI 5×5,Reliability-qualified DNB-BRDF,1,G2,10.0
247,0,0.95,,,,,,0.0,0,2014-07-13,2014-07-13,2014-07-13,,not observable,Baybay City Centre,POI 5×5,Reliability-qualified DNB-BRDF,1,G2,10.0
248,0,0.95,,,,,,0.0,0,2014-07-14,2014-07-14,2014-07-14,,not observable,Baybay City Centre,POI 5×5,Reliability-qualified DNB-BRDF,1,G2,10.0
249,0,0.95,,,,,,0.0,0,2014-07-15,2014-07-15,2014-07-15,,not observable,Baybay City Centre,POI 5×5,Reliability-qualified DNB-BRDF,1,G2,10.0
250,0,0.95,16.912964,18.33176,92.260445,74.9444351196289,114.05059814453125,100.0,6,2014-07-16,2014-07-16,2014-07-16,2.8188273111979165,observed,Baybay City Centre,POI 5×5,Reliability-qualified DNB-BRDF,1,G2,10.0
251,0,0.95,16.06985,18.33176,87.661255,71.20845031738281,108.36516571044922,100.0,6,2014-07-17,2014-07-17,2014-07-17,2.6783084869384766,observed,Baybay City Centre,POI 5×5,Reliability-qualified DNB-BRDF,1,G2,10.0
252,0,0.95,,,,,,0.0,0,2014-07-18,2014-07-18,2014-07-18,,not observable,Baybay City Centre,POI 5×5,Reliability-qualified DNB-BRDF,1,G2,10.0
253,0,0.95,,,,,,0.0,0,2014-07-19,2014-07-19,2014-07-19,,not observable,Baybay City Centre,POI 5×5,Reliability-qualified DNB-BRDF,1,G2,10.0
254,0,0.95,,,,,,0.0,0,2014-07-20,2014-07-20,2014-07-20,,not observable,Baybay City Centre,POI 5×5,Reliability-qualified DNB-BRDF,1,G2,10.0
255,0,0.95,,,,,,0.0,0,2014-07-21,2014-07-21,2014-07-21,,not observable,Baybay City Centre,POI 5×5,Reliability-qualified DNB-BRDF,1,G2,10.0
256,0,0.95,,,,,,0.0,0,2014-07-22,2014-07-22,2014-07-22,,not observable,Baybay City Centre,POI 5×5,Reliability-qualified DNB-BRDF,1,G2,10.0
257,0,0.95,,,,,,0.0,0,2014-07-23,2014-07-23,2014-07-23,,not observable,Baybay City Centre,POI 5×5,Reliability-qualified DNB-BRDF,1,G2,10.0
258,0,0.95,,,,,,0.0,0,2014-07-24,2014-07-24,2014-07-24,,not observable,Baybay City Centre,POI 5×5,Reliability-qualified DNB-BRDF,1,G2,10.0
259,0,0.95,,,,,,0.0,0,2014-07-25,2014-07-25,2014-07-25,,not observable,Baybay City Centre,POI 5×5,Reliability-qualified DNB-BRDF,1,G2,10.0
260,0,0.95,,,,,,0.0,0,2014-07-26,2014-07-26,2014-07-26,,not observable,Baybay City Centre,POI 5×5,Reliability-qualified DNB-BRDF,1,G2,10.0
261,0,0.95,,,,,,0.0,0,2014-07-27,2014-07-27,2014-07-27,,not observable,Baybay City Centre,POI 5×5,Reliability-qualified DNB-BRDF,1,G2,10.0
262,0,0.95,,,,,,0.0,0,2014-07-28,2014-07-28,2014-07-28,,not observable,Baybay City Centre,POI 5×5,Reliability-qualified DNB-BRDF,1,G2,10.0
263,0,0.95,,,,,,0.0,0,2014-07-29,2014-07-29,2014-07-29,,not observable,Baybay City Centre,POI 5×5,Reliability-qualified DNB-BRDF,1,G2,10.0
264,0,0.95,,,,,,0.0,0,2014-07-30,2014-07-30,2014-07-30,,not observable,Baybay City Centre,POI 5×5,Reliability-qualified DNB-BRDF,1,G2,10.0
265,0,0.95,,,,,,0.0,0,2014-07-31,2014-07-31,2014-07-31,,not observable,Baybay City Centre,POI 5×5,Reliability-qualified DNB-BRDF,1,G2,10.0
266,0,0.95,,,,,,0.0,0,2014-08-01,2014-08-01,2014-08-01,,not observable,Baybay City Centre,POI 5×5,Reliability-qualified DNB-BRDF,1,G2,10.0
267,0,0.95,,,,,,0.0,0,2014-08-02,2014-08-02,2014-08-02,,not observable,Baybay City Centre,POI 5×5,Reliability-qualified DNB-BRDF,1,G2,10.0
268,0,0.95,,,,,,0.0,0,2014-08-03,2014-08-03,2014-08-03,,not observable,Baybay City Centre,POI 5×5,Reliability-qualified DNB-BRDF,1,G2,10.0
269,0,0.95,,,,,,0.0,0,2014-08-04,2014-08-04,2014-08-04,,not observable,Baybay City Centre,POI 5×5,Reliability-qualified DNB-BRDF,1,G2,10.0
270,0,0.95,,,,,,0.0,0,2014-08-05,2014-08-05,2014-08-05,,not observable,Baybay City Centre,POI 5×5,Reliability-qualified DNB-BRDF,1,G2,10.0
271,0,0.95,16.888689,17.402052,97.04999,78.75721740722656,120.66078186035156,83.33333333333333,5,2014-08-06,2014-08-06,2014-08-06,3.377737808227539,observed,Baybay City Centre,POI 5×5,Reliability-qualified DNB-BRDF,1,G2,10.0
272,0,0.95,,,,,,0.0,0,2014-08-07,2014-08-07,2014-08-07,,not observable,Baybay City Centre,POI 5×5,Reliability-qualified DNB-BRDF,1,G2,10.0
273,0,0.95,,,,,,0.0,0,2014-08-08,2014-08-08,2014-08-08,,not observable,Baybay City Centre,POI 5×5,Reliability-qualified DNB-BRDF,1,G2,10.0
274,0,0.95,6.4316907,18.33176,35.08496,28.499998092651367,43.37135696411133,100.0,6,2014-08-09,2014-08-09,2014-08-09,1.0719484488169353,observed,Baybay City Centre,POI 5×5,Reliability-qualified DNB-BRDF,1,G2,10.0
275,0,0.95,10.352982,18.33176,56.47565,45.875953674316406,69.81411743164062,100.0,6,2014-08-10,2014-08-10,2014-08-10,1.7254969278971355,observed,Baybay City Centre,POI 5×5,Reliability-qualified DNB-BRDF,1,G2,10.0
276,0,0.95,,,,,,0.0,0,2014-08-11,2014-08-11,2014-08-11,,not observable,Baybay City Centre,POI 5×5,Reliability-qualified DNB-BRDF,1,G2,10.0
277,0,0.95,,,,,,0.0,0,2014-08-12,2014-08-12,2014-08-12,,not observable,Baybay City Centre,POI 5×5,Reliability-qualified DNB-BRDF,1,G2,10.0
278,0,0.95,,,,,,0.0,0,2014-08-13,2014-08-13,2014-08-13,,not observable,Baybay City Centre,POI 5×5,Reliability-qualified DNB-BRDF,1,G2,10.0
279,0,0.95,,,,,,0.0,0,2014-08-14,2014-08-14,2014-08-14,,not observable,Baybay City Centre,POI 5×5,Reliability-qualified DNB-BRDF,1,G2,10.0
280,0,0.95,,,,,,0.0,0,2014-08-15,2014-08-15,2014-08-15,,not observable,Baybay City Centre,POI 5×5,Reliability-qualified DNB-BRDF,1,G2,10.0
281,0,0.95,,,,,,0.0,0,2014-08-16,2014-08-16,2014-08-16,,not observable,Baybay City Centre,POI 5×5,Reliability-qualified DNB-BRDF,1,G2,10.0
282,0,0.95,,,,,,0.0,0,2014-08-17,2014-08-17,2014-08-17,,not observable,Baybay City Centre,POI 5×5,Reliability-qualified DNB-BRDF,1,G2,10.0
283,0,0.95,13.668963,18.33176,74.564384,60.569679260253906,92.17506408691406,100.0,6,2014-08-18,2014-08-18,2014-08-18,2.278160572052002,observed,Baybay City Centre,POI 5×5,Reliability-qualified DNB-BRDF,1,G2,10.0
284,0,0.95,,,,,,0.0,0,2014-08-19,2014-08-19,2014-08-19,,not observable,Baybay City Centre,POI 5×5,Reliability-qualified DNB-BRDF,1,G2,10.0
285,0,0.95,,,,,,0.0,0,2014-08-20,2014-08-20,2014-08-20,,not observable,Baybay City Centre,POI 5×5,Reliability-qualified DNB-BRDF,1,G2,10.0
286,0,0.95,18.361946,18.33176,100.164665,81.36514282226562,123.82164001464844,100.0,6,2014-08-21,2014-08-21,2014-08-21,3.0603243509928384,observed,Baybay City Centre,POI 5×5,Reliability-qualified DNB-BRDF,1,G2,10.0
287,0,0.95,26.794449,18.33176,146.16408,118.7311019897461,180.6852264404297,100.0,6,2014-08-22,2014-08-22,2014-08-22,4.465741475423177,observed,Baybay City Centre,POI 5×5,Reliability-qualified DNB-BRDF,1,G2,10.0
288,0,0.95,,,,,,0.0,0,2014-08-23,2014-08-23,2014-08-23,,not observable,Baybay City Centre,POI 5×5,Reliability-qualified DNB-BRDF,1,G2,10.0
289,0,0.95,,,,,,0.0,0,2014-08-24,2014-08-24,2014-08-24,,not observable,Baybay City Centre,POI 5×5,Reliability-qualified DNB-BRDF,1,G2,10.0
290,0,0.95,,,,,,0.0,0,2014-08-25,2014-08-25,2014-08-25,,not observable,Baybay City Centre,POI 5×5,Reliability-qualified DNB-BRDF,1,G2,10.0
291,0,0.95,,,,,,0.0,0,2014-08-26,2014-08-26,2014-08-26,,not observable,Baybay City Centre,POI 5×5,Reliability-qualified DNB-BRDF,1,G2,10.0
292,0,0.95,,,,,,0.0,0,2014-08-27,2014-08-27,2014-08-27,,not observable,Baybay City Centre,POI 5×5,Reliability-qualified DNB-BRDF,1,G2,10.0
293,0,0.95,,,,,,0.0,0,2014-08-28,2014-08-28,2014-08-28,,not observable,Baybay City Centre,POI 5×5,Reliability-qualified DNB-BRDF,1,G2,10.0
294,0,0.95,,,,,,0.0,0,2014-08-29,2014-08-29,2014-08-29,,not observable,Baybay City Centre,POI 5×5,Reliability-qualified DNB-BRDF,1,G2,10.0
295,0,0.95,,,,,,0.0,0,2014-08-30,2014-08-30,2014-08-30,,not observable,Baybay City Centre,POI 5×5,Reliability-qualified DNB-BRDF,1,G2,10.0
296,0,0.95,,,,,,0.0,0,2014-08-31,2014-08-31,2014-08-31,,not observable,Baybay City Centre,POI 5×5,Reliability-qualified DNB-BRDF,1,G2,10.0
297,0,0.95,,,,,,0.0,0,2014-09-01,2014-09-01,2014-09-01,,not observable,Baybay City Centre,POI 5×5,Reliability-qualified DNB-BRDF,1,G2,10.0
298,0,0.95,,,,,,0.0,0,2014-09-02,2014-09-02,2014-09-02,,not observable,Baybay City Centre,POI 5×5,Reliability-qualified DNB-BRDF,1,G2,10.0
299,0,0.95,,,,,,0.0,0,2014-09-03,2014-09-03,2014-09-03,,not observable,Baybay City Centre,POI 5×5,Reliability-qualified DNB-BRDF,1,G2,10.0
300,0,0.95,,,,,,0.0,0,2014-09-04,2014-09-04,2014-09-04,,not observable,Baybay City Centre,POI 5×5,Reliability-qualified DNB-BRDF,1,G2,10.0
301,0,0.95,,,,,,0.0,0,2014-09-05,2014-09-05,2014-09-05,,not observable,Baybay City Centre,POI 5×5,Reliability-qualified DNB-BRDF,1,G2,10.0
302,0,0.95,13.505602,11.731529,115.12226,96.4524154663086,142.29498291015625,50.0,3,2014-09-06,2014-09-06,2014-09-06,4.501867294311523,observed,Baybay City Centre,POI 5×5,Reliability-qualified DNB-BRDF,1,G2,10.0
303,0,0.95,,,,,,0.0,0,2014-09-07,2014-09-07,2014-09-07,,not observable,Baybay City Centre,POI 5×5,Reliability-qualified DNB-BRDF,1,G2,10.0
304,0,0.95,,,,,,0.0,0,2014-09-08,2014-09-08,2014-09-08,,not observable,Baybay City Centre,POI 5×5,Reliability-qualified DNB-BRDF,1,G2,10.0
305,0,0.95,,,,,,0.0,0,2014-09-09,2014-09-09,2014-09-09,,not observable,Baybay City Centre,POI 5×5,Reliability-qualified DNB-BRDF,1,G2,10.0
306,0,0.95,10.172218,14.384659,70.715744,56.800865173339844,84.21317291259766,83.33333333333333,5,2014-09-10,2014-09-10,2014-09-10,2.034443664550781,observed,Baybay City Centre,POI 5×5,Reliability-qualified DNB-BRDF,1,G2,10.0
307,0,0.95,,,,,,0.0,0,2014-09-11,2014-09-11,2014-09-11,,not observable,Baybay City Centre,POI 5×5,Reliability-qualified DNB-BRDF,1,G2,10.0
308,0,0.95,,,,,,0.0,0,2014-09-12,2014-09-12,2014-09-12,,not observable,Baybay City Centre,POI 5×5,Reliability-qualified DNB-BRDF,1,G2,10.0
309,0,0.95,,,,,,0.0,0,2014-09-13,2014-09-13,2014-09-13,,not observable,Baybay City Centre,POI 5×5,Reliability-qualified DNB-BRDF,1,G2,10.0
310,0,0.95,,,,,,0.0,0,2014-09-14,2014-09-14,2014-09-14,,not observable,Baybay City Centre,POI 5×5,Reliability-qualified DNB-BRDF,1,G2,10.0
311,0,0.95,15.134538,18.33176,82.559105,67.06390380859375,102.0579833984375,100.0,6,2014-09-15,2014-09-15,2014-09-15,2.522422949473063,observed,Baybay City Centre,POI 5×5,Reliability-qualified DNB-BRDF,1,G2,10.0
312,0,0.95,7.2366667,14.384659,50.308228,40.40897750854492,59.910499572753906,83.33333333333333,5,2014-09-16,2014-09-16,2014-09-16,1.4473333358764648,observed,Baybay City Centre,POI 5×5,Reliability-qualified DNB-BRDF,1,G2,10.0
313,0,0.95,,,,,,0.0,0,2014-09-17,2014-09-17,2014-09-17,,not observable,Baybay City Centre,POI 5×5,Reliability-qualified DNB-BRDF,1,G2,10.0
314,0,0.95,,,,,,0.0,0,2014-09-18,2014-09-18,2014-09-18,,not observable,Baybay City Centre,POI 5×5,Reliability-qualified DNB-BRDF,1,G2,10.0
315,0,0.95,,,,,,0.0,0,2014-09-19,2014-09-19,2014-09-19,,not observable,Baybay City Centre,POI 5×5,Reliability-qualified DNB-BRDF,1,G2,10.0
316,0,0.95,,,,,,0.0,0,2014-09-20,2014-09-20,2014-09-20,,not observable,Baybay City Centre,POI 5×5,Reliability-qualified DNB-BRDF,1,G2,10.0
317,0,0.95,,,,,,0.0,0,2014-09-21,2014-09-21,2014-09-21,,not observable,Baybay City Centre,POI 5×5,Reliability-qualified DNB-BRDF,1,G2,10.0
318,0,0.95,,,,,,0.0,0,2014-09-22,2014-09-22,2014-09-22,,not observable,Baybay City Centre,POI 5×5,Reliability-qualified DNB-BRDF,1,G2,10.0
319,0,0.95,24.231026,18.33176,132.18057,107.37210845947266,163.3990936279297,100.0,6,2014-09-23,2014-09-23,2014-09-23,4.038504282633464,observed,Baybay City Centre,POI 5×5,Reliability-qualified DNB-BRDF,1,G2,10.0
320,0,0.95,,,,,,0.0,0,2014-09-24,2014-09-24,2014-09-24,,not observable,Baybay City Centre,POI 5×5,Reliability-qualified DNB-BRDF,1,G2,10.0
321,0,0.95,,,,,,0.0,0,2014-09-25,2014-09-25,2014-09-25,,not observable,Baybay City Centre,POI 5×5,Reliability-qualified DNB-BRDF,1,G2,10.0
322,0,0.95,,,,,,0.0,0,2014-09-26,2014-09-26,2014-09-26,,not observable,Baybay City Centre,POI 5×5,Reliability-qualified DNB-BRDF,1,G2,10.0
323,0,0.95,,,,,,0.0,0,2014-09-27,2014-09-27,2014-09-27,,not observable,Baybay City Centre,POI 5×5,Reliability-qualified DNB-BRDF,1,G2,10.0
324,0,0.95,,,,,,0.0,0,2014-09-28,2014-09-28,2014-09-28,,not observable,Baybay City Centre,POI 5×5,Reliability-qualified DNB-BRDF,1,G2,10.0
325,0,0.95,,,,,,0.0,0,2014-09-29,2014-09-29,2014-09-29,,not observable,Baybay City Centre,POI 5×5,Reliability-qualified DNB-BRDF,1,G2,10.0
326,0,0.95,,,,,,0.0,0,2014-09-30,2014-09-30,2014-09-30,,not observable,Baybay City Centre,POI 5×5,Reliability-qualified DNB-BRDF,1,G2,10.0
327,0,0.95,,,,,,0.0,0,2014-10-01,2014-10-01,2014-10-01,,not observable,Baybay City Centre,POI 5×5,Reliability-qualified DNB-BRDF,1,G2,10.0
328,0,0.95,,,,,,0.0,0,2014-10-02,2014-10-02,2014-10-02,,not observable,Baybay City Centre,POI 5×5,Reliability-qualified DNB-BRDF,1,G2,10.0
329,0,0.95,,,,,,0.0,0,2014-10-03,2014-10-03,2014-10-03,,not observable,Baybay City Centre,POI 5×5,Reliability-qualified DNB-BRDF,1,G2,10.0
330,0,0.95,,,,,,0.0,0,2014-10-04,2014-10-04,2014-10-04,,not observable,Baybay City Centre,POI 5×5,Reliability-qualified DNB-BRDF,1,G2,10.0
331,0,0.95,,,,,,0.0,0,2014-10-05,2014-10-05,2014-10-05,,not observable,Baybay City Centre,POI 5×5,Reliability-qualified DNB-BRDF,1,G2,10.0
332,0,0.95,,,,,,0.0,0,2014-10-06,2014-10-06,2014-10-06,,not observable,Baybay City Centre,POI 5×5,Reliability-qualified DNB-BRDF,1,G2,10.0
333,0,0.95,,,,,,0.0,0,2014-10-07,2014-10-07,2014-10-07,,not observable,Baybay City Centre,POI 5×5,Reliability-qualified DNB-BRDF,1,G2,10.0
334,0,0.95,,,,,,0.0,0,2014-10-08,2014-10-08,2014-10-08,,not observable,Baybay City Centre,POI 5×5,Reliability-qualified DNB-BRDF,1,G2,10.0
335,0,0.95,,,,,,0.0,0,2014-10-09,2014-10-09,2014-10-09,,not observable,Baybay City Centre,POI 5×5,Reliability-qualified DNB-BRDF,1,G2,10.0
336,0,0.95,,,,,,0.0,0,2014-10-10,2014-10-10,2014-10-10,,not observable,Baybay City Centre,POI 5×5,Reliability-qualified DNB-BRDF,1,G2,10.0
337,0,0.95,,,,,,0.0,0,2014-10-11,2014-10-11,2014-10-11,,not observable,Baybay City Centre,POI 5×5,Reliability-qualified DNB-BRDF,1,G2,10.0
338,0,0.95,12.500898,18.33176,68.192566,55.393768310546875,84.29834747314453,100.0,6,2014-10-12,2014-10-12,2014-10-12,2.0834830602010093,observed,Baybay City Centre,POI 5×5,Reliability-qualified DNB-BRDF,1,G2,10.0
339,0,0.95,15.686274,9.778915,160.40913,123.3587646484375,188.40426635742188,50.0,3,2014-10-13,2014-10-13,2014-10-13,5.228757858276367,observed,Baybay City Centre,POI 5×5,Reliability-qualified DNB-BRDF,1,G2,10.0
340,0,0.95,,,,,,0.0,0,2014-10-14,2014-10-14,2014-10-14,,not observable,Baybay City Centre,POI 5×5,Reliability-qualified DNB-BRDF,1,G2,10.0
341,0,0.95,,,,,,0.0,0,2014-10-15,2014-10-15,2014-10-15,,not observable,Baybay City Centre,POI 5×5,Reliability-qualified DNB-BRDF,1,G2,10.0
342,0,0.95,18.155106,18.33176,99.03634,80.44859313964844,122.42683410644531,100.0,6,2014-10-16,2014-10-16,2014-10-16,3.0258509318033853,observed,Baybay City Centre,POI 5×5,Reliability-qualified DNB-BRDF,1,G2,10.0
343,0,0.95,7.4739904,10.957272,68.21033,55.76321792602539,88.56871795654297,66.66666666666667,4,2014-10-17,2014-10-17,2014-10-17,1.868497610092163,observed,Baybay City Centre,POI 5×5,Reliability-qualified DNB-BRDF,1,G2,10.0
344,0,0.95,,,,,,0.0,0,2014-10-18,2014-10-18,2014-10-18,,not observable,Baybay City Centre,POI 5×5,Reliability-qualified DNB-BRDF,1,G2,10.0
345,0,0.95,,,,,,0.0,0,2014-10-19,2014-10-19,2014-10-19,,not observable,Baybay City Centre,POI 5×5,Reliability-qualified DNB-BRDF,1,G2,10.0
346,0,0.95,22.922617,18.33176,125.04318,101.57431030273438,154.57598876953125,100.0,6,2014-10-20,2014-10-20,2014-10-20,3.820436159769694,observed,Baybay City Centre,POI 5×5,Reliability-qualified DNB-BRDF,1,G2,10.0
347,0,0.95,15.482647,18.33176,84.458046,68.60643768310547,104.4054183959961,100.0,6,2014-10-21,2014-10-21,2014-10-21,2.580441157023112,observed,Baybay City Centre,POI 5×5,Reliability-qualified DNB-BRDF,1,G2,10.0
348,0,0.95,2.9716082,6.942131,42.80542,37.33574676513672,54.11612319946289,33.333333333333336,2,2014-10-22,2014-10-22,2014-10-22,1.4858040809631348,observed,Baybay City Centre,POI 5×5,Reliability-qualified DNB-BRDF,1,G2,10.0
349,0,0.95,0.6712371,0.929708,72.1987,59.75327682495117,80.62737274169922,16.666666666666668,1,2014-10-23,2014-10-23,2014-10-23,0.6712371110916138,observed,Baybay City Centre,POI 5×5,Reliability-qualified DNB-BRDF,1,G2,10.0
350,0,0.95,2.224334,0.929708,239.25081,198.00938415527344,267.1816101074219,16.666666666666668,1,2014-10-24,2014-10-24,2014-10-24,2.2243340015411377,observed,Baybay City Centre,POI 5×5,Reliability-qualified DNB-BRDF,1,G2,10.0
351,0,0.95,26.186453,18.33176,142.84746,116.0369644165039,176.5852813720703,100.0,6,2014-10-25,2014-10-25,2014-10-25,4.364408810933431,observed,Baybay City Centre,POI 5×5,Reliability-qualified DNB-BRDF,1,G2,10.0
352,0,0.95,,,,,,0.0,0,2014-10-26,2014-10-26,2014-10-26,,not observable,Baybay City Centre,POI 5×5,Reliability-qualified DNB-BRDF,1,G2,10.0
353,0,0.95,,,,,,0.0,0,2014-10-27,2014-10-27,2014-10-27,,not observable,Baybay City Centre,POI 5×5,Reliability-qualified DNB-BRDF,1,G2,10.0
354,0,0.95,,,,,,0.0,0,2014-10-28,2014-10-28,2014-10-28,,not observable,Baybay City Centre,POI 5×5,Reliability-qualified DNB-BRDF,1,G2,10.0
355,0,0.95,,,,,,0.0,0,2014-10-29,2014-10-29,2014-10-29,,not observable,Baybay City Centre,POI 5×5,Reliability-qualified DNB-BRDF,1,G2,10.0
356,0,0.95,,,,,,0.0,0,2014-10-30,2014-10-30,2014-10-30,,not observable,Baybay City Centre,POI 5×5,Reliability-qualified DNB-BRDF,1,G2,10.0
357,0,0.95,,,,,,0.0,0,2014-10-31,2014-10-31,2014-10-31,,not observable,Baybay City Centre,POI 5×5,Reliability-qualified DNB-BRDF,1,G2,10.0
358,0,0.95,,,,,,0.0,0,2014-11-01,2014-11-01,2014-11-01,,not observable,Baybay City Centre,POI 5×5,Reliability-qualified DNB-BRDF,1,G2,10.0
359,0,0.95,,,,,,0.0,0,2014-11-02,2014-11-02,2014-11-02,,not observable,Baybay City Centre,POI 5×5,Reliability-qualified DNB-BRDF,1,G2,10.0
360,0,0.95,,,,,,0.0,0,2014-11-03,2014-11-03,2014-11-03,,not observable,Baybay City Centre,POI 5×5,Reliability-qualified DNB-BRDF,1,G2,10.0
361,0,0.95,,,,,,0.0,0,2014-11-04,2014-11-04,2014-11-04,,not observable,Baybay City Centre,POI 5×5,Reliability-qualified DNB-BRDF,1,G2,10.0
362,0,0.95,,,,,,0.0,0,2014-11-05,2014-11-05,2014-11-05,,not observable,Baybay City Centre,POI 5×5,Reliability-qualified DNB-BRDF,1,G2,10.0
363,0,0.95,22.772116,13.726017,165.90477,131.06439208984375,205.5972442626953,66.66666666666667,4,2014-11-06,2014-11-06,2014-11-06,5.693028926849365,observed,Baybay City Centre,POI 5×5,Reliability-qualified DNB-BRDF,1,G2,10.0
-180,0,0.95,,,,,,0.0,0,2013-05-12,2013-05-12,2013-05-12,,not observable,Palo Centre,POI 5×5,Reliability-qualified DNB-BRDF,1,G2,10.0
-179,0,0.95,,,,,,0.0,0,2013-05-13,2013-05-13,2013-05-13,,not observable,Palo Centre,POI 5×5,Reliability-qualified DNB-BRDF,1,G2,10.0
-178,0,0.95,,,,,,0.0,0,2013-05-14,2013-05-14,2013-05-14,,not observable,Palo Centre,POI 5×5,Reliability-qualified DNB-BRDF,1,G2,10.0
-177,0,0.95,110.41034,66.127266,166.96645,129.31951463858294,233.02759089099578,100.0,25,2013-05-15,2013-05-15,2013-05-15,4.41641357421875,observed,Palo Centre,POI 5×5,Reliability-qualified DNB-BRDF,1,G2,10.0
-176,0,0.95,57.53941,66.127266,87.01314,67.39376354252548,121.44034412194281,100.0,25,2013-05-16,2013-05-16,2013-05-16,2.3015763854980467,observed,Palo Centre,POI 5×5,Reliability-qualified DNB-BRDF,1,G2,10.0
-175,0,0.95,72.922226,62.840656,116.04307,90.50474690060318,159.15007855061975,88.0,22,2013-05-17,2013-05-17,2013-05-17,3.3146466341885654,observed,Palo Centre,POI 5×5,Reliability-qualified DNB-BRDF,1,G2,10.0
-174,0,0.95,60.659023,50.554085,119.98837,90.89151479911324,172.84236421545955,88.0,22,2013-05-18,2013-05-18,2013-05-18,2.7572283311323686,observed,Palo Centre,POI 5×5,Reliability-qualified DNB-BRDF,1,G2,10.0
-173,0,0.95,22.43904,26.046991,86.14829,59.39815921146041,128.3688497644176,56.0,14,2013-05-19,2013-05-19,2013-05-19,1.6027885164533342,observed,Palo Centre,POI 5×5,Reliability-qualified DNB-BRDF,1,G2,10.0
-172,0,0.95,78.371704,60.35839,129.84393,100.98230962166757,177.45520763920095,88.0,22,2013-05-20,2013-05-20,2013-05-20,3.562350186434659,observed,Palo Centre,POI 5×5,Reliability-qualified DNB-BRDF,1,G2,10.0
-171,0,0.95,33.49389,28.403057,117.92354,86.48332958537983,169.36516070162224,44.0,11,2013-05-21,2013-05-21,2013-05-21,3.0448989868164062,observed,Palo Centre,POI 5×5,Reliability-qualified DNB-BRDF,1,G2,10.0
-170,0,0.95,80.15788,61.001007,131.40419,102.6773442739979,185.41816259821312,96.0,24,2013-05-22,2013-05-22,2013-05-22,3.339911778767904,observed,Palo Centre,POI 5×5,Reliability-qualified DNB-BRDF,1,G2,10.0
-169,0,0.95,66.5786,60.605034,109.85655,86.20241658616288,150.68898890218168,80.0,20,2013-05-23,2013-05-23,2013-05-23,3.328929901123047,observed,Palo Centre,POI 5×5,Reliability-qualified DNB-BRDF,1,G2,10.0
-168,0,0.95,7.5076523,13.235561,56.72334,37.70143135606799,85.71624888142594,40.0,10,2013-05-24,2013-05-24,2013-05-24,0.7507652282714844,observed,Palo Centre,POI 5×5,Reliability-qualified DNB-BRDF,1,G2,10.0
-167,0,0.95,80.91869,61.372612,131.8482,103.50809628791279,182.62305546434567,68.0,17,2013-05-25,2013-05-25,2013-05-25,4.759923149557674,observed,Palo Centre,POI 5×5,Reliability-qualified DNB-BRDF,1,G2,10.0
-166,0,0.95,31.043259,37.61624,82.526215,65.91723189888201,109.55525318482235,32.0,8,2013-05-26,2013-05-26,2013-05-26,3.8804073333740234,observed,Palo Centre,POI 5×5,Reliability-qualified DNB-BRDF,1,G2,10.0
-165,0,0.95,67.09016,55.889942,120.039764,93.40669255155801,162.49928644197507,84.0,21,2013-05-27,2013-05-27,2013-05-27,3.1947693597702753,observed,Palo Centre,POI 5×5,Reliability-qualified DNB-BRDF,1,G2,10.0
-164,0,0.95,,,,,,0.0,0,2013-05-28,2013-05-28,2013-05-28,,not observable,Palo Centre,POI 5×5,Reliability-qualified DNB-BRDF,1,G2,10.0
-163,0,0.95,,,,,,0.0,0,2013-05-29,2013-05-29,2013-05-29,,not observable,Palo Centre,POI 5×5,Reliability-qualified DNB-BRDF,1,G2,10.0
-162,0,0.95,,,,,,0.0,0,2013-05-30,2013-05-30,2013-05-30,,not observable,Palo Centre,POI 5×5,Reliability-qualified DNB-BRDF,1,G2,10.0
-161,0,0.95,92.80813,61.224022,151.58777,120.43719168282148,208.16976789265956,80.0,20,2013-05-31,2013-05-31,2013-05-31,4.6404064178466795,observed,Palo Centre,POI 5×5,Reliability-qualified DNB-BRDF,1,G2,10.0
-160,0,0.95,45.711376,43.146355,105.94493,85.0252770503319,150.82556980540863,68.0,17,2013-06-01,2013-06-01,2013-06-01,2.6889044817756202,observed,Palo Centre,POI 5×5,Reliability-qualified DNB-BRDF,1,G2,10.0
-159,0,0.95,,,,,,0.0,0,2013-06-02,2013-06-02,2013-06-02,,not observable,Palo Centre,POI 5×5,Reliability-qualified DNB-BRDF,1,G2,10.0
-158,0,0.95,,,,,,0.0,0,2013-06-03,2013-06-03,2013-06-03,,not observable,Palo Centre,POI 5×5,Reliability-qualified DNB-BRDF,1,G2,10.0
-157,0,0.95,,,,,,0.0,0,2013-06-04,2013-06-04,2013-06-04,,not observable,Palo Centre,POI 5×5,Reliability-qualified DNB-BRDF,1,G2,10.0
-156,0,0.95,,,,,,0.0,0,2013-06-05,2013-06-05,2013-06-05,,not observable,Palo Centre,POI 5×5,Reliability-qualified DNB-BRDF,1,G2,10.0
-155,0,0.95,,,,,,0.0,0,2013-06-06,2013-06-06,2013-06-06,,not observable,Palo Centre,POI 5×5,Reliability-qualified DNB-BRDF,1,G2,10.0
-154,0,0.95,,,,,,0.0,0,2013-06-07,2013-06-07,2013-06-07,,not observable,Palo Centre,POI 5×5,Reliability-qualified DNB-BRDF,1,G2,10.0
-153,0,0.95,,,,,,0.0,0,2013-06-08,2013-06-08,2013-06-08,,not observable,Palo Centre,POI 5×5,Reliability-qualified DNB-BRDF,1,G2,10.0
-152,0,0.95,,,,,,0.0,0,2013-06-09,2013-06-09,2013-06-09,,not observable,Palo Centre,POI 5×5,Reliability-qualified DNB-BRDF,1,G2,10.0
-151,0,0.95,,,,,,0.0,0,2013-06-10,2013-06-10,2013-06-10,,not observable,Palo Centre,POI 5×5,Reliability-qualified DNB-BRDF,1,G2,10.0
-150,0,0.95,,,,,,0.0,0,2013-06-11,2013-06-11,2013-06-11,,not observable,Palo Centre,POI 5×5,Reliability-qualified DNB-BRDF,1,G2,10.0
-149,0,0.95,,,,,,0.0,0,2013-06-12,2013-06-12,2013-06-12,,not observable,Palo Centre,POI 5×5,Reliability-qualified DNB-BRDF,1,G2,10.0
-148,0,0.95,,,,,,0.0,0,2013-06-13,2013-06-13,2013-06-13,,not observable,Palo Centre,POI 5×5,Reliability-qualified DNB-BRDF,1,G2,10.0
-147,0,0.95,,,,,,0.0,0,2013-06-14,2013-06-14,2013-06-14,,not observable,Palo Centre,POI 5×5,Reliability-qualified DNB-BRDF,1,G2,10.0
-146,0,0.95,,,,,,0.0,0,2013-06-15,2013-06-15,2013-06-15,,not observable,Palo Centre,POI 5×5,Reliability-qualified DNB-BRDF,1,G2,10.0
-145,0,0.95,,,,,,0.0,0,2013-06-16,2013-06-16,2013-06-16,,not observable,Palo Centre,POI 5×5,Reliability-qualified DNB-BRDF,1,G2,10.0
-144,0,0.95,,,,,,0.0,0,2013-06-17,2013-06-17,2013-06-17,,not observable,Palo Centre,POI 5×5,Reliability-qualified DNB-BRDF,1,G2,10.0
-143,0,0.95,,,,,,0.0,0,2013-06-18,2013-06-18,2013-06-18,,not observable,Palo Centre,POI 5×5,Reliability-qualified DNB-BRDF,1,G2,10.0
-142,0,0.95,,,,,,0.0,0,2013-06-19,2013-06-19,2013-06-19,,not observable,Palo Centre,POI 5×5,Reliability-qualified DNB-BRDF,1,G2,10.0
-141,0,0.95,,,,,,0.0,0,2013-06-20,2013-06-20,2013-06-20,,not observable,Palo Centre,POI 5×5,Reliability-qualified DNB-BRDF,1,G2,10.0
-140,0,0.95,0.14,16.350565,0.8562395,0.5993389669338807,1.3405044936462267,56.0,14,2013-06-21,2013-06-21,2013-06-21,0.010000000042574746,observed,Palo Centre,POI 5×5,Reliability-qualified DNB-BRDF,1,G2,10.0
-139,0,0.95,,,,,,0.0,0,2013-06-22,2013-06-22,2013-06-22,,not observable,Palo Centre,POI 5×5,Reliability-qualified DNB-BRDF,1,G2,10.0
-138,0,0.95,37.65376,44.64106,84.34782,67.7711554356432,121.48115430727402,76.0,19,2013-06-23,2013-06-23,2013-06-23,1.9817767896150287,observed,Palo Centre,POI 5×5,Reliability-qualified DNB-BRDF,1,G2,10.0
-137,0,0.95,46.552666,48.26393,96.45436,75.19607137372543,131.37386778635985,80.0,20,2013-06-24,2013-06-24,2013-06-24,2.327633285522461,observed,Palo Centre,POI 5×5,Reliability-qualified DNB-BRDF,1,G2,10.0
-136,0,0.95,,,,,,0.0,0,2013-06-25,2013-06-25,2013-06-25,,not observable,Palo Centre,POI 5×5,Reliability-qualified DNB-BRDF,1,G2,10.0
-135,0,0.95,,,,,,0.0,0,2013-06-26,2013-06-26,2013-06-26,,not observable,Palo Centre,POI 5×5,Reliability-qualified DNB-BRDF,1,G2,10.0
-134,0,0.95,,,,,,0.0,0,2013-06-27,2013-06-27,2013-06-27,,not observable,Palo Centre,POI 5×5,Reliability-qualified DNB-BRDF,1,G2,10.0
-133,0,0.95,,,,,,0.0,0,2013-06-28,2013-06-28,2013-06-28,,not observable,Palo Centre,POI 5×5,Reliability-qualified DNB-BRDF,1,G2,10.0
-132,0,0.95,,,,,,0.0,0,2013-06-29,2013-06-29,2013-06-29,,not observable,Palo Centre,POI 5×5,Reliability-qualified DNB-BRDF,1,G2,10.0
-131,0,0.95,44.685257,52.084366,85.794,65.40137074339943,119.32189813386067,80.0,20,2013-06-30,2013-06-30,2013-06-30,2.2342628479003905,observed,Palo Centre,POI 5×5,Reliability-qualified DNB-BRDF,1,G2,10.0
-130,0,0.95,83.89916,66.127266,126.87529,98.26795654660381,177.07416579650618,100.0,25,2013-07-01,2013-07-01,2013-07-01,3.3559664916992187,observed,Palo Centre,POI 5×5,Reliability-qualified DNB-BRDF,1,G2,10.0
-129,0,0.95,,,,,,0.0,0,2013-07-02,2013-07-02,2013-07-02,,not observable,Palo Centre,POI 5×5,Reliability-qualified DNB-BRDF,1,G2,10.0
-128,0,0.95,64.80171,66.127266,97.99545,75.89983011256473,136.7678699506185,100.0,25,2013-07-03,2013-07-03,2013-07-03,2.5920684814453123,observed,Palo Centre,POI 5×5,Reliability-qualified DNB-BRDF,1,G2,10.0
-127,0,0.95,,,,,,0.0,0,2013-07-04,2013-07-04,2013-07-04,,not observable,Palo Centre,POI 5×5,Reliability-qualified DNB-BRDF,1,G2,10.0
-126,0,0.95,,,,,,0.0,0,2013-07-05,2013-07-05,2013-07-05,,not observable,Palo Centre,POI 5×5,Reliability-qualified DNB-BRDF,1,G2,10.0
-125,0,0.95,,,,,,0.0,0,2013-07-06,2013-07-06,2013-07-06,,not observable,Palo Centre,POI 5×5,Reliability-qualified DNB-BRDF,1,G2,10.0
-124,0,0.95,,,,,,0.0,0,2013-07-07,2013-07-07,2013-07-07,,not observable,Palo Centre,POI 5×5,Reliability-qualified DNB-BRDF,1,G2,10.0
-123,0,0.95,75.09128,66.127266,113.5557,87.95161426207083,158.48460956371167,100.0,25,2013-07-08,2013-07-08,2013-07-08,3.003651123046875,observed,Palo Centre,POI 5×5,Reliability-qualified DNB-BRDF,1,G2,10.0
-122,0,0.95,60.821514,61.863262,98.31605,77.79807961786591,138.33193841821006,96.0,24,2013-07-09,2013-07-09,2013-07-09,2.5342297554016113,observed,Palo Centre,POI 5×5,Reliability-qualified DNB-BRDF,1,G2,10.0
-121,0,0.95,,,,,,0.0,0,2013-07-10,2013-07-10,2013-07-10,,not observable,Palo Centre,POI 5×5,Reliability-qualified DNB-BRDF,1,G2,10.0
-120,0,0.95,,,,,,0.0,0,2013-07-11,2013-07-11,2013-07-11,,not observable,Palo Centre,POI 5×5,Reliability-qualified DNB-BRDF,1,G2,10.0
-119,0,0.95,,,,,,0.0,0,2013-07-12,2013-07-12,2013-07-12,,not observable,Palo Centre,POI 5×5,Reliability-qualified DNB-BRDF,1,G2,10.0
-118,0,0.95,,,,,,0.0,0,2013-07-13,2013-07-13,2013-07-13,,not observable,Palo Centre,POI 5×5,Reliability-qualified DNB-BRDF,1,G2,10.0
-117,0,0.95,,,,,,0.0,0,2013-07-14,2013-07-14,2013-07-14,,not observable,Palo Centre,POI 5×5,Reliability-qualified DNB-BRDF,1,G2,10.0
-116,0,0.95,,,,,,0.0,0,2013-07-15,2013-07-15,2013-07-15,,not observable,Palo Centre,POI 5×5,Reliability-qualified DNB-BRDF,1,G2,10.0
-115,0,0.95,,,,,,0.0,0,2013-07-16,2013-07-16,2013-07-16,,not observable,Palo Centre,POI 5×5,Reliability-qualified DNB-BRDF,1,G2,10.0
-114,0,0.95,50.836243,66.127266,76.876366,59.54259180950971,107.29290752098376,100.0,25,2013-07-17,2013-07-17,2013-07-17,2.03344970703125,observed,Palo Centre,POI 5×5,Reliability-qualified DNB-BRDF,1,G2,10.0
-113,0,0.95,112.856476,66.127266,170.66557,132.1845787521963,238.1902996284161,100.0,25,2013-07-18,2013-07-18,2013-07-18,4.514259033203125,observed,Palo Centre,POI 5×5,Reliability-qualified DNB-BRDF,1,G2,10.0
-112,0,0.95,,,,,,0.0,0,2013-07-19,2013-07-19,2013-07-19,,not observable,Palo Centre,POI 5×5,Reliability-qualified DNB-BRDF,1,G2,10.0
-111,0,0.95,60.37153,53.25776,113.35725,87.67137151398344,157.34278871966814,80.0,20,2013-07-20,2013-07-20,2013-07-20,3.018576431274414,observed,Palo Centre,POI 5×5,Reliability-qualified DNB-BRDF,1,G2,10.0
-110,0,0.95,,,,,,0.0,0,2013-07-21,2013-07-21,2013-07-21,,not observable,Palo Centre,POI 5×5,Reliability-qualified DNB-BRDF,1,G2,10.0
-109,0,0.95,,,,,,0.0,0,2013-07-22,2013-07-22,2013-07-22,,not observable,Palo Centre,POI 5×5,Reliability-qualified DNB-BRDF,1,G2,10.0
-108,0,0.95,,,,,,0.0,0,2013-07-23,2013-07-23,2013-07-23,,not observable,Palo Centre,POI 5×5,Reliability-qualified DNB-BRDF,1,G2,10.0
-107,0,0.95,,,,,,0.0,0,2013-07-24,2013-07-24,2013-07-24,,not observable,Palo Centre,POI 5×5,Reliability-qualified DNB-BRDF,1,G2,10.0
-106,0,0.95,,,,,,0.0,0,2013-07-25,2013-07-25,2013-07-25,,not observable,Palo Centre,POI 5×5,Reliability-qualified DNB-BRDF,1,G2,10.0
-105,0,0.95,,,,,,0.0,0,2013-07-26,2013-07-26,2013-07-26,,not observable,Palo Centre,POI 5×5,Reliability-qualified DNB-BRDF,1,G2,10.0
-104,0,0.95,,,,,,0.0,0,2013-07-27,2013-07-27,2013-07-27,,not observable,Palo Centre,POI 5×5,Reliability-qualified DNB-BRDF,1,G2,10.0
-103,0,0.95,,,,,,0.0,0,2013-07-28,2013-07-28,2013-07-28,,not observable,Palo Centre,POI 5×5,Reliability-qualified DNB-BRDF,1,G2,10.0
-102,0,0.95,,,,,,0.0,0,2013-07-29,2013-07-29,2013-07-29,,not observable,Palo Centre,POI 5×5,Reliability-qualified DNB-BRDF,1,G2,10.0
-101,0,0.95,,,,,,0.0,0,2013-07-30,2013-07-30,2013-07-30,,not observable,Palo Centre,POI 5×5,Reliability-qualified DNB-BRDF,1,G2,10.0
-100,0,0.95,,,,,,0.0,0,2013-07-31,2013-07-31,2013-07-31,,not observable,Palo Centre,POI 5×5,Reliability-qualified DNB-BRDF,1,G2,10.0
-99,0,0.95,,,,,,0.0,0,2013-08-01,2013-08-01,2013-08-01,,not observable,Palo Centre,POI 5×5,Reliability-qualified DNB-BRDF,1,G2,10.0
-98,0,0.95,,,,,,0.0,0,2013-08-02,2013-08-02,2013-08-02,,not observable,Palo Centre,POI 5×5,Reliability-qualified DNB-BRDF,1,G2,10.0
-97,0,0.95,,,,,,0.0,0,2013-08-03,2013-08-03,2013-08-03,,not observable,Palo Centre,POI 5×5,Reliability-qualified DNB-BRDF,1,G2,10.0
-96,0,0.95,,,,,,0.0,0,2013-08-04,2013-08-04,2013-08-04,,not observable,Palo Centre,POI 5×5,Reliability-qualified DNB-BRDF,1,G2,10.0
-95,0,0.95,,,,,,0.0,0,2013-08-05,2013-08-05,2013-08-05,,not observable,Palo Centre,POI 5×5,Reliability-qualified DNB-BRDF,1,G2,10.0
-94,0,0.95,3.6138124,4.853085,74.46423,46.91837185679305,114.7498149900685,28.0,7,2013-08-06,2013-08-06,2013-08-06,0.5162589209420341,observed,Palo Centre,POI 5×5,Reliability-qualified DNB-BRDF,1,G2,10.0
-93,0,0.95,,,,,,0.0,0,2013-08-07,2013-08-07,2013-08-07,,not observable,Palo Centre,POI 5×5,Reliability-qualified DNB-BRDF,1,G2,10.0
-92,0,0.95,,,,,,0.0,0,2013-08-08,2013-08-08,2013-08-08,,not observable,Palo Centre,POI 5×5,Reliability-qualified DNB-BRDF,1,G2,10.0
-91,0,0.95,,,,,,0.0,0,2013-08-09,2013-08-09,2013-08-09,,not observable,Palo Centre,POI 5×5,Reliability-qualified DNB-BRDF,1,G2,10.0
-90,0,0.95,,,,,,0.0,0,2013-08-10,2013-08-10,2013-08-10,,not observable,Palo Centre,POI 5×5,Reliability-qualified DNB-BRDF,1,G2,10.0
-89,0,0.95,,,,,,0.0,0,2013-08-11,2013-08-11,2013-08-11,,not observable,Palo Centre,POI 5×5,Reliability-qualified DNB-BRDF,1,G2,10.0
-88,0,0.95,,,,,,0.0,0,2013-08-12,2013-08-12,2013-08-12,,not observable,Palo Centre,POI 5×5,Reliability-qualified DNB-BRDF,1,G2,10.0
-87,0,0.95,,,,,,0.0,0,2013-08-13,2013-08-13,2013-08-13,,not observable,Palo Centre,POI 5×5,Reliability-qualified DNB-BRDF,1,G2,10.0
-86,0,0.95,,,,,,0.0,0,2013-08-14,2013-08-14,2013-08-14,,not observable,Palo Centre,POI 5×5,Reliability-qualified DNB-BRDF,1,G2,10.0
-85,0,0.95,,,,,,0.0,0,2013-08-15,2013-08-15,2013-08-15,,not observable,Palo Centre,POI 5×5,Reliability-qualified DNB-BRDF,1,G2,10.0
-84,0,0.95,,,,,,0.0,0,2013-08-16,2013-08-16,2013-08-16,,not observable,Palo Centre,POI 5×5,Reliability-qualified DNB-BRDF,1,G2,10.0
-83,0,0.95,,,,,,0.0,0,2013-08-17,2013-08-17,2013-08-17,,not observable,Palo Centre,POI 5×5,Reliability-qualified DNB-BRDF,1,G2,10.0
-82,0,0.95,,,,,,0.0,0,2013-08-18,2013-08-18,2013-08-18,,not observable,Palo Centre,POI 5×5,Reliability-qualified DNB-BRDF,1,G2,10.0
-81,0,0.95,,,,,,0.0,0,2013-08-19,2013-08-19,2013-08-19,,not observable,Palo Centre,POI 5×5,Reliability-qualified DNB-BRDF,1,G2,10.0
-80,0,0.95,,,,,,0.0,0,2013-08-20,2013-08-20,2013-08-20,,not observable,Palo Centre,POI 5×5,Reliability-qualified DNB-BRDF,1,G2,10.0
-79,0,0.95,,,,,,0.0,0,2013-08-21,2013-08-21,2013-08-21,,not observable,Palo Centre,POI 5×5,Reliability-qualified DNB-BRDF,1,G2,10.0
-78,0,0.95,,,,,,0.0,0,2013-08-22,2013-08-22,2013-08-22,,not observable,Palo Centre,POI 5×5,Reliability-qualified DNB-BRDF,1,G2,10.0
-77,0,0.95,,,,,,0.0,0,2013-08-23,2013-08-23,2013-08-23,,not observable,Palo Centre,POI 5×5,Reliability-qualified DNB-BRDF,1,G2,10.0
-76,0,0.95,,,,,,0.0,0,2013-08-24,2013-08-24,2013-08-24,,not observable,Palo Centre,POI 5×5,Reliability-qualified DNB-BRDF,1,G2,10.0
-75,0,0.95,,,,,,0.0,0,2013-08-25,2013-08-25,2013-08-25,,not observable,Palo Centre,POI 5×5,Reliability-qualified DNB-BRDF,1,G2,10.0
-74,0,0.95,,,,,,0.0,0,2013-08-26,2013-08-26,2013-08-26,,not observable,Palo Centre,POI 5×5,Reliability-qualified DNB-BRDF,1,G2,10.0
-73,0,0.95,,,,,,0.0,0,2013-08-27,2013-08-27,2013-08-27,,not observable,Palo Centre,POI 5×5,Reliability-qualified DNB-BRDF,1,G2,10.0
-72,0,0.95,57.429207,53.84297,106.660545,85.35434532783256,147.0546256935978,80.0,20,2013-08-28,2013-08-28,2013-08-28,2.8714603424072265,observed,Palo Centre,POI 5×5,Reliability-qualified DNB-BRDF,1,G2,10.0
-71,0,0.95,,,,,,0.0,0,2013-08-29,2013-08-29,2013-08-29,,not observable,Palo Centre,POI 5×5,Reliability-qualified DNB-BRDF,1,G2,10.0
-70,0,0.95,93.36396,62.55824,149.24327,115.93570648952965,206.50261039137416,92.0,23,2013-08-30,2013-08-30,2013-08-30,4.059302620265795,observed,Palo Centre,POI 5×5,Reliability-qualified DNB-BRDF,1,G2,10.0
-69,0,0.95,72.85508,66.127266,110.174034,85.33243524790633,153.76497403547165,100.0,25,2013-08-31,2013-08-31,2013-08-31,2.9142031860351563,observed,Palo Centre,POI 5×5,Reliability-qualified DNB-BRDF,1,G2,10.0
-68,0,0.95,71.57947,66.127266,108.24501,83.83836042803576,151.07272254614026,100.0,25,2013-09-01,2013-09-01,2013-09-01,2.8631787109375,observed,Palo Centre,POI 5×5,Reliability-qualified DNB-BRDF,1,G2,10.0
-67,0,0.95,72.16181,66.127266,109.125656,84.52043793886675,152.30179365419446,100.0,25,2013-09-02,2013-09-02,2013-09-02,2.886472473144531,observed,Palo Centre,POI 5×5,Reliability-qualified DNB-BRDF,1,G2,10.0
-66,0,0.95,65.127716,66.127266,98.48844,76.28166289538798,137.4559143942833,100.0,25,2013-09-03,2013-09-03,2013-09-03,2.605108642578125,observed,Palo Centre,POI 5×5,Reliability-qualified DNB-BRDF,1,G2,10.0
-65,0,0.95,,,,,,0.0,0,2013-09-04,2013-09-04,2013-09-04,,not observable,Palo Centre,POI 5×5,Reliability-qualified DNB-BRDF,1,G2,10.0
-64,0,0.95,67.08062,66.127266,101.441696,78.56902799168202,141.57763708530337,100.0,25,2013-09-05,2013-09-05,2013-09-05,2.683224792480469,observed,Palo Centre,POI 5×5,Reliability-qualified DNB-BRDF,1,G2,10.0
-63,0,0.95,,,,,,0.0,0,2013-09-06,2013-09-06,2013-09-06,,not observable,Palo Centre,POI 5×5,Reliability-qualified DNB-BRDF,1,G2,10.0
-62,0,0.95,,,,,,0.0,0,2013-09-07,2013-09-07,2013-09-07,,not observable,Palo Centre,POI 5×5,Reliability-qualified DNB-BRDF,1,G2,10.0
-61,0,0.95,,,,,,0.0,0,2013-09-08,2013-09-08,2013-09-08,,not observable,Palo Centre,POI 5×5,Reliability-qualified DNB-BRDF,1,G2,10.0
-60,0,0.95,,,,,,0.0,0,2013-09-09,2013-09-09,2013-09-09,,not observable,Palo Centre,POI 5×5,Reliability-qualified DNB-BRDF,1,G2,10.0
-59,0,0.95,,,,,,0.0,0,2013-09-10,2013-09-10,2013-09-10,,not observable,Palo Centre,POI 5×5,Reliability-qualified DNB-BRDF,1,G2,10.0
-58,0,0.95,11.777714,16.454237,71.578606,48.07560050986126,120.10484296955165,60.0,15,2013-09-11,2013-09-11,2013-09-11,0.7851809183756511,observed,Palo Centre,POI 5×5,Reliability-qualified DNB-BRDF,1,G2,10.0
-57,0,0.95,,,,,,0.0,0,2013-09-12,2013-09-12,2013-09-12,,not observable,Palo Centre,POI 5×5,Reliability-qualified DNB-BRDF,1,G2,10.0
-56,0,0.95,54.838085,58.22888,94.17678,71.69175399293569,134.4815950588539,96.0,24,2013-09-13,2013-09-13,2013-09-13,2.2849202156066895,observed,Palo Centre,POI 5×5,Reliability-qualified DNB-BRDF,1,G2,10.0
-55,0,0.95,,,,,,0.0,0,2013-09-14,2013-09-14,2013-09-14,,not observable,Palo Centre,POI 5×5,Reliability-qualified DNB-BRDF,1,G2,10.0
-54,0,0.95,,,,,,0.0,0,2013-09-15,2013-09-15,2013-09-15,,not observable,Palo Centre,POI 5×5,Reliability-qualified DNB-BRDF,1,G2,10.0
-53,0,0.95,,,,,,0.0,0,2013-09-16,2013-09-16,2013-09-16,,not observable,Palo Centre,POI 5×5,Reliability-qualified DNB-BRDF,1,G2,10.0
-52,0,0.95,,,,,,0.0,0,2013-09-17,2013-09-17,2013-09-17,,not observable,Palo Centre,POI 5×5,Reliability-qualified DNB-BRDF,1,G2,10.0
-51,0,0.95,,,,,,0.0,0,2013-09-18,2013-09-18,2013-09-18,,not observable,Palo Centre,POI 5×5,Reliability-qualified DNB-BRDF,1,G2,10.0
-50,0,0.95,,,,,,0.0,0,2013-09-19,2013-09-19,2013-09-19,,not observable,Palo Centre,POI 5×5,Reliability-qualified DNB-BRDF,1,G2,10.0
-49,0,0.95,,,,,,0.0,0,2013-09-20,2013-09-20,2013-09-20,,not observable,Palo Centre,POI 5×5,Reliability-qualified DNB-BRDF,1,G2,10.0
-48,0,0.95,,,,,,0.0,0,2013-09-21,2013-09-21,2013-09-21,,not observable,Palo Centre,POI 5×5,Reliability-qualified DNB-BRDF,1,G2,10.0
-47,0,0.95,,,,,,0.0,0,2013-09-22,2013-09-22,2013-09-22,,not observable,Palo Centre,POI 5×5,Reliability-qualified DNB-BRDF,1,G2,10.0
-46,0,0.95,,,,,,0.0,0,2013-09-23,2013-09-23,2013-09-23,,not observable,Palo Centre,POI 5×5,Reliability-qualified DNB-BRDF,1,G2,10.0
-45,0,0.95,,,,,,0.0,0,2013-09-24,2013-09-24,2013-09-24,,not observable,Palo Centre,POI 5×5,Reliability-qualified DNB-BRDF,1,G2,10.0
-44,0,0.95,,,,,,0.0,0,2013-09-25,2013-09-25,2013-09-25,,not observable,Palo Centre,POI 5×5,Reliability-qualified DNB-BRDF,1,G2,10.0
-43,0,0.95,,,,,,0.0,0,2013-09-26,2013-09-26,2013-09-26,,not observable,Palo Centre,POI 5×5,Reliability-qualified DNB-BRDF,1,G2,10.0
-42,0,0.95,35.39972,35.099586,100.85509,79.05516625160075,139.2741630092113,44.0,11,2013-09-27,2013-09-27,2013-09-27,3.2181562943892046,observed,Palo Centre,POI 5×5,Reliability-qualified DNB-BRDF,1,G2,10.0
-41,0,0.95,,,,,,0.0,0,2013-09-28,2013-09-28,2013-09-28,,not observable,Palo Centre,POI 5×5,Reliability-qualified DNB-BRDF,1,G2,10.0
-40,0,0.95,,,,,,0.0,0,2013-09-29,2013-09-29,2013-09-29,,not observable,Palo Centre,POI 5×5,Reliability-qualified DNB-BRDF,1,G2,10.0
-39,0,0.95,,,,,,0.0,0,2013-09-30,2013-09-30,2013-09-30,,not observable,Palo Centre,POI 5×5,Reliability-qualified DNB-BRDF,1,G2,10.0
-38,0,0.95,,,,,,0.0,0,2013-10-01,2013-10-01,2013-10-01,,not observable,Palo Centre,POI 5×5,Reliability-qualified DNB-BRDF,1,G2,10.0
-37,0,0.95,,,,,,0.0,0,2013-10-02,2013-10-02,2013-10-02,,not observable,Palo Centre,POI 5×5,Reliability-qualified DNB-BRDF,1,G2,10.0
-36,0,0.95,,,,,,0.0,0,2013-10-03,2013-10-03,2013-10-03,,not observable,Palo Centre,POI 5×5,Reliability-qualified DNB-BRDF,1,G2,10.0
-35,0,0.95,,,,,,0.0,0,2013-10-04,2013-10-04,2013-10-04,,not observable,Palo Centre,POI 5×5,Reliability-qualified DNB-BRDF,1,G2,10.0
-34,0,0.95,,,,,,0.0,0,2013-10-05,2013-10-05,2013-10-05,,not observable,Palo Centre,POI 5×5,Reliability-qualified DNB-BRDF,1,G2,10.0
-33,0,0.95,101.81433,62.15905,163.79648,126.69657033432793,225.5254514522675,96.0,24,2013-10-06,2013-10-06,2013-10-06,4.2422637939453125,observed,Palo Centre,POI 5×5,Reliability-qualified DNB-BRDF,1,G2,10.0
-32,0,0.95,,,,,,0.0,0,2013-10-07,2013-10-07,2013-10-07,,not observable,Palo Centre,POI 5×5,Reliability-qualified DNB-BRDF,1,G2,10.0
-31,0,0.95,,,,,,0.0,0,2013-10-08,2013-10-08,2013-10-08,,not observable,Palo Centre,POI 5×5,Reliability-qualified DNB-BRDF,1,G2,10.0
-30,0,0.95,,,,,,0.0,0,2013-10-09,2013-10-09,2013-10-09,,not observable,Palo Centre,POI 5×5,Reliability-qualified DNB-BRDF,1,G2,10.0
-29,0,0.95,,,,,,0.0,0,2013-10-10,2013-10-10,2013-10-10,,not observable,Palo Centre,POI 5×5,Reliability-qualified DNB-BRDF,1,G2,10.0
-28,0,0.95,,,,,,0.0,0,2013-10-11,2013-10-11,2013-10-11,,not observable,Palo Centre,POI 5×5,Reliability-qualified DNB-BRDF,1,G2,10.0
-27,0,0.95,,,,,,0.0,0,2013-10-12,2013-10-12,2013-10-12,,not observable,Palo Centre,POI 5×5,Reliability-qualified DNB-BRDF,1,G2,10.0
-26,0,0.95,66.969864,66.127266,101.27421,78.43930264138201,141.34387819792752,100.0,25,2013-10-13,2013-10-13,2013-10-13,2.6787945556640627,observed,Palo Centre,POI 5×5,Reliability-qualified DNB-BRDF,1,G2,10.0
-25,0,0.95,,,,,,0.0,0,2013-10-14,2013-10-14,2013-10-14,,not observable,Palo Centre,POI 5×5,Reliability-qualified DNB-BRDF,1,G2,10.0
-24,0,0.95,,,,,,0.0,0,2013-10-15,2013-10-15,2013-10-15,,not observable,Palo Centre,POI 5×5,Reliability-qualified DNB-BRDF,1,G2,10.0
-23,0,0.95,55.233986,57.13153,96.678635,76.94376251289344,134.68057699935767,84.0,21,2013-10-16,2013-10-16,2013-10-16,2.6301898048037575,observed,Palo Centre,POI 5×5,Reliability-qualified DNB-BRDF,1,G2,10.0
-22,0,0.95,50.204884,57.685932,87.03142,68.05439110688583,121.54584317026311,84.0,21,2013-10-17,2013-10-17,2013-10-17,2.390708741687593,observed,Palo Centre,POI 5×5,Reliability-qualified DNB-BRDF,1,G2,10.0
-21,0,0.95,46.064976,47.835716,96.29829,77.59111906694292,139.41377802065432,76.0,19,2013-10-18,2013-10-18,2013-10-18,2.42447240729081,observed,Palo Centre,POI 5×5,Reliability-qualified DNB-BRDF,1,G2,10.0
-20,0,0.95,,,,,,0.0,0,2013-10-19,2013-10-19,2013-10-19,,not observable,Palo Centre,POI 5×5,Reliability-qualified DNB-BRDF,1,G2,10.0
-19,0,0.95,,,,,,0.0,0,2013-10-20,2013-10-20,2013-10-20,,not observable,Palo Centre,POI 5×5,Reliability-qualified DNB-BRDF,1,G2,10.0
-18,0,0.95,,,,,,0.0,0,2013-10-21,2013-10-21,2013-10-21,,not observable,Palo Centre,POI 5×5,Reliability-qualified DNB-BRDF,1,G2,10.0
-17,0,0.95,,,,,,0.0,0,2013-10-22,2013-10-22,2013-10-22,,not observable,Palo Centre,POI 5×5,Reliability-qualified DNB-BRDF,1,G2,10.0
-16,0,0.95,,,,,,0.0,0,2013-10-23,2013-10-23,2013-10-23,,not observable,Palo Centre,POI 5×5,Reliability-qualified DNB-BRDF,1,G2,10.0
-15,0,0.95,,,,,,0.0,0,2013-10-24,2013-10-24,2013-10-24,,not observable,Palo Centre,POI 5×5,Reliability-qualified DNB-BRDF,1,G2,10.0
-14,0,0.95,,,,,,0.0,0,2013-10-25,2013-10-25,2013-10-25,,not observable,Palo Centre,POI 5×5,Reliability-qualified DNB-BRDF,1,G2,10.0
-13,0,0.95,50.761124,56.203526,90.31662,71.2243178806571,127.50022678949318,80.0,20,2013-10-26,2013-10-26,2013-10-26,2.538056182861328,observed,Palo Centre,POI 5×5,Reliability-qualified DNB-BRDF,1,G2,10.0
-12,0,0.95,,,,,,0.0,0,2013-10-27,2013-10-27,2013-10-27,,not observable,Palo Centre,POI 5×5,Reliability-qualified DNB-BRDF,1,G2,10.0
-11,0,0.95,22.167145,29.705925,74.62196,55.390838578535224,115.91900713569248,60.0,15,2013-10-28,2013-10-28,2013-10-28,1.4778096516927084,observed,Palo Centre,POI 5×5,Reliability-qualified DNB-BRDF,1,G2,10.0
-10,0,0.95,9.856593,15.242829,64.6638,41.98896154036285,105.73243089329893,60.0,15,2013-10-29,2013-10-29,2013-10-29,0.6571062088012696,observed,Palo Centre,POI 5×5,Reliability-qualified DNB-BRDF,1,G2,10.0
-9,0,0.95,,,,,,0.0,0,2013-10-30,2013-10-30,2013-10-30,,not observable,Palo Centre,POI 5×5,Reliability-qualified DNB-BRDF,1,G2,10.0
-8,0,0.95,71.47692,50.999786,140.15141,108.2781581389569,189.52043670211708,88.0,22,2013-10-31,2013-10-31,2013-10-31,3.248950958251953,observed,Palo Centre,POI 5×5,Reliability-qualified DNB-BRDF,1,G2,10.0
-7,0,0.95,29.82074,13.672439,218.10841,140.67676535090686,372.28764692665794,56.0,14,2013-11-01,2013-11-01,2013-11-01,2.1300528390066966,observed,Palo Centre,POI 5×5,Reliability-qualified DNB-BRDF,1,G2,10.0
-6,0,0.95,,,,,,0.0,0,2013-11-02,2013-11-02,2013-11-02,,not observable,Palo Centre,POI 5×5,Reliability-qualified DNB-BRDF,1,G2,10.0
-5,0,0.95,,,,,,0.0,0,2013-11-03,2013-11-03,2013-11-03,,not observable,Palo Centre,POI 5×5,Reliability-qualified DNB-BRDF,1,G2,10.0
-4,0,0.95,13.1342325,12.506976,105.01525,67.8060050371693,186.49065989189378,52.0,13,2013-11-04,2013-11-04,2013-11-04,1.010325578542856,observed,Palo Centre,POI 5×5,Reliability-qualified DNB-BRDF,1,G2,10.0
-3,0,0.95,,,,,,0.0,0,2013-11-05,2013-11-05,2013-11-05,,not observable,Palo Centre,POI 5×5,Reliability-qualified DNB-BRDF,1,G2,10.0
-2,0,0.95,,,,,,0.0,0,2013-11-06,2013-11-06,2013-11-06,,not observable,Palo Centre,POI 5×5,Reliability-qualified DNB-BRDF,1,G2,10.0
-1,0,0.95,,,,,,0.0,0,2013-11-07,2013-11-07,2013-11-07,,not observable,Palo Centre,POI 5×5,Reliability-qualified DNB-BRDF,1,G2,10.0
0,0,0.95,,,,,,0.0,0,2013-11-08,2013-11-08,2013-11-08,,not observable,Palo Centre,POI 5×5,Reliability-qualified DNB-BRDF,1,G2,10.0
1,0,0.95,1.5095136,8.654007,17.442944,12.358211238661493,26.597352177973296,20.0,5,2013-11-09,2013-11-09,2013-11-09,0.30190272331237794,observed,Palo Centre,POI 5×5,Reliability-qualified DNB-BRDF,1,G2,10.0
2,0,0.95,8.892166,66.127266,13.447049,10.41506248688153,18.767445323933213,100.0,25,2013-11-10,2013-11-10,2013-11-10,0.3556866455078125,observed,Palo Centre,POI 5×5,Reliability-qualified DNB-BRDF,1,G2,10.0
3,0,0.95,,,,,,0.0,0,2013-11-11,2013-11-11,2013-11-11,,not observable,Palo Centre,POI 5×5,Reliability-qualified DNB-BRDF,1,G2,10.0
4,0,0.95,7.923224,32.294388,24.534369,17.935394205547738,34.45504495361723,44.0,11,2013-11-12,2013-11-12,2013-11-12,0.7202930883927778,observed,Palo Centre,POI 5×5,Reliability-qualified DNB-BRDF,1,G2,10.0
5,0,0.95,5.5728517,38.401123,14.51221,10.699789310950528,20.78836133345998,80.0,20,2013-11-13,2013-11-13,2013-11-13,0.27864258289337157,observed,Palo Centre,POI 5×5,Reliability-qualified DNB-BRDF,1,G2,10.0
6,0,0.95,1.5546058,38.401123,4.0483346,2.984819357852404,5.799133190654342,80.0,20,2013-11-14,2013-11-14,2013-11-14,0.07773029208183288,observed,Palo Centre,POI 5×5,Reliability-qualified DNB-BRDF,1,G2,10.0
7,0,0.95,31.360283,59.411003,52.785313,41.57153674757113,72.08881914515271,76.0,19,2013-11-15,2013-11-15,2013-11-15,1.650541205155222,observed,Palo Centre,POI 5×5,Reliability-qualified DNB-BRDF,1,G2,10.0
8,0,0.95,,,,,,0.0,0,2013-11-16,2013-11-16,2013-11-16,,not observable,Palo Centre,POI 5×5,Reliability-qualified DNB-BRDF,1,G2,10.0
9,0,0.95,3.3894556,45.992733,7.369546,5.353938490664175,10.203890329661387,88.0,22,2013-11-17,2013-11-17,2013-11-17,0.1540661616758867,observed,Palo Centre,POI 5×5,Reliability-qualified DNB-BRDF,1,G2,10.0
10,0,0.95,13.287363,30.29628,43.85807,33.29530623255525,55.702346968952334,32.0,8,2013-11-18,2013-11-18,2013-11-18,1.6609203815460205,observed,Palo Centre,POI 5×5,Reliability-qualified DNB-BRDF,1,G2,10.0
11,0,0.95,,,,,,0.0,0,2013-11-19,2013-11-19,2013-11-19,,not observable,Palo Centre,POI 5×5,Reliability-qualified DNB-BRDF,1,G2,10.0
12,0,0.95,,,,,,0.0,0,2013-11-20,2013-11-20,2013-11-20,,not observable,Palo Centre,POI 5×5,Reliability-qualified DNB-BRDF,1,G2,10.0
13,0,0.95,,,,,,0.0,0,2013-11-21,2013-11-21,2013-11-21,,not observable,Palo Centre,POI 5×5,Reliability-qualified DNB-BRDF,1,G2,10.0
14,0,0.95,,,,,,0.0,0,2013-11-22,2013-11-22,2013-11-22,,not observable,Palo Centre,POI 5×5,Reliability-qualified DNB-BRDF,1,G2,10.0
15,0,0.95,,,,,,0.0,0,2013-11-23,2013-11-23,2013-11-23,,not observable,Palo Centre,POI 5×5,Reliability-qualified DNB-BRDF,1,G2,10.0
16,0,0.95,3.015975,24.062168,12.534095,9.436708336748879,17.385731341747615,36.0,9,2013-11-24,2013-11-24,2013-11-24,0.33510833316379124,observed,Palo Centre,POI 5×5,Reliability-qualified DNB-BRDF,1,G2,10.0
17,0,0.95,,,,,,0.0,0,2013-11-25,2013-11-25,2013-11-25,,not observable,Palo Centre,POI 5×5,Reliability-qualified DNB-BRDF,1,G2,10.0
18,0,0.95,10.093781,19.08009,52.902172,36.7106850396446,83.67143968419097,60.0,15,2013-11-26,2013-11-26,2013-11-26,0.6729187647501628,observed,Palo Centre,POI 5×5,Reliability-qualified DNB-BRDF,1,G2,10.0
19,0,0.95,,,,,,0.0,0,2013-11-27,2013-11-27,2013-11-27,,not observable,Palo Centre,POI 5×5,Reliability-qualified DNB-BRDF,1,G2,10.0
20,0,0.95,,,,,,0.0,0,2013-11-28,2013-11-28,2013-11-28,,not observable,Palo Centre,POI 5×5,Reliability-qualified DNB-BRDF,1,G2,10.0
21,0,0.95,22.08193,66.127266,33.39308,25.863742222239207,46.60522859460196,100.0,25,2013-11-29,2013-11-29,2013-11-29,0.8832772064208985,observed,Palo Centre,POI 5×5,Reliability-qualified DNB-BRDF,1,G2,10.0
22,0,0.95,16.722433,66.127266,25.288258,19.586361802789476,35.29368879847093,100.0,25,2013-11-30,2013-11-30,2013-11-30,0.6688973236083985,observed,Palo Centre,POI 5×5,Reliability-qualified DNB-BRDF,1,G2,10.0
23,0,0.95,,,,,,0.0,0,2013-12-01,2013-12-01,2013-12-01,,not observable,Palo Centre,POI 5×5,Reliability-qualified DNB-BRDF,1,G2,10.0
24,0,0.95,17.30063,29.34003,58.96596,41.537515796754874,89.10391759739441,72.0,18,2013-12-02,2013-12-02,2013-12-02,0.9611461427476671,observed,Palo Centre,POI 5×5,Reliability-qualified DNB-BRDF,1,G2,10.0
25,0,0.95,33.951767,66.127266,51.343067,39.76643883960308,71.65722410113412,100.0,25,2013-12-03,2013-12-03,2013-12-03,1.3580706787109376,observed,Palo Centre,POI 5×5,Reliability-qualified DNB-BRDF,1,G2,10.0
26,0,0.95,11.381667,66.127266,17.211761,13.330922542199948,24.02168592300373,100.0,25,2013-12-04,2013-12-04,2013-12-04,0.4552666854858398,observed,Palo Centre,POI 5×5,Reliability-qualified DNB-BRDF,1,G2,10.0
27,0,0.95,,,,,,0.0,0,2013-12-05,2013-12-05,2013-12-05,,not observable,Palo Centre,POI 5×5,Reliability-qualified DNB-BRDF,1,G2,10.0
28,0,0.95,16.220078,57.61737,28.15137,21.92722079693876,40.019598259597124,92.0,23,2013-12-06,2013-12-06,2013-12-06,0.7052207615064539,observed,Palo Centre,POI 5×5,Reliability-qualified DNB-BRDF,1,G2,10.0
29,0,0.95,12.097121,59.089016,20.472708,15.593000052977557,28.84837762192349,96.0,24,2013-12-07,2013-12-07,2013-12-07,0.5040467182795206,observed,Palo Centre,POI 5×5,Reliability-qualified DNB-BRDF,1,G2,10.0
30,0,0.95,23.969784,66.127266,36.247955,28.074912333652634,50.58965156087185,100.0,25,2013-12-08,2013-12-08,2013-12-08,0.9587913513183594,observed,Palo Centre,POI 5×5,Reliability-qualified DNB-BRDF,1,G2,10.0
31,0,0.95,,,,,,0.0,0,2013-12-09,2013-12-09,2013-12-09,,not observable,Palo Centre,POI 5×5,Reliability-qualified DNB-BRDF,1,G2,10.0
32,0,0.95,,,,,,0.0,0,2013-12-10,2013-12-10,2013-12-10,,not observable,Palo Centre,POI 5×5,Reliability-qualified DNB-BRDF,1,G2,10.0
33,0,0.95,15.699232,66.127266,23.740936,18.387925011210275,33.134162920591436,100.0,25,2013-12-11,2013-12-11,2013-12-11,0.6279692840576172,observed,Palo Centre,POI 5×5,Reliability-qualified DNB-BRDF,1,G2,10.0
34,0,0.95,,,,,,0.0,0,2013-12-12,2013-12-12,2013-12-12,,not observable,Palo Centre,POI 5×5,Reliability-qualified DNB-BRDF,1,G2,10.0
35,0,0.95,24.547451,37.423172,65.59425,53.990592300859106,86.64868588380985,24.0,6,2013-12-13,2013-12-13,2013-12-13,4.091241836547852,observed,Palo Centre,POI 5×5,Reliability-qualified DNB-BRDF,1,G2,10.0
36,0,0.95,,,,,,0.0,0,2013-12-14,2013-12-14,2013-12-14,,not observable,Palo Centre,POI 5×5,Reliability-qualified DNB-BRDF,1,G2,10.0
37,0,0.95,4.7113347,21.992846,21.422125,14.819392722858279,35.28117282384858,68.0,17,2013-12-15,2013-12-15,2013-12-15,0.27713733560898723,observed,Palo Centre,POI 5×5,Reliability-qualified DNB-BRDF,1,G2,10.0
38,0,0.95,,,,,,0.0,0,2013-12-16,2013-12-16,2013-12-16,,not observable,Palo Centre,POI 5×5,Reliability-qualified DNB-BRDF,1,G2,10.0
39,0,0.95,6.9712844,29.841038,23.3614,17.69725906114746,31.938079746994735,52.0,13,2013-12-17,2013-12-17,2013-12-17,0.5362526453458346,observed,Palo Centre,POI 5×5,Reliability-qualified DNB-BRDF,1,G2,10.0
40,0,0.95,,,,,,0.0,0,2013-12-18,2013-12-18,2013-12-18,,not observable,Palo Centre,POI 5×5,Reliability-qualified DNB-BRDF,1,G2,10.0
41,0,0.95,,,,,,0.0,0,2013-12-19,2013-12-19,2013-12-19,,not observable,Palo Centre,POI 5×5,Reliability-qualified DNB-BRDF,1,G2,10.0
42,0,0.95,,,,,,0.0,0,2013-12-20,2013-12-20,2013-12-20,,not observable,Palo Centre,POI 5×5,Reliability-qualified DNB-BRDF,1,G2,10.0
43,0,0.95,,,,,,0.0,0,2013-12-21,2013-12-21,2013-12-21,,not observable,Palo Centre,POI 5×5,Reliability-qualified DNB-BRDF,1,G2,10.0
44,0,0.95,,,,,,0.0,0,2013-12-22,2013-12-22,2013-12-22,,not observable,Palo Centre,POI 5×5,Reliability-qualified DNB-BRDF,1,G2,10.0
45,0,0.95,,,,,,0.0,0,2013-12-23,2013-12-23,2013-12-23,,not observable,Palo Centre,POI 5×5,Reliability-qualified DNB-BRDF,1,G2,10.0
46,0,0.95,,,,,,0.0,0,2013-12-24,2013-12-24,2013-12-24,,not observable,Palo Centre,POI 5×5,Reliability-qualified DNB-BRDF,1,G2,10.0
47,0,0.95,24.73463,46.899475,52.739677,39.239054412145194,76.46374607212604,88.0,22,2013-12-25,2013-12-25,2013-12-25,1.1243013902144,observed,Palo Centre,POI 5×5,Reliability-qualified DNB-BRDF,1,G2,10.0
48,0,0.95,19.961613,32.546066,61.333412,43.964561879840176,84.14169053968534,72.0,18,2013-12-26,2013-12-26,2013-12-26,1.108978483412001,observed,Palo Centre,POI 5×5,Reliability-qualified DNB-BRDF,1,G2,10.0
49,0,0.95,4.1968565,25.842842,16.239918,12.717546064032415,22.078915905378384,40.0,10,2013-12-27,2013-12-27,2013-12-27,0.41968564987182616,observed,Palo Centre,POI 5×5,Reliability-qualified DNB-BRDF,1,G2,10.0
50,0,0.95,4.4046926,40.86647,10.778255,7.865873793029663,15.153401436348659,84.0,21,2013-12-28,2013-12-28,2013-12-28,0.2097472690400623,observed,Palo Centre,POI 5×5,Reliability-qualified DNB-BRDF,1,G2,10.0
51,0,0.95,,,,,,0.0,0,2013-12-29,2013-12-29,2013-12-29,,not observable,Palo Centre,POI 5×5,Reliability-qualified DNB-BRDF,1,G2,10.0
52,0,0.95,,,,,,0.0,0,2013-12-30,2013-12-30,2013-12-30,,not observable,Palo Centre,POI 5×5,Reliability-qualified DNB-BRDF,1,G2,10.0
53,0,0.95,,,,,,0.0,0,2013-12-31,2013-12-31,2013-12-31,,not observable,Palo Centre,POI 5×5,Reliability-qualified DNB-BRDF,1,G2,10.0
54,0,0.95,,,,,,0.0,0,2014-01-01,2014-01-01,2014-01-01,,not observable,Palo Centre,POI 5×5,Reliability-qualified DNB-BRDF,1,G2,10.0
55,0,0.95,6.576971,40.86647,16.093807,11.745115066143775,22.62665893153521,84.0,21,2014-01-02,2014-01-02,2014-01-02,0.31318909781319754,observed,Palo Centre,POI 5×5,Reliability-qualified DNB-BRDF,1,G2,10.0
56,0,0.95,20.88295,57.61737,36.24419,28.230754185149216,51.52424247093093,92.0,23,2014-01-03,2014-01-03,2014-01-03,0.9079543403957201,observed,Palo Centre,POI 5×5,Reliability-qualified DNB-BRDF,1,G2,10.0
57,0,0.95,,,,,,0.0,0,2014-01-04,2014-01-04,2014-01-04,,not observable,Palo Centre,POI 5×5,Reliability-qualified DNB-BRDF,1,G2,10.0
58,0,0.95,30.279335,66.127266,45.789486,35.46505665402197,63.90633877645041,100.0,25,2014-01-05,2014-01-05,2014-01-05,1.2111734008789063,observed,Palo Centre,POI 5×5,Reliability-qualified DNB-BRDF,1,G2,10.0
59,0,0.95,5.7595935,25.160837,22.891104,18.384110124456047,34.33323571408979,36.0,9,2014-01-06,2014-01-06,2014-01-06,0.6399548318650987,observed,Palo Centre,POI 5×5,Reliability-qualified DNB-BRDF,1,G2,10.0
60,0,0.95,,,,,,0.0,0,2014-01-07,2014-01-07,2014-01-07,,not observable,Palo Centre,POI 5×5,Reliability-qualified DNB-BRDF,1,G2,10.0
61,0,0.95,,,,,,0.0,0,2014-01-08,2014-01-08,2014-01-08,,not observable,Palo Centre,POI 5×5,Reliability-qualified DNB-BRDF,1,G2,10.0
62,0,0.95,,,,,,0.0,0,2014-01-09,2014-01-09,2014-01-09,,not observable,Palo Centre,POI 5×5,Reliability-qualified DNB-BRDF,1,G2,10.0
63,0,0.95,,,,,,0.0,0,2014-01-10,2014-01-10,2014-01-10,,not observable,Palo Centre,POI 5×5,Reliability-qualified DNB-BRDF,1,G2,10.0
64,0,0.95,,,,,,0.0,0,2014-01-11,2014-01-11,2014-01-11,,not observable,Palo Centre,POI 5×5,Reliability-qualified DNB-BRDF,1,G2,10.0
65,0,0.95,,,,,,0.0,0,2014-01-12,2014-01-12,2014-01-12,,not observable,Palo Centre,POI 5×5,Reliability-qualified DNB-BRDF,1,G2,10.0
66,0,0.95,,,,,,0.0,0,2014-01-13,2014-01-13,2014-01-13,,not observable,Palo Centre,POI 5×5,Reliability-qualified DNB-BRDF,1,G2,10.0
67,0,0.95,,,,,,0.0,0,2014-01-14,2014-01-14,2014-01-14,,not observable,Palo Centre,POI 5×5,Reliability-qualified DNB-BRDF,1,G2,10.0
68,0,0.95,,,,,,0.0,0,2014-01-15,2014-01-15,2014-01-15,,not observable,Palo Centre,POI 5×5,Reliability-qualified DNB-BRDF,1,G2,10.0
69,0,0.95,,,,,,0.0,0,2014-01-16,2014-01-16,2014-01-16,,not observable,Palo Centre,POI 5×5,Reliability-qualified DNB-BRDF,1,G2,10.0
70,0,0.95,,,,,,0.0,0,2014-01-17,2014-01-17,2014-01-17,,not observable,Palo Centre,POI 5×5,Reliability-qualified DNB-BRDF,1,G2,10.0
71,0,0.95,,,,,,0.0,0,2014-01-18,2014-01-18,2014-01-18,,not observable,Palo Centre,POI 5×5,Reliability-qualified DNB-BRDF,1,G2,10.0
72,0,0.95,,,,,,0.0,0,2014-01-19,2014-01-19,2014-01-19,,not observable,Palo Centre,POI 5×5,Reliability-qualified DNB-BRDF,1,G2,10.0
73,0,0.95,,,,,,0.0,0,2014-01-20,2014-01-20,2014-01-20,,not observable,Palo Centre,POI 5×5,Reliability-qualified DNB-BRDF,1,G2,10.0
74,0,0.95,,,,,,0.0,0,2014-01-21,2014-01-21,2014-01-21,,not observable,Palo Centre,POI 5×5,Reliability-qualified DNB-BRDF,1,G2,10.0
75,0,0.95,,,,,,0.0,0,2014-01-22,2014-01-22,2014-01-22,,not observable,Palo Centre,POI 5×5,Reliability-qualified DNB-BRDF,1,G2,10.0
76,0,0.95,,,,,,0.0,0,2014-01-23,2014-01-23,2014-01-23,,not observable,Palo Centre,POI 5×5,Reliability-qualified DNB-BRDF,1,G2,10.0
77,0,0.95,8.397178,39.6725,21.166243,16.280369872966062,29.089915694448074,80.0,20,2014-01-24,2014-01-24,2014-01-24,0.4198588848114014,observed,Palo Centre,POI 5×5,Reliability-qualified DNB-BRDF,1,G2,10.0
78,0,0.95,24.529728,66.127266,37.094727,28.73075653399445,51.771451495959816,100.0,25,2014-01-25,2014-01-25,2014-01-25,0.9811891174316406,observed,Palo Centre,POI 5×5,Reliability-qualified DNB-BRDF,1,G2,10.0
79,0,0.95,,,,,,0.0,0,2014-01-26,2014-01-26,2014-01-26,,not observable,Palo Centre,POI 5×5,Reliability-qualified DNB-BRDF,1,G2,10.0
80,0,0.95,24.409397,66.127266,36.912758,28.589816114614596,51.51748358957661,100.0,25,2014-01-27,2014-01-27,2014-01-27,0.9763758850097656,observed,Palo Centre,POI 5×5,Reliability-qualified DNB-BRDF,1,G2,10.0
81,0,0.95,,,,,,0.0,0,2014-01-28,2014-01-28,2014-01-28,,not observable,Palo Centre,POI 5×5,Reliability-qualified DNB-BRDF,1,G2,10.0
82,0,0.95,22.43821,66.127266,33.931858,26.281038872152802,47.35717723350626,100.0,25,2014-01-29,2014-01-29,2014-01-29,0.8975283813476562,observed,Palo Centre,POI 5×5,Reliability-qualified DNB-BRDF,1,G2,10.0
83,0,0.95,,,,,,0.0,0,2014-01-30,2014-01-30,2014-01-30,,not observable,Palo Centre,POI 5×5,Reliability-qualified DNB-BRDF,1,G2,10.0
84,0,0.95,,,,,,0.0,0,2014-01-31,2014-01-31,2014-01-31,,not observable,Palo Centre,POI 5×5,Reliability-qualified DNB-BRDF,1,G2,10.0
85,0,0.95,2.3525937,4.1008725,57.368126,37.80357094245505,94.26325039225769,28.0,7,2014-02-01,2014-02-01,2014-02-01,0.3360848086220877,observed,Palo Centre,POI 5×5,Reliability-qualified DNB-BRDF,1,G2,10.0
86,0,0.95,21.046648,66.127266,31.827488,24.651153626255063,44.42020184087661,100.0,25,2014-02-02,2014-02-02,2014-02-02,0.8418659210205078,observed,Palo Centre,POI 5×5,Reliability-qualified DNB-BRDF,1,G2,10.0
87,0,0.95,14.464815,66.127266,21.874208,16.942099008418833,30.528853495949296,100.0,25,2014-02-03,2014-02-03,2014-02-03,0.5785926055908203,observed,Palo Centre,POI 5×5,Reliability-qualified DNB-BRDF,1,G2,10.0
88,0,0.95,25.672375,66.127266,38.822678,30.069095736265087,54.18307483812674,100.0,25,2014-02-04,2014-02-04,2014-02-04,1.0268949890136718,observed,Palo Centre,POI 5×5,Reliability-qualified DNB-BRDF,1,G2,10.0
89,0,0.95,37.132015,66.127266,56.15235,43.491343026349604,78.36932359642833,100.0,25,2014-02-05,2014-02-05,2014-02-05,1.4852806091308595,observed,Palo Centre,POI 5×5,Reliability-qualified DNB-BRDF,1,G2,10.0
90,0,0.95,35.7624,66.127266,54.081177,41.887167797304734,75.47867642661744,100.0,25,2014-02-06,2014-02-06,2014-02-06,1.430496063232422,observed,Palo Centre,POI 5×5,Reliability-qualified DNB-BRDF,1,G2,10.0
91,0,0.95,,,,,,0.0,0,2014-02-07,2014-02-07,2014-02-07,,not observable,Palo Centre,POI 5×5,Reliability-qualified DNB-BRDF,1,G2,10.0
92,0,0.95,,,,,,0.0,0,2014-02-08,2014-02-08,2014-02-08,,not observable,Palo Centre,POI 5×5,Reliability-qualified DNB-BRDF,1,G2,10.0
93,0,0.95,7.0872602,35.183594,20.14365,15.295585582696079,28.57952805945664,72.0,18,2014-02-09,2014-02-09,2014-02-09,0.3937366803487142,observed,Palo Centre,POI 5×5,Reliability-qualified DNB-BRDF,1,G2,10.0
94,0,0.95,,,,,,0.0,0,2014-02-10,2014-02-10,2014-02-10,,not observable,Palo Centre,POI 5×5,Reliability-qualified DNB-BRDF,1,G2,10.0
95,0,0.95,,,,,,0.0,0,2014-02-11,2014-02-11,2014-02-11,,not observable,Palo Centre,POI 5×5,Reliability-qualified DNB-BRDF,1,G2,10.0
96,0,0.95,,,,,,0.0,0,2014-02-12,2014-02-12,2014-02-12,,not observable,Palo Centre,POI 5×5,Reliability-qualified DNB-BRDF,1,G2,10.0
97,0,0.95,,,,,,0.0,0,2014-02-13,2014-02-13,2014-02-13,,not observable,Palo Centre,POI 5×5,Reliability-qualified DNB-BRDF,1,G2,10.0
98,0,0.95,15.598628,57.47326,27.14067,21.320295307257943,37.401961293978005,80.0,20,2014-02-14,2014-02-14,2014-02-14,0.7799314022064209,observed,Palo Centre,POI 5×5,Reliability-qualified DNB-BRDF,1,G2,10.0
99,0,0.95,5.61088,54.90127,10.219946,7.74269172389834,14.85119705215305,92.0,23,2014-02-15,2014-02-15,2014-02-15,0.243951299916143,observed,Palo Centre,POI 5×5,Reliability-qualified DNB-BRDF,1,G2,10.0
100,0,0.95,14.326429,61.863262,23.158218,18.32523775200959,32.583910459762905,96.0,24,2014-02-16,2014-02-16,2014-02-16,0.5969345569610596,observed,Palo Centre,POI 5×5,Reliability-qualified DNB-BRDF,1,G2,10.0
101,0,0.95,3.0267699,15.781418,19.179329,12.561708232636887,28.820755227895503,48.0,12,2014-02-17,2014-02-17,2014-02-17,0.25223082304000854,observed,Palo Centre,POI 5×5,Reliability-qualified DNB-BRDF,1,G2,10.0
102,0,0.95,8.2497425,52.37739,15.750579,12.545743007264452,21.907617025688474,80.0,20,2014-02-18,2014-02-18,2014-02-18,0.4124871253967285,observed,Palo Centre,POI 5×5,Reliability-qualified DNB-BRDF,1,G2,10.0
103,0,0.95,9.620071,55.095764,17.460636,13.155427113174749,24.225787343923145,92.0,23,2014-02-19,2014-02-19,2014-02-19,0.4182639743970788,observed,Palo Centre,POI 5×5,Reliability-qualified DNB-BRDF,1,G2,10.0
104,0,0.95,,,,,,0.0,0,2014-02-20,2014-02-20,2014-02-20,,not observable,Palo Centre,POI 5×5,Reliability-qualified DNB-BRDF,1,G2,10.0
105,0,0.95,,,,,,0.0,0,2014-02-21,2014-02-21,2014-02-21,,not observable,Palo Centre,POI 5×5,Reliability-qualified DNB-BRDF,1,G2,10.0
106,0,0.95,18.135899,48.754395,37.19849,29.718220653251123,53.458039055277254,72.0,18,2014-02-22,2014-02-22,2014-02-22,1.0075499216715496,observed,Palo Centre,POI 5×5,Reliability-qualified DNB-BRDF,1,G2,10.0
107,0,0.95,,,,,,0.0,0,2014-02-23,2014-02-23,2014-02-23,,not observable,Palo Centre,POI 5×5,Reliability-qualified DNB-BRDF,1,G2,10.0
108,0,0.95,18.465124,66.127266,27.923616,21.627511524142893,38.97174313964384,100.0,25,2014-02-24,2014-02-24,2014-02-24,0.7386049652099609,observed,Palo Centre,POI 5×5,Reliability-qualified DNB-BRDF,1,G2,10.0
109,0,0.95,,,,,,0.0,0,2014-02-25,2014-02-25,2014-02-25,,not observable,Palo Centre,POI 5×5,Reliability-qualified DNB-BRDF,1,G2,10.0
110,0,0.95,47.52703,66.127266,71.87206,55.666638771665525,100.30862520798787,100.0,25,2014-02-26,2014-02-26,2014-02-26,1.9010812377929687,observed,Palo Centre,POI 5×5,Reliability-qualified DNB-BRDF,1,G2,10.0
111,0,0.95,49.76236,66.127266,75.2524,58.28479407478194,105.0264160577973,100.0,25,2014-02-27,2014-02-27,2014-02-27,1.990494384765625,observed,Palo Centre,POI 5×5,Reliability-qualified DNB-BRDF,1,G2,10.0
112,0,0.95,43.638767,66.127266,65.992096,51.11246286682502,92.1022176710841,100.0,25,2014-02-28,2014-02-28,2014-02-28,1.7455506896972657,observed,Palo Centre,POI 5×5,Reliability-qualified DNB-BRDF,1,G2,10.0
113,0,0.95,4.513114,14.899188,30.291006,25.8722471077545,45.86028897912934,16.0,4,2014-03-01,2014-03-01,2014-03-01,1.1282784938812256,observed,Palo Centre,POI 5×5,Reliability-qualified DNB-BRDF,1,G2,10.0
114,0,0.95,11.367432,33.590065,33.84165,24.901963411890996,48.987461667904874,52.0,13,2014-03-02,2014-03-02,2014-03-02,0.8744178185096154,observed,Palo Centre,POI 5×5,Reliability-qualified DNB-BRDF,1,G2,10.0
115,0,0.95,38.2197,66.127266,57.797188,44.765308532769744,80.66494861225824,100.0,25,2014-03-03,2014-03-03,2014-03-03,1.5287879943847655,observed,Palo Centre,POI 5×5,Reliability-qualified DNB-BRDF,1,G2,10.0
116,0,0.95,43.0491,66.127266,65.10037,50.42180105273606,90.85767805842508,100.0,25,2014-03-04,2014-03-04,2014-03-04,1.7219639587402344,observed,Palo Centre,POI 5×5,Reliability-qualified DNB-BRDF,1,G2,10.0
117,0,0.95,43.58922,66.127266,65.91717,51.054425885171604,91.99763780117756,100.0,25,2014-03-05,2014-03-05,2014-03-05,1.7435687255859376,observed,Palo Centre,POI 5×5,Reliability-qualified DNB-BRDF,1,G2,10.0
118,0,0.95,33.072765,66.127266,50.013813,38.73689721378942,69.80203924789791,100.0,25,2014-03-06,2014-03-06,2014-03-06,1.322910614013672,observed,Palo Centre,POI 5×5,Reliability-qualified DNB-BRDF,1,G2,10.0
119,0,0.95,,,,,,0.0,0,2014-03-07,2014-03-07,2014-03-07,,not observable,Palo Centre,POI 5×5,Reliability-qualified DNB-BRDF,1,G2,10.0
120,0,0.95,36.454464,66.127266,55.127735,42.69775249947907,76.9393113577698,100.0,25,2014-03-08,2014-03-08,2014-03-08,1.4581785583496094,observed,Palo Centre,POI 5×5,Reliability-qualified DNB-BRDF,1,G2,10.0
121,0,0.95,24.367298,31.342846,77.74437,56.40473038747943,106.69482672324285,64.0,16,2014-03-09,2014-03-09,2014-03-09,1.522956132888794,observed,Palo Centre,POI 5×5,Reliability-qualified DNB-BRDF,1,G2,10.0
122,0,0.95,,,,,,0.0,0,2014-03-10,2014-03-10,2014-03-10,,not observable,Palo Centre,POI 5×5,Reliability-qualified DNB-BRDF,1,G2,10.0
123,0,0.95,,,,,,0.0,0,2014-03-11,2014-03-11,2014-03-11,,not observable,Palo Centre,POI 5×5,Reliability-qualified DNB-BRDF,1,G2,10.0
124,0,0.95,,,,,,0.0,0,2014-03-12,2014-03-12,2014-03-12,,not observable,Palo Centre,POI 5×5,Reliability-qualified DNB-BRDF,1,G2,10.0
125,0,0.95,12.101398,58.535652,20.673553,16.31928246041305,29.536447878246666,92.0,23,2014-03-13,2014-03-13,2014-03-13,0.5261477594790251,observed,Palo Centre,POI 5×5,Reliability-qualified DNB-BRDF,1,G2,10.0
126,0,0.95,24.505232,54.02571,45.358463,34.98303153501831,59.679147640263366,88.0,22,2014-03-14,2014-03-14,2014-03-14,1.1138741753318093,observed,Palo Centre,POI 5×5,Reliability-qualified DNB-BRDF,1,G2,10.0
127,0,0.95,,,,,,0.0,0,2014-03-15,2014-03-15,2014-03-15,,not observable,Palo Centre,POI 5×5,Reliability-qualified DNB-BRDF,1,G2,10.0
128,0,0.95,21.141434,64.74706,32.652344,25.47668932185255,45.495970888823294,96.0,24,2014-03-16,2014-03-16,2014-03-16,0.8808930714925131,observed,Palo Centre,POI 5×5,Reliability-qualified DNB-BRDF,1,G2,10.0
129,0,0.95,11.534016,50.63727,22.77772,17.671905610640575,33.560667962990706,88.0,22,2014-03-17,2014-03-17,2014-03-17,0.5242734388871626,observed,Palo Centre,POI 5×5,Reliability-qualified DNB-BRDF,1,G2,10.0
130,0,0.95,,,,,,0.0,0,2014-03-18,2014-03-18,2014-03-18,,not observable,Palo Centre,POI 5×5,Reliability-qualified DNB-BRDF,1,G2,10.0
131,0,0.95,,,,,,0.0,0,2014-03-19,2014-03-19,2014-03-19,,not observable,Palo Centre,POI 5×5,Reliability-qualified DNB-BRDF,1,G2,10.0
132,0,0.95,,,,,,0.0,0,2014-03-20,2014-03-20,2014-03-20,,not observable,Palo Centre,POI 5×5,Reliability-qualified DNB-BRDF,1,G2,10.0
133,0,0.95,,,,,,0.0,0,2014-03-21,2014-03-21,2014-03-21,,not observable,Palo Centre,POI 5×5,Reliability-qualified DNB-BRDF,1,G2,10.0
134,0,0.95,,,,,,0.0,0,2014-03-22,2014-03-22,2014-03-22,,not observable,Palo Centre,POI 5×5,Reliability-qualified DNB-BRDF,1,G2,10.0
135,0,0.95,,,,,,0.0,0,2014-03-23,2014-03-23,2014-03-23,,not observable,Palo Centre,POI 5×5,Reliability-qualified DNB-BRDF,1,G2,10.0
136,0,0.95,,,,,,0.0,0,2014-03-24,2014-03-24,2014-03-24,,not observable,Palo Centre,POI 5×5,Reliability-qualified DNB-BRDF,1,G2,10.0
137,0,0.95,33.75482,66.127266,51.04524,39.535763569944066,71.24155827902676,100.0,25,2014-03-25,2014-03-25,2014-03-25,1.35019287109375,observed,Palo Centre,POI 5×5,Reliability-qualified DNB-BRDF,1,G2,10.0
138,0,0.95,4.5983286,13.426491,34.24818,22.97659242758036,50.03709076555289,36.0,9,2014-03-26,2014-03-26,2014-03-26,0.510925398932563,observed,Palo Centre,POI 5×5,Reliability-qualified DNB-BRDF,1,G2,10.0
139,0,0.95,33.44033,66.127266,50.569653,39.16741060242995,70.57780381894194,100.0,25,2014-03-27,2014-03-27,2014-03-27,1.3376132202148439,observed,Palo Centre,POI 5×5,Reliability-qualified DNB-BRDF,1,G2,10.0
140,0,0.95,,,,,,0.0,0,2014-03-28,2014-03-28,2014-03-28,,not observable,Palo Centre,POI 5×5,Reliability-qualified DNB-BRDF,1,G2,10.0
141,0,0.95,,,,,,0.0,0,2014-03-29,2014-03-29,2014-03-29,,not observable,Palo Centre,POI 5×5,Reliability-qualified DNB-BRDF,1,G2,10.0
142,0,0.95,38.11454,66.127266,57.63816,44.642140080328,80.44300494175742,100.0,25,2014-03-30,2014-03-30,2014-03-30,1.5245816040039062,observed,Palo Centre,POI 5×5,Reliability-qualified DNB-BRDF,1,G2,10.0
143,0,0.95,61.470444,66.127266,92.95779,71.99803837910464,129.73702754181676,100.0,25,2014-03-31,2014-03-31,2014-03-31,2.4588177490234373,observed,Palo Centre,POI 5×5,Reliability-qualified DNB-BRDF,1,G2,10.0
144,0,0.95,47.031708,66.127266,71.123024,55.08648627926448,99.26321811663394,100.0,25,2014-04-01,2014-04-01,2014-04-01,1.881268310546875,observed,Palo Centre,POI 5×5,Reliability-qualified DNB-BRDF,1,G2,10.0
145,0,0.95,25.702438,66.127266,38.86814,30.104307964885514,54.24652559285818,100.0,25,2014-04-02,2014-04-02,2014-04-02,1.0280975341796874,observed,Palo Centre,POI 5×5,Reliability-qualified DNB-BRDF,1,G2,10.0
146,0,0.95,10.163832,29.385345,34.588097,27.863391316769484,47.59002814561427,36.0,9,2014-04-03,2014-04-03,2014-04-03,1.1293146345350478,observed,Palo Centre,POI 5×5,Reliability-qualified DNB-BRDF,1,G2,10.0
147,0,0.95,45.21551,66.127266,68.3765,52.959243316625574,95.43002786527128,100.0,25,2014-04-04,2014-04-04,2014-04-04,1.8086204528808594,observed,Palo Centre,POI 5×5,Reliability-qualified DNB-BRDF,1,G2,10.0
148,0,0.95,89.93184,66.127266,135.99812,105.33380464839155,189.80648671004337,100.0,25,2014-04-05,2014-04-05,2014-04-05,3.5972735595703127,observed,Palo Centre,POI 5×5,Reliability-qualified DNB-BRDF,1,G2,10.0
149,0,0.95,,,,,,0.0,0,2014-04-06,2014-04-06,2014-04-06,,not observable,Palo Centre,POI 5×5,Reliability-qualified DNB-BRDF,1,G2,10.0
150,0,0.95,,,,,,0.0,0,2014-04-07,2014-04-07,2014-04-07,,not observable,Palo Centre,POI 5×5,Reliability-qualified DNB-BRDF,1,G2,10.0
151,0,0.95,7.042948,7.581413,92.89757,59.22764272247989,167.26332897269353,36.0,9,2014-04-08,2014-04-08,2014-04-08,0.7825497521294488,observed,Palo Centre,POI 5×5,Reliability-qualified DNB-BRDF,1,G2,10.0
152,0,0.95,,,,,,0.0,0,2014-04-09,2014-04-09,2014-04-09,,not observable,Palo Centre,POI 5×5,Reliability-qualified DNB-BRDF,1,G2,10.0
153,0,0.95,30.116526,32.554497,92.51111,76.43720721765203,125.67022440107574,24.0,6,2014-04-10,2014-04-10,2014-04-10,5.019420941670735,observed,Palo Centre,POI 5×5,Reliability-qualified DNB-BRDF,1,G2,10.0
154,0,0.95,,,,,,0.0,0,2014-04-11,2014-04-11,2014-04-11,,not observable,Palo Centre,POI 5×5,Reliability-qualified DNB-BRDF,1,G2,10.0
155,0,0.95,,,,,,0.0,0,2014-04-12,2014-04-12,2014-04-12,,not observable,Palo Centre,POI 5×5,Reliability-qualified DNB-BRDF,1,G2,10.0
156,0,0.95,,,,,,0.0,0,2014-04-13,2014-04-13,2014-04-13,,not observable,Palo Centre,POI 5×5,Reliability-qualified DNB-BRDF,1,G2,10.0
157,0,0.95,,,,,,0.0,0,2014-04-14,2014-04-14,2014-04-14,,not observable,Palo Centre,POI 5×5,Reliability-qualified DNB-BRDF,1,G2,10.0
158,0,0.95,,,,,,0.0,0,2014-04-15,2014-04-15,2014-04-15,,not observable,Palo Centre,POI 5×5,Reliability-qualified DNB-BRDF,1,G2,10.0
159,0,0.95,,,,,,0.0,0,2014-04-16,2014-04-16,2014-04-16,,not observable,Palo Centre,POI 5×5,Reliability-qualified DNB-BRDF,1,G2,10.0
160,0,0.95,,,,,,0.0,0,2014-04-17,2014-04-17,2014-04-17,,not observable,Palo Centre,POI 5×5,Reliability-qualified DNB-BRDF,1,G2,10.0
161,0,0.95,30.410767,62.72618,48.481777,37.91272239110407,67.91679053720478,88.0,22,2014-04-18,2014-04-18,2014-04-18,1.3823075727982954,observed,Palo Centre,POI 5×5,Reliability-qualified DNB-BRDF,1,G2,10.0
162,0,0.95,25.032335,61.863262,40.463978,32.01938894155934,56.933335128690466,96.0,24,2014-04-19,2014-04-19,2014-04-19,1.0430139700571697,observed,Palo Centre,POI 5×5,Reliability-qualified DNB-BRDF,1,G2,10.0
163,0,0.95,,,,,,0.0,0,2014-04-20,2014-04-20,2014-04-20,,not observable,Palo Centre,POI 5×5,Reliability-qualified DNB-BRDF,1,G2,10.0
164,0,0.95,35.968575,39.935608,90.06642,74.98472243250902,119.79052931563604,44.0,11,2014-04-21,2014-04-21,2014-04-21,3.26987041126598,observed,Palo Centre,POI 5×5,Reliability-qualified DNB-BRDF,1,G2,10.0
165,0,0.95,24.968216,48.10264,51.906124,42.60538000650678,68.85401974589294,36.0,9,2014-04-22,2014-04-22,2014-04-22,2.7742462158203125,observed,Palo Centre,POI 5×5,Reliability-qualified DNB-BRDF,1,G2,10.0
166,0,0.95,22.902287,54.576614,41.963554,32.2860762856961,57.220605067324286,84.0,21,2014-04-23,2014-04-23,2014-04-23,1.0905850728352864,observed,Palo Centre,POI 5×5,Reliability-qualified DNB-BRDF,1,G2,10.0
167,0,0.95,41.709415,66.127266,63.07446,48.85268077826792,88.0301982430281,100.0,25,2014-04-24,2014-04-24,2014-04-24,1.6683766174316406,observed,Palo Centre,POI 5×5,Reliability-qualified DNB-BRDF,1,G2,10.0
168,0,0.95,39.419746,66.127266,59.61194,46.170878099430084,83.19771786107538,100.0,25,2014-04-25,2014-04-25,2014-04-25,1.5767898559570312,observed,Palo Centre,POI 5×5,Reliability-qualified DNB-BRDF,1,G2,10.0
169,0,0.95,20.796928,45.735157,45.47252,33.50921309130337,62.205750163777765,84.0,21,2014-04-26,2014-04-26,2014-04-26,0.9903299240838914,observed,Palo Centre,POI 5×5,Reliability-qualified DNB-BRDF,1,G2,10.0
170,0,0.95,69.28882,66.127266,104.78101,81.15540821891487,146.23817076550296,100.0,25,2014-04-27,2014-04-27,2014-04-27,2.771552734375,observed,Palo Centre,POI 5×5,Reliability-qualified DNB-BRDF,1,G2,10.0
171,0,0.95,16.564884,30.38732,54.51249,44.921315751116815,75.29346998468814,40.0,10,2014-04-28,2014-04-28,2014-04-28,1.6564884185791016,observed,Palo Centre,POI 5×5,Reliability-qualified DNB-BRDF,1,G2,10.0
172,0,0.95,17.910519,39.900764,44.887657,34.05827459503323,62.38986645441469,76.0,19,2014-04-29,2014-04-29,2014-04-29,0.9426588761179071,observed,Palo Centre,POI 5×5,Reliability-qualified DNB-BRDF,1,G2,10.0
173,0,0.95,49.12804,66.127266,74.29317,57.54184293045479,103.6876535686547,100.0,25,2014-04-30,2014-04-30,2014-04-30,1.9651216125488282,observed,Palo Centre,POI 5×5,Reliability-qualified DNB-BRDF,1,G2,10.0
174,0,0.95,46.850315,66.127266,70.84872,54.87402906292207,98.88038035676419,100.0,25,2014-05-01,2014-05-01,2014-05-01,1.8740126037597655,observed,Palo Centre,POI 5×5,Reliability-qualified DNB-BRDF,1,G2,10.0
175,0,0.95,98.33919,66.127266,148.71202,115.18102419631963,207.55070617020348,100.0,25,2014-05-02,2014-05-02,2014-05-02,3.9335675048828125,observed,Palo Centre,POI 5×5,Reliability-qualified DNB-BRDF,1,G2,10.0
176,0,0.95,6.8990383,12.82974,53.773796,42.66797494823829,69.53127662398425,12.0,3,2014-05-03,2014-05-03,2014-05-03,2.299679438273112,observed,Palo Centre,POI 5×5,Reliability-qualified DNB-BRDF,1,G2,10.0
177,0,0.95,37.20324,66.127266,56.26006,43.574766898184286,78.51964943031942,100.0,25,2014-05-04,2014-05-04,2014-05-04,1.4881295776367187,observed,Palo Centre,POI 5×5,Reliability-qualified DNB-BRDF,1,G2,10.0
178,0,0.95,,,,,,0.0,0,2014-05-05,2014-05-05,2014-05-05,,not observable,Palo Centre,POI 5×5,Reliability-qualified DNB-BRDF,1,G2,10.0
179,0,0.95,21.679144,26.073078,83.14761,61.268638707206144,123.709899962854,60.0,15,2014-05-06,2014-05-06,2014-05-06,1.4452762603759766,observed,Palo Centre,POI 5×5,Reliability-qualified DNB-BRDF,1,G2,10.0
180,0,0.95,73.24996,66.127266,110.771194,85.79494675561968,154.59839768930317,100.0,25,2014-05-07,2014-05-07,2014-05-07,2.929998474121094,observed,Palo Centre,POI 5×5,Reliability-qualified DNB-BRDF,1,G2,10.0
181,0,0.95,47.34533,58.269444,81.25241,64.38416862090547,109.31368502229135,68.0,17,2014-05-08,2014-05-08,2014-05-08,2.785019369686351,observed,Palo Centre,POI 5×5,Reliability-qualified DNB-BRDF,1,G2,10.0
182,0,0.95,,,,,,0.0,0,2014-05-09,2014-05-09,2014-05-09,,not observable,Palo Centre,POI 5×5,Reliability-qualified DNB-BRDF,1,G2,10.0
183,0,0.95,37.355434,56.45751,66.16557,50.623793180699344,93.31970584204895,84.0,21,2014-05-10,2014-05-10,2014-05-10,1.7788302103678386,observed,Palo Centre,POI 5×5,Reliability-qualified DNB-BRDF,1,G2,10.0
184,0,0.95,,,,,,0.0,0,2014-05-11,2014-05-11,2014-05-11,,not observable,Palo Centre,POI 5×5,Reliability-qualified DNB-BRDF,1,G2,10.0
185,0,0.95,32.72493,51.431515,63.628166,51.67437652025892,83.34604927771058,52.0,13,2014-05-12,2014-05-12,2014-05-12,2.51730229304387,observed,Palo Centre,POI 5×5,Reliability-qualified DNB-BRDF,1,G2,10.0
186,0,0.95,38.90166,57.997047,67.07524,52.10090183972701,91.66849695031028,88.0,22,2014-05-13,2014-05-13,2014-05-13,1.7682573145086116,observed,Palo Centre,POI 5×5,Reliability-qualified DNB-BRDF,1,G2,10.0
187,0,0.95,21.71329,52.997047,40.970753,32.475451518736214,58.020333394671404,84.0,21,2014-05-14,2014-05-14,2014-05-14,1.0339661552792503,observed,Palo Centre,POI 5×5,Reliability-qualified DNB-BRDF,1,G2,10.0
188,0,0.95,34.45106,57.68378,59.724003,45.480592752430425,83.95845535517465,92.0,23,2014-05-15,2014-05-15,2014-05-15,1.4978722282077954,observed,Palo Centre,POI 5×5,Reliability-qualified DNB-BRDF,1,G2,10.0
189,0,0.95,21.502201,53.760036,39.996628,30.905691236705138,54.887037450774436,84.0,21,2014-05-16,2014-05-16,2014-05-16,1.0239143371582031,observed,Palo Centre,POI 5×5,Reliability-qualified DNB-BRDF,1,G2,10.0
190,0,0.95,37.81146,55.27829,68.402,52.64695469191183,98.07574445797576,88.0,22,2014-05-17,2014-05-17,2014-05-17,1.71870266307484,observed,Palo Centre,POI 5×5,Reliability-qualified DNB-BRDF,1,G2,10.0
191,0,0.95,54.050804,59.860916,90.29398,70.08289507727257,123.6825420527805,88.0,22,2014-05-18,2014-05-18,2014-05-18,2.4568547335538,observed,Palo Centre,POI 5×5,Reliability-qualified DNB-BRDF,1,G2,10.0
192,0,0.95,32.73992,59.208454,55.296024,43.25523963464549,76.2789311582123,88.0,22,2014-05-19,2014-05-19,2014-05-19,1.4881782531738281,observed,Palo Centre,POI 5×5,Reliability-qualified DNB-BRDF,1,G2,10.0
193,0,0.95,,,,,,0.0,0,2014-05-20,2014-05-20,2014-05-20,,not observable,Palo Centre,POI 5×5,Reliability-qualified DNB-BRDF,1,G2,10.0
194,0,0.95,7.583397,14.526792,52.202835,41.70277856921869,74.67297940301964,20.0,5,2014-05-21,2014-05-21,2014-05-21,1.5166793823242188,observed,Palo Centre,POI 5×5,Reliability-qualified DNB-BRDF,1,G2,10.0
195,0,0.95,63.553623,66.127266,96.10805,74.43798789306848,134.13370006818434,100.0,25,2014-05-22,2014-05-22,2014-05-22,2.5421449279785158,observed,Palo Centre,POI 5×5,Reliability-qualified DNB-BRDF,1,G2,10.0
196,0,0.95,103.01378,66.127266,155.7811,120.6561969010681,217.41670596664113,100.0,25,2014-05-23,2014-05-23,2014-05-23,4.1205511474609375,observed,Palo Centre,POI 5×5,Reliability-qualified DNB-BRDF,1,G2,10.0
197,0,0.95,,,,,,0.0,0,2014-05-24,2014-05-24,2014-05-24,,not observable,Palo Centre,POI 5×5,Reliability-qualified DNB-BRDF,1,G2,10.0
198,0,0.95,,,,,,0.0,0,2014-05-25,2014-05-25,2014-05-25,,not observable,Palo Centre,POI 5×5,Reliability-qualified DNB-BRDF,1,G2,10.0
199,0,0.95,42.200554,66.127266,63.817173,49.427932039561654,89.06677354994075,100.0,25,2014-05-26,2014-05-26,2014-05-26,1.6880221557617188,observed,Palo Centre,POI 5×5,Reliability-qualified DNB-BRDF,1,G2,10.0
200,0,0.95,21.700352,30.836916,70.371346,51.823399566615336,102.66665849748105,68.0,17,2014-05-27,2014-05-27,2014-05-27,1.2764912773581112,observed,Palo Centre,POI 5×5,Reliability-qualified DNB-BRDF,1,G2,10.0
201,0,0.95,71.872406,66.127266,108.688,84.18146948177196,151.69098867889284,100.0,25,2014-05-28,2014-05-28,2014-05-28,2.874896240234375,observed,Palo Centre,POI 5×5,Reliability-qualified DNB-BRDF,1,G2,10.0
202,0,0.95,,,,,,0.0,0,2014-05-29,2014-05-29,2014-05-29,,not observable,Palo Centre,POI 5×5,Reliability-qualified DNB-BRDF,1,G2,10.0
203,0,0.95,23.474098,45.93376,51.10424,39.36882495564474,73.38351685112211,80.0,20,2014-05-30,2014-05-30,2014-05-30,1.1737049102783204,observed,Palo Centre,POI 5×5,Reliability-qualified DNB-BRDF,1,G2,10.0
204,0,0.95,5.6950927,6.472175,87.99349,60.227753796458,136.98514849424674,28.0,7,2014-05-31,2014-05-31,2014-05-31,0.8135846682957241,observed,Palo Centre,POI 5×5,Reliability-qualified DNB-BRDF,1,G2,10.0
205,0,0.95,36.821228,40.86647,90.10132,65.7551282424957,126.67554565140567,84.0,21,2014-06-01,2014-06-01,2014-06-01,1.7533918108258928,observed,Palo Centre,POI 5×5,Reliability-qualified DNB-BRDF,1,G2,10.0
206,0,0.95,68.86607,66.127266,104.14172,80.66026377689779,145.34594412214776,100.0,25,2014-06-02,2014-06-02,2014-06-02,2.7546429443359375,observed,Palo Centre,POI 5×5,Reliability-qualified DNB-BRDF,1,G2,10.0
207,0,0.95,76.759575,66.127266,116.07855,89.90562701439421,162.00564724713294,100.0,25,2014-06-03,2014-06-03,2014-06-03,3.0703829956054687,observed,Palo Centre,POI 5×5,Reliability-qualified DNB-BRDF,1,G2,10.0
208,0,0.95,,,,,,0.0,0,2014-06-04,2014-06-04,2014-06-04,,not observable,Palo Centre,POI 5×5,Reliability-qualified DNB-BRDF,1,G2,10.0
209,0,0.95,38.250103,66.127266,57.843163,44.80091823579152,80.7291155968831,100.0,25,2014-06-05,2014-06-05,2014-06-05,1.530004119873047,observed,Palo Centre,POI 5×5,Reliability-qualified DNB-BRDF,1,G2,10.0
210,0,0.95,34.391632,66.127266,52.008247,40.28163429242791,72.5855817086096,100.0,25,2014-06-06,2014-06-06,2014-06-06,1.375665283203125,observed,Palo Centre,POI 5×5,Reliability-qualified DNB-BRDF,1,G2,10.0
211,0,0.95,57.7189,66.127266,87.28457,67.6039903269754,121.8191627500365,100.0,25,2014-06-07,2014-06-07,2014-06-07,2.3087559509277344,observed,Palo Centre,POI 5×5,Reliability-qualified DNB-BRDF,1,G2,10.0
212,0,0.95,,,,,,0.0,0,2014-06-08,2014-06-08,2014-06-08,,not observable,Palo Centre,POI 5×5,Reliability-qualified DNB-BRDF,1,G2,10.0
213,0,0.95,,,,,,0.0,0,2014-06-09,2014-06-09,2014-06-09,,not observable,Palo Centre,POI 5×5,Reliability-qualified DNB-BRDF,1,G2,10.0
214,0,0.95,,,,,,0.0,0,2014-06-10,2014-06-10,2014-06-10,,not observable,Palo Centre,POI 5×5,Reliability-qualified DNB-BRDF,1,G2,10.0
215,0,0.95,,,,,,0.0,0,2014-06-11,2014-06-11,2014-06-11,,not observable,Palo Centre,POI 5×5,Reliability-qualified DNB-BRDF,1,G2,10.0
216,0,0.95,,,,,,0.0,0,2014-06-12,2014-06-12,2014-06-12,,not observable,Palo Centre,POI 5×5,Reliability-qualified DNB-BRDF,1,G2,10.0
217,0,0.95,,,,,,0.0,0,2014-06-13,2014-06-13,2014-06-13,,not observable,Palo Centre,POI 5×5,Reliability-qualified DNB-BRDF,1,G2,10.0
218,0,0.95,,,,,,0.0,0,2014-06-14,2014-06-14,2014-06-14,,not observable,Palo Centre,POI 5×5,Reliability-qualified DNB-BRDF,1,G2,10.0
219,0,0.95,,,,,,0.0,0,2014-06-15,2014-06-15,2014-06-15,,not observable,Palo Centre,POI 5×5,Reliability-qualified DNB-BRDF,1,G2,10.0
220,0,0.95,,,,,,0.0,0,2014-06-16,2014-06-16,2014-06-16,,not observable,Palo Centre,POI 5×5,Reliability-qualified DNB-BRDF,1,G2,10.0
221,0,0.95,16.590485,40.485344,40.97899,31.004665304301863,58.74338687428293,76.0,19,2014-06-17,2014-06-17,2014-06-17,0.8731834010074013,observed,Palo Centre,POI 5×5,Reliability-qualified DNB-BRDF,1,G2,10.0
222,0,0.95,,,,,,0.0,0,2014-06-18,2014-06-18,2014-06-18,,not observable,Palo Centre,POI 5×5,Reliability-qualified DNB-BRDF,1,G2,10.0
223,0,0.95,,,,,,0.0,0,2014-06-19,2014-06-19,2014-06-19,,not observable,Palo Centre,POI 5×5,Reliability-qualified DNB-BRDF,1,G2,10.0
224,0,0.95,,,,,,0.0,0,2014-06-20,2014-06-20,2014-06-20,,not observable,Palo Centre,POI 5×5,Reliability-qualified DNB-BRDF,1,G2,10.0
225,0,0.95,,,,,,0.0,0,2014-06-21,2014-06-21,2014-06-21,,not observable,Palo Centre,POI 5×5,Reliability-qualified DNB-BRDF,1,G2,10.0
226,0,0.95,40.029633,66.127266,60.534233,46.88521680591608,84.48492210335729,100.0,25,2014-06-22,2014-06-22,2014-06-22,1.601185302734375,observed,Palo Centre,POI 5×5,Reliability-qualified DNB-BRDF,1,G2,10.0
227,0,0.95,56.727104,66.127266,85.784744,66.4423413639817,119.72592678279692,100.0,25,2014-06-23,2014-06-23,2014-06-23,2.269084167480469,observed,Palo Centre,POI 5×5,Reliability-qualified DNB-BRDF,1,G2,10.0
228,0,0.95,,,,,,0.0,0,2014-06-24,2014-06-24,2014-06-24,,not observable,Palo Centre,POI 5×5,Reliability-qualified DNB-BRDF,1,G2,10.0
229,0,0.95,,,,,,0.0,0,2014-06-25,2014-06-25,2014-06-25,,not observable,Palo Centre,POI 5×5,Reliability-qualified DNB-BRDF,1,G2,10.0
230,0,0.95,,,,,,0.0,0,2014-06-26,2014-06-26,2014-06-26,,not observable,Palo Centre,POI 5×5,Reliability-qualified DNB-BRDF,1,G2,10.0
231,0,0.95,15.78613,25.04702,63.02598,45.2055830129245,101.40852102917566,56.0,14,2014-06-27,2014-06-27,2014-06-27,1.1275807108197893,observed,Palo Centre,POI 5×5,Reliability-qualified DNB-BRDF,1,G2,10.0
232,0,0.95,15.887248,26.233295,60.56139,43.583705332882616,97.3187746831918,64.0,16,2014-06-28,2014-06-28,2014-06-28,0.9929530024528503,observed,Palo Centre,POI 5×5,Reliability-qualified DNB-BRDF,1,G2,10.0
233,0,0.95,,,,,,0.0,0,2014-06-29,2014-06-29,2014-06-29,,not observable,Palo Centre,POI 5×5,Reliability-qualified DNB-BRDF,1,G2,10.0
234,0,0.95,,,,,,0.0,0,2014-06-30,2014-06-30,2014-06-30,,not observable,Palo Centre,POI 5×5,Reliability-qualified DNB-BRDF,1,G2,10.0
235,0,0.95,,,,,,0.0,0,2014-07-01,2014-07-01,2014-07-01,,not observable,Palo Centre,POI 5×5,Reliability-qualified DNB-BRDF,1,G2,10.0
236,0,0.95,,,,,,0.0,0,2014-07-02,2014-07-02,2014-07-02,,not observable,Palo Centre,POI 5×5,Reliability-qualified DNB-BRDF,1,G2,10.0
237,0,0.95,32.646618,58.535652,55.772198,44.02543825160213,79.68212238435028,92.0,23,2014-07-03,2014-07-03,2014-07-03,1.4194181691045347,observed,Palo Centre,POI 5×5,Reliability-qualified DNB-BRDF,1,G2,10.0
238,0,0.95,,,,,,0.0,0,2014-07-04,2014-07-04,2014-07-04,,not observable,Palo Centre,POI 5×5,Reliability-qualified DNB-BRDF,1,G2,10.0
239,0,0.95,8.815088,10.928645,80.66039,53.79902400806099,126.64525997558557,16.0,4,2014-07-05,2014-07-05,2014-07-05,2.2037720680236816,observed,Palo Centre,POI 5×5,Reliability-qualified DNB-BRDF,1,G2,10.0
240,0,0.95,,,,,,0.0,0,2014-07-06,2014-07-06,2014-07-06,,not observable,Palo Centre,POI 5×5,Reliability-qualified DNB-BRDF,1,G2,10.0
241,0,0.95,,,,,,0.0,0,2014-07-07,2014-07-07,2014-07-07,,not observable,Palo Centre,POI 5×5,Reliability-qualified DNB-BRDF,1,G2,10.0
242,0,0.95,,,,,,0.0,0,2014-07-08,2014-07-08,2014-07-08,,not observable,Palo Centre,POI 5×5,Reliability-qualified DNB-BRDF,1,G2,10.0
243,0,0.95,,,,,,0.0,0,2014-07-09,2014-07-09,2014-07-09,,not observable,Palo Centre,POI 5×5,Reliability-qualified DNB-BRDF,1,G2,10.0
244,0,0.95,,,,,,0.0,0,2014-07-10,2014-07-10,2014-07-10,,not observable,Palo Centre,POI 5×5,Reliability-qualified DNB-BRDF,1,G2,10.0
245,0,0.95,33.89117,54.666836,61.99585,47.80140060525175,84.65399493759612,88.0,22,2014-07-11,2014-07-11,2014-07-11,1.5405077500776811,observed,Palo Centre,POI 5×5,Reliability-qualified DNB-BRDF,1,G2,10.0
246,0,0.95,7.8203535,12.246439,63.85818,45.278985784877186,105.92716328991128,40.0,10,2014-07-12,2014-07-12,2014-07-12,0.7820353507995605,observed,Palo Centre,POI 5×5,Reliability-qualified DNB-BRDF,1,G2,10.0
247,0,0.95,6.780286,6.9559073,97.47521,70.27264659520883,139.95339415101782,20.0,5,2014-07-13,2014-07-13,2014-07-13,1.3560571670532227,observed,Palo Centre,POI 5×5,Reliability-qualified DNB-BRDF,1,G2,10.0
248,0,0.95,,,,,,0.0,0,2014-07-14,2014-07-14,2014-07-14,,not observable,Palo Centre,POI 5×5,Reliability-qualified DNB-BRDF,1,G2,10.0
249,0,0.95,,,,,,0.0,0,2014-07-15,2014-07-15,2014-07-15,,not observable,Palo Centre,POI 5×5,Reliability-qualified DNB-BRDF,1,G2,10.0
250,0,0.95,45.089935,58.855923,76.6107,61.44233923490066,103.36892924494568,80.0,20,2014-07-16,2014-07-16,2014-07-16,2.254496765136719,observed,Palo Centre,POI 5×5,Reliability-qualified DNB-BRDF,1,G2,10.0
251,0,0.95,44.933968,57.07164,78.732574,61.876483914568084,104.68765949524621,84.0,21,2014-07-17,2014-07-17,2014-07-17,2.1397127423967635,observed,Palo Centre,POI 5×5,Reliability-qualified DNB-BRDF,1,G2,10.0
252,0,0.95,,,,,,0.0,0,2014-07-18,2014-07-18,2014-07-18,,not observable,Palo Centre,POI 5×5,Reliability-qualified DNB-BRDF,1,G2,10.0
253,0,0.95,,,,,,0.0,0,2014-07-19,2014-07-19,2014-07-19,,not observable,Palo Centre,POI 5×5,Reliability-qualified DNB-BRDF,1,G2,10.0
254,0,0.95,,,,,,0.0,0,2014-07-20,2014-07-20,2014-07-20,,not observable,Palo Centre,POI 5×5,Reliability-qualified DNB-BRDF,1,G2,10.0
255,0,0.95,,,,,,0.0,0,2014-07-21,2014-07-21,2014-07-21,,not observable,Palo Centre,POI 5×5,Reliability-qualified DNB-BRDF,1,G2,10.0
256,0,0.95,,,,,,0.0,0,2014-07-22,2014-07-22,2014-07-22,,not observable,Palo Centre,POI 5×5,Reliability-qualified DNB-BRDF,1,G2,10.0
257,0,0.95,,,,,,4.0,1,2014-07-23,2014-07-23,2014-07-23,,not observable,Palo Centre,POI 5×5,Reliability-qualified DNB-BRDF,1,G2,10.0
258,0,0.95,,,,,,0.0,0,2014-07-24,2014-07-24,2014-07-24,,not observable,Palo Centre,POI 5×5,Reliability-qualified DNB-BRDF,1,G2,10.0
259,0,0.95,,,,,,0.0,0,2014-07-25,2014-07-25,2014-07-25,,not observable,Palo Centre,POI 5×5,Reliability-qualified DNB-BRDF,1,G2,10.0
260,0,0.95,,,,,,0.0,0,2014-07-26,2014-07-26,2014-07-26,,not observable,Palo Centre,POI 5×5,Reliability-qualified DNB-BRDF,1,G2,10.0
261,0,0.95,,,,,,0.0,0,2014-07-27,2014-07-27,2014-07-27,,not observable,Palo Centre,POI 5×5,Reliability-qualified DNB-BRDF,1,G2,10.0
262,0,0.95,,,,,,0.0,0,2014-07-28,2014-07-28,2014-07-28,,not observable,Palo Centre,POI 5×5,Reliability-qualified DNB-BRDF,1,G2,10.0
263,0,0.95,,,,,,0.0,0,2014-07-29,2014-07-29,2014-07-29,,not observable,Palo Centre,POI 5×5,Reliability-qualified DNB-BRDF,1,G2,10.0
264,0,0.95,,,,,,0.0,0,2014-07-30,2014-07-30,2014-07-30,,not observable,Palo Centre,POI 5×5,Reliability-qualified DNB-BRDF,1,G2,10.0
265,0,0.95,,,,,,0.0,0,2014-07-31,2014-07-31,2014-07-31,,not observable,Palo Centre,POI 5×5,Reliability-qualified DNB-BRDF,1,G2,10.0
266,0,0.95,,,,,,0.0,0,2014-08-01,2014-08-01,2014-08-01,,not observable,Palo Centre,POI 5×5,Reliability-qualified DNB-BRDF,1,G2,10.0
267,0,0.95,,,,,,0.0,0,2014-08-02,2014-08-02,2014-08-02,,not observable,Palo Centre,POI 5×5,Reliability-qualified DNB-BRDF,1,G2,10.0
268,0,0.95,,,,,,0.0,0,2014-08-03,2014-08-03,2014-08-03,,not observable,Palo Centre,POI 5×5,Reliability-qualified DNB-BRDF,1,G2,10.0
269,0,0.95,,,,,,0.0,0,2014-08-04,2014-08-04,2014-08-04,,not observable,Palo Centre,POI 5×5,Reliability-qualified DNB-BRDF,1,G2,10.0
270,0,0.95,,,,,,0.0,0,2014-08-05,2014-08-05,2014-08-05,,not observable,Palo Centre,POI 5×5,Reliability-qualified DNB-BRDF,1,G2,10.0
271,0,0.95,85.514984,66.127266,129.31879,100.16050660264918,180.4844506358315,100.0,25,2014-08-06,2014-08-06,2014-08-06,3.420599365234375,observed,Palo Centre,POI 5×5,Reliability-qualified DNB-BRDF,1,G2,10.0
272,0,0.95,,,,,,0.0,0,2014-08-07,2014-08-07,2014-08-07,,not observable,Palo Centre,POI 5×5,Reliability-qualified DNB-BRDF,1,G2,10.0
273,0,0.95,,,,,,0.0,0,2014-08-08,2014-08-08,2014-08-08,,not observable,Palo Centre,POI 5×5,Reliability-qualified DNB-BRDF,1,G2,10.0
274,0,0.95,24.485756,52.064125,47.03,36.633261176598474,67.5411482426586,84.0,21,2014-08-09,2014-08-09,2014-08-09,1.1659883771623885,observed,Palo Centre,POI 5×5,Reliability-qualified DNB-BRDF,1,G2,10.0
275,0,0.95,34.58614,56.35316,61.373913,47.07100831424305,87.21960849079441,88.0,22,2014-08-10,2014-08-10,2014-08-10,1.5720972581343218,observed,Palo Centre,POI 5×5,Reliability-qualified DNB-BRDF,1,G2,10.0
276,0,0.95,,,,,,0.0,0,2014-08-11,2014-08-11,2014-08-11,,not observable,Palo Centre,POI 5×5,Reliability-qualified DNB-BRDF,1,G2,10.0
277,0,0.95,,,,,,0.0,0,2014-08-12,2014-08-12,2014-08-12,,not observable,Palo Centre,POI 5×5,Reliability-qualified DNB-BRDF,1,G2,10.0
278,0,0.95,41.631397,63.345467,65.72119,50.72194524332983,91.32747980341783,96.0,24,2014-08-13,2014-08-13,2014-08-13,1.7346415519714355,observed,Palo Centre,POI 5×5,Reliability-qualified DNB-BRDF,1,G2,10.0
279,0,0.95,,,,,,0.0,0,2014-08-14,2014-08-14,2014-08-14,,not observable,Palo Centre,POI 5×5,Reliability-qualified DNB-BRDF,1,G2,10.0
280,0,0.95,,,,,,0.0,0,2014-08-15,2014-08-15,2014-08-15,,not observable,Palo Centre,POI 5×5,Reliability-qualified DNB-BRDF,1,G2,10.0
281,0,0.95,,,,,,0.0,0,2014-08-16,2014-08-16,2014-08-16,,not observable,Palo Centre,POI 5×5,Reliability-qualified DNB-BRDF,1,G2,10.0
282,0,0.95,,,,,,0.0,0,2014-08-17,2014-08-17,2014-08-17,,not observable,Palo Centre,POI 5×5,Reliability-qualified DNB-BRDF,1,G2,10.0
283,0,0.95,48.929108,64.02693,76.41957,59.59381785537811,105.0479546138199,96.0,24,2014-08-18,2014-08-18,2014-08-18,2.038712819417318,observed,Palo Centre,POI 5×5,Reliability-qualified DNB-BRDF,1,G2,10.0
284,0,0.95,32.397312,52.645508,61.53861,47.88647805834134,80.69142790617961,84.0,21,2014-08-19,2014-08-19,2014-08-19,1.5427291506812686,observed,Palo Centre,POI 5×5,Reliability-qualified DNB-BRDF,1,G2,10.0
285,0,0.95,,,,,,0.0,0,2014-08-20,2014-08-20,2014-08-20,,not observable,Palo Centre,POI 5×5,Reliability-qualified DNB-BRDF,1,G2,10.0
286,0,0.95,,,,,,0.0,0,2014-08-21,2014-08-21,2014-08-21,,not observable,Palo Centre,POI 5×5,Reliability-qualified DNB-BRDF,1,G2,10.0
287,0,0.95,104.46651,66.127266,157.97795,122.35771904410721,220.48276762754526,100.0,25,2014-08-22,2014-08-22,2014-08-22,4.178660278320312,observed,Palo Centre,POI 5×5,Reliability-qualified DNB-BRDF,1,G2,10.0
288,0,0.95,64.20499,66.127266,97.093056,75.20090426236135,135.50843893945583,100.0,25,2014-08-23,2014-08-23,2014-08-23,2.568199462890625,observed,Palo Centre,POI 5×5,Reliability-qualified DNB-BRDF,1,G2,10.0
289,0,0.95,6.8850794,6.6837792,103.01177,65.00553621256275,155.0162157237342,36.0,9,2014-08-24,2014-08-24,2014-08-24,0.7650088204277886,observed,Palo Centre,POI 5×5,Reliability-qualified DNB-BRDF,1,G2,10.0
290,0,0.95,,,,,,0.0,0,2014-08-25,2014-08-25,2014-08-25,,not observable,Palo Centre,POI 5×5,Reliability-qualified DNB-BRDF,1,G2,10.0
291,0,0.95,,,,,,0.0,0,2014-08-26,2014-08-26,2014-08-26,,not observable,Palo Centre,POI 5×5,Reliability-qualified DNB-BRDF,1,G2,10.0
292,0,0.95,,,,,,0.0,0,2014-08-27,2014-08-27,2014-08-27,,not observable,Palo Centre,POI 5×5,Reliability-qualified DNB-BRDF,1,G2,10.0
293,0,0.95,,,,,,0.0,0,2014-08-28,2014-08-28,2014-08-28,,not observable,Palo Centre,POI 5×5,Reliability-qualified DNB-BRDF,1,G2,10.0
294,0,0.95,,,,,,0.0,0,2014-08-29,2014-08-29,2014-08-29,,not observable,Palo Centre,POI 5×5,Reliability-qualified DNB-BRDF,1,G2,10.0
295,0,0.95,,,,,,0.0,0,2014-08-30,2014-08-30,2014-08-30,,not observable,Palo Centre,POI 5×5,Reliability-qualified DNB-BRDF,1,G2,10.0
296,0,0.95,,,,,,0.0,0,2014-08-31,2014-08-31,2014-08-31,,not observable,Palo Centre,POI 5×5,Reliability-qualified DNB-BRDF,1,G2,10.0
297,0,0.95,,,,,,0.0,0,2014-09-01,2014-09-01,2014-09-01,,not observable,Palo Centre,POI 5×5,Reliability-qualified DNB-BRDF,1,G2,10.0
298,0,0.95,,,,,,0.0,0,2014-09-02,2014-09-02,2014-09-02,,not observable,Palo Centre,POI 5×5,Reliability-qualified DNB-BRDF,1,G2,10.0
299,0,0.95,,,,,,0.0,0,2014-09-03,2014-09-03,2014-09-03,,not observable,Palo Centre,POI 5×5,Reliability-qualified DNB-BRDF,1,G2,10.0
300,0,0.95,,,,,,0.0,0,2014-09-04,2014-09-04,2014-09-04,,not observable,Palo Centre,POI 5×5,Reliability-qualified DNB-BRDF,1,G2,10.0
301,0,0.95,,,,,,0.0,0,2014-09-05,2014-09-05,2014-09-05,,not observable,Palo Centre,POI 5×5,Reliability-qualified DNB-BRDF,1,G2,10.0
302,0,0.95,,,,,,0.0,0,2014-09-06,2014-09-06,2014-09-06,,not observable,Palo Centre,POI 5×5,Reliability-qualified DNB-BRDF,1,G2,10.0
303,0,0.95,,,,,,0.0,0,2014-09-07,2014-09-07,2014-09-07,,not observable,Palo Centre,POI 5×5,Reliability-qualified DNB-BRDF,1,G2,10.0
304,0,0.95,,,,,,0.0,0,2014-09-08,2014-09-08,2014-09-08,,not observable,Palo Centre,POI 5×5,Reliability-qualified DNB-BRDF,1,G2,10.0
305,0,0.95,,,,,,0.0,0,2014-09-09,2014-09-09,2014-09-09,,not observable,Palo Centre,POI 5×5,Reliability-qualified DNB-BRDF,1,G2,10.0
306,0,0.95,19.243032,38.033257,50.59528,37.20783666392782,74.57393993942283,76.0,19,2014-09-10,2014-09-10,2014-09-10,1.0127911818654913,observed,Palo Centre,POI 5×5,Reliability-qualified DNB-BRDF,1,G2,10.0
307,0,0.95,,,,,,0.0,0,2014-09-11,2014-09-11,2014-09-11,,not observable,Palo Centre,POI 5×5,Reliability-qualified DNB-BRDF,1,G2,10.0
308,0,0.95,,,,,,0.0,0,2014-09-12,2014-09-12,2014-09-12,,not observable,Palo Centre,POI 5×5,Reliability-qualified DNB-BRDF,1,G2,10.0
309,0,0.95,,,,,,0.0,0,2014-09-13,2014-09-13,2014-09-13,,not observable,Palo Centre,POI 5×5,Reliability-qualified DNB-BRDF,1,G2,10.0
310,0,0.95,,,,,,0.0,0,2014-09-14,2014-09-14,2014-09-14,,not observable,Palo Centre,POI 5×5,Reliability-qualified DNB-BRDF,1,G2,10.0
311,0,0.95,39.285686,64.55688,60.854378,47.27419750933954,85.27624749224347,96.0,24,2014-09-15,2014-09-15,2014-09-15,1.6369036038716633,observed,Palo Centre,POI 5×5,Reliability-qualified DNB-BRDF,1,G2,10.0
312,0,0.95,,,,,,0.0,0,2014-09-16,2014-09-16,2014-09-16,,not observable,Palo Centre,POI 5×5,Reliability-qualified DNB-BRDF,1,G2,10.0
313,0,0.95,,,,,,0.0,0,2014-09-17,2014-09-17,2014-09-17,,not observable,Palo Centre,POI 5×5,Reliability-qualified DNB-BRDF,1,G2,10.0
314,0,0.95,,,,,,0.0,0,2014-09-18,2014-09-18,2014-09-18,,not observable,Palo Centre,POI 5×5,Reliability-qualified DNB-BRDF,1,G2,10.0
315,0,0.95,,,,,,0.0,0,2014-09-19,2014-09-19,2014-09-19,,not observable,Palo Centre,POI 5×5,Reliability-qualified DNB-BRDF,1,G2,10.0
316,0,0.95,,,,,,0.0,0,2014-09-20,2014-09-20,2014-09-20,,not observable,Palo Centre,POI 5×5,Reliability-qualified DNB-BRDF,1,G2,10.0
317,0,0.95,,,,,,0.0,0,2014-09-21,2014-09-21,2014-09-21,,not observable,Palo Centre,POI 5×5,Reliability-qualified DNB-BRDF,1,G2,10.0
318,0,0.95,,,,,,0.0,0,2014-09-22,2014-09-22,2014-09-22,,not observable,Palo Centre,POI 5×5,Reliability-qualified DNB-BRDF,1,G2,10.0
319,0,0.95,101.59339,66.127266,153.63313,118.99254634775198,214.41888710220144,100.0,25,2014-09-23,2014-09-23,2014-09-23,4.063735656738281,observed,Palo Centre,POI 5×5,Reliability-qualified DNB-BRDF,1,G2,10.0
320,0,0.95,,,,,,0.0,0,2014-09-24,2014-09-24,2014-09-24,,not observable,Palo Centre,POI 5×5,Reliability-qualified DNB-BRDF,1,G2,10.0
321,0,0.95,,,,,,0.0,0,2014-09-25,2014-09-25,2014-09-25,,not observable,Palo Centre,POI 5×5,Reliability-qualified DNB-BRDF,1,G2,10.0
322,0,0.95,,,,,,0.0,0,2014-09-26,2014-09-26,2014-09-26,,not observable,Palo Centre,POI 5×5,Reliability-qualified DNB-BRDF,1,G2,10.0
323,0,0.95,17.346687,11.350596,152.82622,97.50174875385821,250.87273592409088,52.0,13,2014-09-27,2014-09-27,2014-09-27,1.3343605628380408,observed,Palo Centre,POI 5×5,Reliability-qualified DNB-BRDF,1,G2,10.0
324,0,0.95,,,,,,0.0,0,2014-09-28,2014-09-28,2014-09-28,,not observable,Palo Centre,POI 5×5,Reliability-qualified DNB-BRDF,1,G2,10.0
325,0,0.95,,,,,,0.0,0,2014-09-29,2014-09-29,2014-09-29,,not observable,Palo Centre,POI 5×5,Reliability-qualified DNB-BRDF,1,G2,10.0
326,0,0.95,,,,,,0.0,0,2014-09-30,2014-09-30,2014-09-30,,not observable,Palo Centre,POI 5×5,Reliability-qualified DNB-BRDF,1,G2,10.0
327,0,0.95,,,,,,0.0,0,2014-10-01,2014-10-01,2014-10-01,,not observable,Palo Centre,POI 5×5,Reliability-qualified DNB-BRDF,1,G2,10.0
328,0,0.95,,,,,,0.0,0,2014-10-02,2014-10-02,2014-10-02,,not observable,Palo Centre,POI 5×5,Reliability-qualified DNB-BRDF,1,G2,10.0
329,0,0.95,,,,,,0.0,0,2014-10-03,2014-10-03,2014-10-03,,not observable,Palo Centre,POI 5×5,Reliability-qualified DNB-BRDF,1,G2,10.0
330,0,0.95,,,,,,0.0,0,2014-10-04,2014-10-04,2014-10-04,,not observable,Palo Centre,POI 5×5,Reliability-qualified DNB-BRDF,1,G2,10.0
331,0,0.95,,,,,,0.0,0,2014-10-05,2014-10-05,2014-10-05,,not observable,Palo Centre,POI 5×5,Reliability-qualified DNB-BRDF,1,G2,10.0
332,0,0.95,14.219824,31.944231,44.51453,31.8767725739252,62.31480179800387,72.0,18,2014-10-06,2014-10-06,2014-10-06,0.7899902131822374,observed,Palo Centre,POI 5×5,Reliability-qualified DNB-BRDF,1,G2,10.0
333,0,0.95,,,,,,0.0,0,2014-10-07,2014-10-07,2014-10-07,,not observable,Palo Centre,POI 5×5,Reliability-qualified DNB-BRDF,1,G2,10.0
334,0,0.95,,,,,,0.0,0,2014-10-08,2014-10-08,2014-10-08,,not observable,Palo Centre,POI 5×5,Reliability-qualified DNB-BRDF,1,G2,10.0
335,0,0.95,,,,,,0.0,0,2014-10-09,2014-10-09,2014-10-09,,not observable,Palo Centre,POI 5×5,Reliability-qualified DNB-BRDF,1,G2,10.0
336,0,0.95,,,,,,0.0,0,2014-10-10,2014-10-10,2014-10-10,,not observable,Palo Centre,POI 5×5,Reliability-qualified DNB-BRDF,1,G2,10.0
337,0,0.95,,,,,,0.0,0,2014-10-11,2014-10-11,2014-10-11,,not observable,Palo Centre,POI 5×5,Reliability-qualified DNB-BRDF,1,G2,10.0
338,0,0.95,15.467465,34.171947,45.263638,34.04451097804765,66.70973718756683,76.0,19,2014-10-12,2014-10-12,2014-10-12,0.8140771263524106,observed,Palo Centre,POI 5×5,Reliability-qualified DNB-BRDF,1,G2,10.0
339,0,0.95,52.939514,62.60694,84.55853,66.16760194389853,117.88413674010573,88.0,22,2014-10-13,2014-10-13,2014-10-13,2.406341552734375,observed,Palo Centre,POI 5×5,Reliability-qualified DNB-BRDF,1,G2,10.0
340,0,0.95,,,,,,0.0,0,2014-10-14,2014-10-14,2014-10-14,,not observable,Palo Centre,POI 5×5,Reliability-qualified DNB-BRDF,1,G2,10.0
341,0,0.95,,,,,,0.0,0,2014-10-15,2014-10-15,2014-10-15,,not observable,Palo Centre,POI 5×5,Reliability-qualified DNB-BRDF,1,G2,10.0
342,0,0.95,47.8954,55.993263,85.53779,65.47215130004501,122.36821296239644,88.0,22,2014-10-16,2014-10-16,2014-10-16,2.177063681862571,observed,Palo Centre,POI 5×5,Reliability-qualified DNB-BRDF,1,G2,10.0
343,0,0.95,,,,,,0.0,0,2014-10-17,2014-10-17,2014-10-17,,not observable,Palo Centre,POI 5×5,Reliability-qualified DNB-BRDF,1,G2,10.0
344,0,0.95,38.21904,66.127266,57.796192,44.76453646019158,80.66355737433575,100.0,25,2014-10-18,2014-10-18,2014-10-18,1.5287615966796875,observed,Palo Centre,POI 5×5,Reliability-qualified DNB-BRDF,1,G2,10.0
345,0,0.95,,,,,,0.0,0,2014-10-19,2014-10-19,2014-10-19,,not observable,Palo Centre,POI 5×5,Reliability-qualified DNB-BRDF,1,G2,10.0
346,0,0.95,60.53098,66.127266,91.5371,70.89768054070491,127.75423525469033,100.0,25,2014-10-20,2014-10-20,2014-10-20,2.4212391662597654,observed,Palo Centre,POI 5×5,Reliability-qualified DNB-BRDF,1,G2,10.0
347,0,0.95,61.44983,66.127266,92.92661,71.97389252410457,129.69351786397428,100.0,25,2014-10-21,2014-10-21,2014-10-21,2.4579931640625,observed,Palo Centre,POI 5×5,Reliability-qualified DNB-BRDF,1,G2,10.0
348,0,0.95,,,,,,8.0,2,2014-10-22,2014-10-22,2014-10-22,,not observable,Palo Centre,POI 5×5,Reliability-qualified DNB-BRDF,1,G2,10.0
349,0,0.95,18.529743,43.159668,42.933006,33.04532059318597,64.0388098151497,68.0,17,2014-10-23,2014-10-23,2014-10-23,1.0899848937988281,observed,Palo Centre,POI 5×5,Reliability-qualified DNB-BRDF,1,G2,10.0
350,0,0.95,20.074226,13.087806,153.38115,104.70518384291955,238.9470183243416,48.0,12,2014-10-24,2014-10-24,2014-10-24,1.6728521982828777,observed,Palo Centre,POI 5×5,Reliability-qualified DNB-BRDF,1,G2,10.0
351,0,0.95,118.23305,66.127266,178.79622,138.48195728118452,249.53787506310604,100.0,25,2014-10-25,2014-10-25,2014-10-25,4.729321899414063,observed,Palo Centre,POI 5×5,Reliability-qualified DNB-BRDF,1,G2,10.0
352,0,0.95,,,,,,0.0,0,2014-10-26,2014-10-26,2014-10-26,,not observable,Palo Centre,POI 5×5,Reliability-qualified DNB-BRDF,1,G2,10.0
353,0,0.95,,,,,,0.0,0,2014-10-27,2014-10-27,2014-10-27,,not observable,Palo Centre,POI 5×5,Reliability-qualified DNB-BRDF,1,G2,10.0
354,0,0.95,,,,,,0.0,0,2014-10-28,2014-10-28,2014-10-28,,not observable,Palo Centre,POI 5×5,Reliability-qualified DNB-BRDF,1,G2,10.0
355,0,0.95,,,,,,0.0,0,2014-10-29,2014-10-29,2014-10-29,,not observable,Palo Centre,POI 5×5,Reliability-qualified DNB-BRDF,1,G2,10.0
356,0,0.95,101.61977,53.030983,191.62338,142.9147048876617,262.82355514557156,92.0,23,2014-10-30,2014-10-30,2014-10-30,4.418250705884851,observed,Palo Centre,POI 5×5,Reliability-qualified DNB-BRDF,1,G2,10.0
357,0,0.95,19.098858,9.25026,206.46832,131.55708158674867,312.501206392198,48.0,12,2014-10-31,2014-10-31,2014-10-31,1.5915714899698894,observed,Palo Centre,POI 5×5,Reliability-qualified DNB-BRDF,1,G2,10.0
358,0,0.95,,,,,,0.0,0,2014-11-01,2014-11-01,2014-11-01,,not observable,Palo Centre,POI 5×5,Reliability-qualified DNB-BRDF,1,G2,10.0
359,0,0.95,,,,,,0.0,0,2014-11-02,2014-11-02,2014-11-02,,not observable,Palo Centre,POI 5×5,Reliability-qualified DNB-BRDF,1,G2,10.0
360,0,0.95,,,,,,0.0,0,2014-11-03,2014-11-03,2014-11-03,,not observable,Palo Centre,POI 5×5,Reliability-qualified DNB-BRDF,1,G2,10.0
361,0,0.95,,,,,,0.0,0,2014-11-04,2014-11-04,2014-11-04,,not observable,Palo Centre,POI 5×5,Reliability-qualified DNB-BRDF,1,G2,10.0
362,0,0.95,50.857582,61.775078,82.32703,63.73011772649044,114.8735329711969,92.0,23,2014-11-05,2014-11-05,2014-11-05,2.2111992214037026,observed,Palo Centre,POI 5×5,Reliability-qualified DNB-BRDF,1,G2,10.0
363,0,0.95,45.963203,51.201538,89.76919,73.40141822222583,126.8433022507754,76.0,19,2014-11-06,2014-11-06,2014-11-06,2.4191159700092517,observed,Palo Centre,POI 5×5,Reliability-qualified DNB-BRDF,1,G2,10.0
-180,0,0.95,,,,,,0.0,0,2013-05-12,2013-05-12,2013-05-12,,not observable,Alangalang Centre,POI 5×5,Reliability-qualified DNB-BRDF,1,G2,10.0
-179,0,0.95,,,,,,0.0,0,2013-05-13,2013-05-13,2013-05-13,,not observable,Alangalang Centre,POI 5×5,Reliability-qualified DNB-BRDF,1,G2,10.0
-178,0,0.95,,,,,,0.0,0,2013-05-14,2013-05-14,2013-05-14,,not observable,Alangalang Centre,POI 5×5,Reliability-qualified DNB-BRDF,1,G2,10.0
-177,0,0.95,11.957477,13.662122,87.52284,50.46760940551758,139.2208251953125,100.0,17,2013-05-15,2013-05-15,2013-05-15,0.7033809774062213,observed,Alangalang Centre,POI 5×5,Reliability-qualified DNB-BRDF,1,G2,10.0
-176,0,0.95,22.538067,13.662122,164.96754,95.12393951416016,262.4105529785156,100.0,17,2013-05-16,2013-05-16,2013-05-16,1.3257686390596277,observed,Alangalang Centre,POI 5×5,Reliability-qualified DNB-BRDF,1,G2,10.0
-175,0,0.95,21.897848,13.332225,164.24753,94.27349090576172,261.357666015625,94.11764705882354,16,2013-05-17,2013-05-17,2013-05-17,1.3686155080795288,observed,Alangalang Centre,POI 5×5,Reliability-qualified DNB-BRDF,1,G2,10.0
-174,0,0.95,19.32035,13.662122,141.41545,81.54328155517578,224.9467010498047,100.0,17,2013-05-18,2013-05-18,2013-05-18,1.1364912145278032,observed,Alangalang Centre,POI 5×5,Reliability-qualified DNB-BRDF,1,G2,10.0
-173,0,0.95,16.44873,9.817796,167.53995,89.11697387695312,254.39630126953125,88.23529411764706,15,2013-05-19,2013-05-19,2013-05-19,1.09658203125,observed,Alangalang Centre,POI 5×5,Reliability-qualified DNB-BRDF,1,G2,10.0
-172,0,0.95,16.062384,11.68358,137.47827,83.19218444824219,213.43252563476562,88.23529411764706,15,2013-05-20,2013-05-20,2013-05-20,1.0708255767822266,observed,Alangalang Centre,POI 5×5,Reliability-qualified DNB-BRDF,1,G2,10.0
-171,0,0.95,10.619488,10.800735,98.32189,52.915313720703125,153.47674560546875,94.11764705882354,16,2013-05-21,2013-05-21,2013-05-21,0.6637179851531982,observed,Alangalang Centre,POI 5×5,Reliability-qualified DNB-BRDF,1,G2,10.0
-170,0,0.95,7.037466,13.662122,51.510784,29.702259063720703,81.93716430664062,100.0,17,2013-05-22,2013-05-22,2013-05-22,0.4139685911290786,observed,Alangalang Centre,POI 5×5,Reliability-qualified DNB-BRDF,1,G2,10.0
-169,0,0.95,9.660749,12.562396,76.90212,44.993839263916016,122.64704895019531,88.23529411764706,15,2013-05-23,2013-05-23,2013-05-23,0.6440499623616537,observed,Alangalang Centre,POI 5×5,Reliability-qualified DNB-BRDF,1,G2,10.0
-168,0,0.95,,,,,,0.0,0,2013-05-24,2013-05-24,2013-05-24,,not observable,Alangalang Centre,POI 5×5,Reliability-qualified DNB-BRDF,1,G2,10.0
-167,0,0.95,11.451669,12.567605,91.12054,54.91143035888672,141.38824462890625,94.11764705882354,16,2013-05-25,2013-05-25,2013-05-25,0.715729296207428,observed,Alangalang Centre,POI 5×5,Reliability-qualified DNB-BRDF,1,G2,10.0
-166,0,0.95,8.571054,7.867706,108.9397,54.20407485961914,178.27789306640625,58.8235294117647,10,2013-05-26,2013-05-26,2013-05-26,0.8571054458618164,observed,Alangalang Centre,POI 5×5,Reliability-qualified DNB-BRDF,1,G2,10.0
-165,0,0.95,6.888158,13.662122,50.417923,29.072092056274414,80.19877624511719,100.0,17,2013-05-27,2013-05-27,2013-05-27,0.4051857555613798,observed,Alangalang Centre,POI 5×5,Reliability-qualified DNB-BRDF,1,G2,10.0
-164,0,0.95,6.0374207,13.662122,44.190945,25.481477737426758,70.29364776611328,100.0,17,2013-05-28,2013-05-28,2013-05-28,0.35514239703907685,observed,Alangalang Centre,POI 5×5,Reliability-qualified DNB-BRDF,1,G2,10.0
-163,0,0.95,,,,,,0.0,0,2013-05-29,2013-05-29,2013-05-29,,not observable,Alangalang Centre,POI 5×5,Reliability-qualified DNB-BRDF,1,G2,10.0
-162,0,0.95,,,,,,0.0,0,2013-05-30,2013-05-30,2013-05-30,,not observable,Alangalang Centre,POI 5×5,Reliability-qualified DNB-BRDF,1,G2,10.0
-161,0,0.95,5.4246416,2.8526723,190.16,108.5116195678711,307.0820617675781,41.1764705882353,7,2013-05-31,2013-05-31,2013-05-31,0.7749488013131278,observed,Alangalang Centre,POI 5×5,Reliability-qualified DNB-BRDF,1,G2,10.0
-160,0,0.95,9.5264,9.738548,97.821556,52.2222785949707,150.7162322998047,82.3529411764706,14,2013-06-01,2013-06-01,2013-06-01,0.6804571151733398,observed,Alangalang Centre,POI 5×5,Reliability-qualified DNB-BRDF,1,G2,10.0
-159,0,0.95,,,,,,0.0,0,2013-06-02,2013-06-02,2013-06-02,,not observable,Alangalang Centre,POI 5×5,Reliability-qualified DNB-BRDF,1,G2,10.0
-158,0,0.95,,,,,,0.0,0,2013-06-03,2013-06-03,2013-06-03,,not observable,Alangalang Centre,POI 5×5,Reliability-qualified DNB-BRDF,1,G2,10.0
-157,0,0.95,,,,,,0.0,0,2013-06-04,2013-06-04,2013-06-04,,not observable,Alangalang Centre,POI 5×5,Reliability-qualified DNB-BRDF,1,G2,10.0
-156,0,0.95,35.036526,13.662122,256.4501,147.87481689453125,407.9300231933594,100.0,17,2013-06-05,2013-06-05,2013-06-05,2.060972101548139,observed,Alangalang Centre,POI 5×5,Reliability-qualified DNB-BRDF,1,G2,10.0
-155,0,0.95,,,,,,0.0,0,2013-06-06,2013-06-06,2013-06-06,,not observable,Alangalang Centre,POI 5×5,Reliability-qualified DNB-BRDF,1,G2,10.0
-154,0,0.95,,,,,,0.0,0,2013-06-07,2013-06-07,2013-06-07,,not observable,Alangalang Centre,POI 5×5,Reliability-qualified DNB-BRDF,1,G2,10.0
-153,0,0.95,,,,,,0.0,0,2013-06-08,2013-06-08,2013-06-08,,not observable,Alangalang Centre,POI 5×5,Reliability-qualified DNB-BRDF,1,G2,10.0
-152,0,0.95,,,,,,0.0,0,2013-06-09,2013-06-09,2013-06-09,,not observable,Alangalang Centre,POI 5×5,Reliability-qualified DNB-BRDF,1,G2,10.0
-151,0,0.95,,,,,,0.0,0,2013-06-10,2013-06-10,2013-06-10,,not observable,Alangalang Centre,POI 5×5,Reliability-qualified DNB-BRDF,1,G2,10.0
-150,0,0.95,,,,,,0.0,0,2013-06-11,2013-06-11,2013-06-11,,not observable,Alangalang Centre,POI 5×5,Reliability-qualified DNB-BRDF,1,G2,10.0
-149,0,0.95,,,,,,0.0,0,2013-06-12,2013-06-12,2013-06-12,,not observable,Alangalang Centre,POI 5×5,Reliability-qualified DNB-BRDF,1,G2,10.0
-148,0,0.95,,,,,,0.0,0,2013-06-13,2013-06-13,2013-06-13,,not observable,Alangalang Centre,POI 5×5,Reliability-qualified DNB-BRDF,1,G2,10.0
-147,0,0.95,,,,,,0.0,0,2013-06-14,2013-06-14,2013-06-14,,not observable,Alangalang Centre,POI 5×5,Reliability-qualified DNB-BRDF,1,G2,10.0
-146,0,0.95,,,,,,0.0,0,2013-06-15,2013-06-15,2013-06-15,,not observable,Alangalang Centre,POI 5×5,Reliability-qualified DNB-BRDF,1,G2,10.0
-145,0,0.95,,,,,,0.0,0,2013-06-16,2013-06-16,2013-06-16,,not observable,Alangalang Centre,POI 5×5,Reliability-qualified DNB-BRDF,1,G2,10.0
-144,0,0.95,,,,,,0.0,0,2013-06-17,2013-06-17,2013-06-17,,not observable,Alangalang Centre,POI 5×5,Reliability-qualified DNB-BRDF,1,G2,10.0
-143,0,0.95,,,,,,0.0,0,2013-06-18,2013-06-18,2013-06-18,,not observable,Alangalang Centre,POI 5×5,Reliability-qualified DNB-BRDF,1,G2,10.0
-142,0,0.95,,,,,,0.0,0,2013-06-19,2013-06-19,2013-06-19,,not observable,Alangalang Centre,POI 5×5,Reliability-qualified DNB-BRDF,1,G2,10.0
-141,0,0.95,,,,,,0.0,0,2013-06-20,2013-06-20,2013-06-20,,not observable,Alangalang Centre,POI 5×5,Reliability-qualified DNB-BRDF,1,G2,10.0
-140,0,0.95,,,,,,0.0,0,2013-06-21,2013-06-21,2013-06-21,,not observable,Alangalang Centre,POI 5×5,Reliability-qualified DNB-BRDF,1,G2,10.0
-139,0,0.95,0.06,4.2254286,1.4199743,0.6979517936706543,2.502502202987671,35.294117647058826,6,2013-06-22,2013-06-22,2013-06-22,0.009999999776482582,observed,Alangalang Centre,POI 5×5,Reliability-qualified DNB-BRDF,1,G2,10.0
-138,0,0.95,,,,,,0.0,0,2013-06-23,2013-06-23,2013-06-23,,not observable,Alangalang Centre,POI 5×5,Reliability-qualified DNB-BRDF,1,G2,10.0
-137,0,0.95,1.6511338,9.025833,18.293423,9.9358491897583,29.674760818481445,88.23529411764706,15,2013-06-24,2013-06-24,2013-06-24,0.11007558504740397,observed,Alangalang Centre,POI 5×5,Reliability-qualified DNB-BRDF,1,G2,10.0
-136,0,0.95,,,,,,0.0,0,2013-06-25,2013-06-25,2013-06-25,,not observable,Alangalang Centre,POI 5×5,Reliability-qualified DNB-BRDF,1,G2,10.0
-135,0,0.95,,,,,,0.0,0,2013-06-26,2013-06-26,2013-06-26,,not observable,Alangalang Centre,POI 5×5,Reliability-qualified DNB-BRDF,1,G2,10.0
-134,0,0.95,,,,,,0.0,0,2013-06-27,2013-06-27,2013-06-27,,not observable,Alangalang Centre,POI 5×5,Reliability-qualified DNB-BRDF,1,G2,10.0
-133,0,0.95,,,,,,0.0,0,2013-06-28,2013-06-28,2013-06-28,,not observable,Alangalang Centre,POI 5×5,Reliability-qualified DNB-BRDF,1,G2,10.0
-132,0,0.95,,,,,,0.0,0,2013-06-29,2013-06-29,2013-06-29,,not observable,Alangalang Centre,POI 5×5,Reliability-qualified DNB-BRDF,1,G2,10.0
-131,0,0.95,9.505559,8.838532,107.54681,60.28142547607422,162.0889434814453,82.3529411764706,14,2013-06-30,2013-06-30,2013-06-30,0.6789684976850238,observed,Alangalang Centre,POI 5×5,Reliability-qualified DNB-BRDF,1,G2,10.0
-130,0,0.95,22.568897,13.662122,165.1932,95.25406646728516,262.7695007324219,100.0,17,2013-07-01,2013-07-01,2013-07-01,1.3275821910184973,observed,Alangalang Centre,POI 5×5,Reliability-qualified DNB-BRDF,1,G2,10.0
-129,0,0.95,,,,,,0.0,0,2013-07-02,2013-07-02,2013-07-02,,not observable,Alangalang Centre,POI 5×5,Reliability-qualified DNB-BRDF,1,G2,10.0
-128,0,0.95,15.1807995,13.662122,111.115974,64.07192993164062,176.74993896484375,100.0,17,2013-07-03,2013-07-03,2013-07-03,0.8929882049560547,observed,Alangalang Centre,POI 5×5,Reliability-qualified DNB-BRDF,1,G2,10.0
-127,0,0.95,,,,,,0.0,0,2013-07-04,2013-07-04,2013-07-04,,not observable,Alangalang Centre,POI 5×5,Reliability-qualified DNB-BRDF,1,G2,10.0
-126,0,0.95,,,,,,0.0,0,2013-07-05,2013-07-05,2013-07-05,,not observable,Alangalang Centre,POI 5×5,Reliability-qualified DNB-BRDF,1,G2,10.0
-125,0,0.95,,,,,,0.0,0,2013-07-06,2013-07-06,2013-07-06,,not observable,Alangalang Centre,POI 5×5,Reliability-qualified DNB-BRDF,1,G2,10.0
-124,0,0.95,,,,,,0.0,0,2013-07-07,2013-07-07,2013-07-07,,not observable,Alangalang Centre,POI 5×5,Reliability-qualified DNB-BRDF,1,G2,10.0
-123,0,0.95,24.500313,13.662122,179.33022,103.40577697753906,285.2569580078125,100.0,17,2013-07-08,2013-07-08,2013-07-08,1.441194870892693,observed,Alangalang Centre,POI 5×5,Reliability-qualified DNB-BRDF,1,G2,10.0
-122,0,0.95,18.127726,13.662122,132.68602,76.50970458984375,211.0609893798828,100.0,17,2013-07-09,2013-07-09,2013-07-09,1.06633680007037,observed,Alangalang Centre,POI 5×5,Reliability-qualified DNB-BRDF,1,G2,10.0
-121,0,0.95,,,,,,0.0,0,2013-07-10,2013-07-10,2013-07-10,,not observable,Alangalang Centre,POI 5×5,Reliability-qualified DNB-BRDF,1,G2,10.0
-120,0,0.95,,,,,,0.0,0,2013-07-11,2013-07-11,2013-07-11,,not observable,Alangalang Centre,POI 5×5,Reliability-qualified DNB-BRDF,1,G2,10.0
-119,0,0.95,,,,,,0.0,0,2013-07-12,2013-07-12,2013-07-12,,not observable,Alangalang Centre,POI 5×5,Reliability-qualified DNB-BRDF,1,G2,10.0
-118,0,0.95,,,,,,0.0,0,2013-07-13,2013-07-13,2013-07-13,,not observable,Alangalang Centre,POI 5×5,Reliability-qualified DNB-BRDF,1,G2,10.0
-117,0,0.95,,,,,,0.0,0,2013-07-14,2013-07-14,2013-07-14,,not observable,Alangalang Centre,POI 5×5,Reliability-qualified DNB-BRDF,1,G2,10.0
-116,0,0.95,,,,,,0.0,0,2013-07-15,2013-07-15,2013-07-15,,not observable,Alangalang Centre,POI 5×5,Reliability-qualified DNB-BRDF,1,G2,10.0
-115,0,0.95,,,,,,0.0,0,2013-07-16,2013-07-16,2013-07-16,,not observable,Alangalang Centre,POI 5×5,Reliability-qualified DNB-BRDF,1,G2,10.0
-114,0,0.95,24.71566,13.662122,180.90645,104.31466674804688,287.7642517089844,100.0,17,2013-07-17,2013-07-17,2013-07-17,1.4538623585420496,observed,Alangalang Centre,POI 5×5,Reliability-qualified DNB-BRDF,1,G2,10.0
-113,0,0.95,29.184101,13.662122,213.61325,123.17413330078125,339.790283203125,100.0,17,2013-07-18,2013-07-18,2013-07-18,1.7167118296903723,observed,Alangalang Centre,POI 5×5,Reliability-qualified DNB-BRDF,1,G2,10.0
-112,0,0.95,,,,,,0.0,0,2013-07-19,2013-07-19,2013-07-19,,not observable,Alangalang Centre,POI 5×5,Reliability-qualified DNB-BRDF,1,G2,10.0
-111,0,0.95,,,,,,0.0,0,2013-07-20,2013-07-20,2013-07-20,,not observable,Alangalang Centre,POI 5×5,Reliability-qualified DNB-BRDF,1,G2,10.0
-110,0,0.95,,,,,,0.0,0,2013-07-21,2013-07-21,2013-07-21,,not observable,Alangalang Centre,POI 5×5,Reliability-qualified DNB-BRDF,1,G2,10.0
-109,0,0.95,,,,,,0.0,0,2013-07-22,2013-07-22,2013-07-22,,not observable,Alangalang Centre,POI 5×5,Reliability-qualified DNB-BRDF,1,G2,10.0
-108,0,0.95,,,,,,0.0,0,2013-07-23,2013-07-23,2013-07-23,,not observable,Alangalang Centre,POI 5×5,Reliability-qualified DNB-BRDF,1,G2,10.0
-107,0,0.95,,,,,,0.0,0,2013-07-24,2013-07-24,2013-07-24,,not observable,Alangalang Centre,POI 5×5,Reliability-qualified DNB-BRDF,1,G2,10.0
-106,0,0.95,3.6963015,9.025833,40.95247,22.242834091186523,66.43124389648438,88.23529411764706,15,2013-07-25,2013-07-25,2013-07-25,0.24642009735107423,observed,Alangalang Centre,POI 5×5,Reliability-qualified DNB-BRDF,1,G2,10.0
-105,0,0.95,,,,,,0.0,0,2013-07-26,2013-07-26,2013-07-26,,not observable,Alangalang Centre,POI 5×5,Reliability-qualified DNB-BRDF,1,G2,10.0
-104,0,0.95,,,,,,0.0,0,2013-07-27,2013-07-27,2013-07-27,,not observable,Alangalang Centre,POI 5×5,Reliability-qualified DNB-BRDF,1,G2,10.0
-103,0,0.95,,,,,,0.0,0,2013-07-28,2013-07-28,2013-07-28,,not observable,Alangalang Centre,POI 5×5,Reliability-qualified DNB-BRDF,1,G2,10.0
-102,0,0.95,,,,,,0.0,0,2013-07-29,2013-07-29,2013-07-29,,not observable,Alangalang Centre,POI 5×5,Reliability-qualified DNB-BRDF,1,G2,10.0
-101,0,0.95,,,,,,0.0,0,2013-07-30,2013-07-30,2013-07-30,,not observable,Alangalang Centre,POI 5×5,Reliability-qualified DNB-BRDF,1,G2,10.0
-100,0,0.95,,,,,,0.0,0,2013-07-31,2013-07-31,2013-07-31,,not observable,Alangalang Centre,POI 5×5,Reliability-qualified DNB-BRDF,1,G2,10.0
-99,0,0.95,,,,,,0.0,0,2013-08-01,2013-08-01,2013-08-01,,not observable,Alangalang Centre,POI 5×5,Reliability-qualified DNB-BRDF,1,G2,10.0
-98,0,0.95,,,,,,0.0,0,2013-08-02,2013-08-02,2013-08-02,,not observable,Alangalang Centre,POI 5×5,Reliability-qualified DNB-BRDF,1,G2,10.0
-97,0,0.95,,,,,,0.0,0,2013-08-03,2013-08-03,2013-08-03,,not observable,Alangalang Centre,POI 5×5,Reliability-qualified DNB-BRDF,1,G2,10.0
-96,0,0.95,,,,,,0.0,0,2013-08-04,2013-08-04,2013-08-04,,not observable,Alangalang Centre,POI 5×5,Reliability-qualified DNB-BRDF,1,G2,10.0
-95,0,0.95,,,,,,0.0,0,2013-08-05,2013-08-05,2013-08-05,,not observable,Alangalang Centre,POI 5×5,Reliability-qualified DNB-BRDF,1,G2,10.0
-94,0,0.95,13.566999,13.662122,99.30375,57.260746002197266,157.96047973632812,100.0,17,2013-08-06,2013-08-06,2013-08-06,0.7980587903191062,observed,Alangalang Centre,POI 5×5,Reliability-qualified DNB-BRDF,1,G2,10.0
-93,0,0.95,,,,,,0.0,0,2013-08-07,2013-08-07,2013-08-07,,not observable,Alangalang Centre,POI 5×5,Reliability-qualified DNB-BRDF,1,G2,10.0
-92,0,0.95,,,,,,0.0,0,2013-08-08,2013-08-08,2013-08-08,,not observable,Alangalang Centre,POI 5×5,Reliability-qualified DNB-BRDF,1,G2,10.0
-91,0,0.95,,,,,,0.0,0,2013-08-09,2013-08-09,2013-08-09,,not observable,Alangalang Centre,POI 5×5,Reliability-qualified DNB-BRDF,1,G2,10.0
-90,0,0.95,,,,,,0.0,0,2013-08-10,2013-08-10,2013-08-10,,not observable,Alangalang Centre,POI 5×5,Reliability-qualified DNB-BRDF,1,G2,10.0
-89,0,0.95,,,,,,0.0,0,2013-08-11,2013-08-11,2013-08-11,,not observable,Alangalang Centre,POI 5×5,Reliability-qualified DNB-BRDF,1,G2,10.0
-88,0,0.95,,,,,,0.0,0,2013-08-12,2013-08-12,2013-08-12,,not observable,Alangalang Centre,POI 5×5,Reliability-qualified DNB-BRDF,1,G2,10.0
-87,0,0.95,,,,,,0.0,0,2013-08-13,2013-08-13,2013-08-13,,not observable,Alangalang Centre,POI 5×5,Reliability-qualified DNB-BRDF,1,G2,10.0
-86,0,0.95,,,,,,0.0,0,2013-08-14,2013-08-14,2013-08-14,,not observable,Alangalang Centre,POI 5×5,Reliability-qualified DNB-BRDF,1,G2,10.0
-85,0,0.95,,,,,,0.0,0,2013-08-15,2013-08-15,2013-08-15,,not observable,Alangalang Centre,POI 5×5,Reliability-qualified DNB-BRDF,1,G2,10.0
-84,0,0.95,,,,,,0.0,0,2013-08-16,2013-08-16,2013-08-16,,not observable,Alangalang Centre,POI 5×5,Reliability-qualified DNB-BRDF,1,G2,10.0
-83,0,0.95,,,,,,0.0,0,2013-08-17,2013-08-17,2013-08-17,,not observable,Alangalang Centre,POI 5×5,Reliability-qualified DNB-BRDF,1,G2,10.0
-82,0,0.95,,,,,,0.0,0,2013-08-18,2013-08-18,2013-08-18,,not observable,Alangalang Centre,POI 5×5,Reliability-qualified DNB-BRDF,1,G2,10.0
-81,0,0.95,,,,,,0.0,0,2013-08-19,2013-08-19,2013-08-19,,not observable,Alangalang Centre,POI 5×5,Reliability-qualified DNB-BRDF,1,G2,10.0
-80,0,0.95,,,,,,0.0,0,2013-08-20,2013-08-20,2013-08-20,,not observable,Alangalang Centre,POI 5×5,Reliability-qualified DNB-BRDF,1,G2,10.0
-79,0,0.95,,,,,,0.0,0,2013-08-21,2013-08-21,2013-08-21,,not observable,Alangalang Centre,POI 5×5,Reliability-qualified DNB-BRDF,1,G2,10.0
-78,0,0.95,,,,,,0.0,0,2013-08-22,2013-08-22,2013-08-22,,not observable,Alangalang Centre,POI 5×5,Reliability-qualified DNB-BRDF,1,G2,10.0
-77,0,0.95,,,,,,0.0,0,2013-08-23,2013-08-23,2013-08-23,,not observable,Alangalang Centre,POI 5×5,Reliability-qualified DNB-BRDF,1,G2,10.0
-76,0,0.95,,,,,,0.0,0,2013-08-24,2013-08-24,2013-08-24,,not observable,Alangalang Centre,POI 5×5,Reliability-qualified DNB-BRDF,1,G2,10.0
-75,0,0.95,,,,,,0.0,0,2013-08-25,2013-08-25,2013-08-25,,not observable,Alangalang Centre,POI 5×5,Reliability-qualified DNB-BRDF,1,G2,10.0
-74,0,0.95,,,,,,0.0,0,2013-08-26,2013-08-26,2013-08-26,,not observable,Alangalang Centre,POI 5×5,Reliability-qualified DNB-BRDF,1,G2,10.0
-73,0,0.95,3.7329922,5.311288,70.28413,40.096961975097656,109.3058090209961,52.94117647058823,9,2013-08-27,2013-08-27,2013-08-27,0.4147769080268012,observed,Alangalang Centre,POI 5×5,Reliability-qualified DNB-BRDF,1,G2,10.0
-72,0,0.95,13.426162,11.811496,113.670296,65.1111831665039,177.36239624023438,88.23529411764706,15,2013-08-28,2013-08-28,2013-08-28,0.8950774510701497,observed,Alangalang Centre,POI 5×5,Reliability-qualified DNB-BRDF,1,G2,10.0
-71,0,0.95,,,,,,0.0,0,2013-08-29,2013-08-29,2013-08-29,,not observable,Alangalang Centre,POI 5×5,Reliability-qualified DNB-BRDF,1,G2,10.0
-70,0,0.95,,,,,,0.0,0,2013-08-30,2013-08-30,2013-08-30,,not observable,Alangalang Centre,POI 5×5,Reliability-qualified DNB-BRDF,1,G2,10.0
-69,0,0.95,16.884064,13.662122,123.58303,71.26071166992188,196.58103942871094,100.0,17,2013-08-31,2013-08-31,2013-08-31,0.9931802188648897,observed,Alangalang Centre,POI 5×5,Reliability-qualified DNB-BRDF,1,G2,10.0
-68,0,0.95,9.531071,13.662122,69.76274,40.226741790771484,110.9701919555664,100.0,17,2013-09-01,2013-09-01,2013-09-01,0.5606512181899127,observed,Alangalang Centre,POI 5×5,Reliability-qualified DNB-BRDF,1,G2,10.0
-67,0,0.95,13.697344,13.662122,100.257805,57.810874938964844,159.4780731201172,100.0,17,2013-09-02,2013-09-02,2013-09-02,0.8057261074290556,observed,Alangalang Centre,POI 5×5,Reliability-qualified DNB-BRDF,1,G2,10.0
-66,0,0.95,22.393524,13.662122,163.90958,94.5138931274414,260.7276611328125,100.0,17,2013-09-03,2013-09-03,2013-09-03,1.3172661276424633,observed,Alangalang Centre,POI 5×5,Reliability-qualified DNB-BRDF,1,G2,10.0
-65,0,0.95,,,,,,0.0,0,2013-09-04,2013-09-04,2013-09-04,,not observable,Alangalang Centre,POI 5×5,Reliability-qualified DNB-BRDF,1,G2,10.0
-64,0,0.95,16.464779,13.662122,120.51407,69.49108123779297,191.69931030273438,100.0,17,2013-09-05,2013-09-05,2013-09-05,0.9685164058909697,observed,Alangalang Centre,POI 5×5,Reliability-qualified DNB-BRDF,1,G2,10.0
-63,0,0.95,,,,,,0.0,0,2013-09-06,2013-09-06,2013-09-06,,not observable,Alangalang Centre,POI 5×5,Reliability-qualified DNB-BRDF,1,G2,10.0
-62,0,0.95,,,,,,0.0,0,2013-09-07,2013-09-07,2013-09-07,,not observable,Alangalang Centre,POI 5×5,Reliability-qualified DNB-BRDF,1,G2,10.0
-61,0,0.95,,,,,,0.0,0,2013-09-08,2013-09-08,2013-09-08,,not observable,Alangalang Centre,POI 5×5,Reliability-qualified DNB-BRDF,1,G2,10.0
-60,0,0.95,20.98845,7.4384108,282.1631,153.21884155273438,455.67864990234375,64.70588235294117,11,2013-09-09,2013-09-09,2013-09-09,1.9080408269708806,observed,Alangalang Centre,POI 5×5,Reliability-qualified DNB-BRDF,1,G2,10.0
-59,0,0.95,,,,,,0.0,0,2013-09-10,2013-09-10,2013-09-10,,not observable,Alangalang Centre,POI 5×5,Reliability-qualified DNB-BRDF,1,G2,10.0
-58,0,0.95,,,,,,0.0,0,2013-09-11,2013-09-11,2013-09-11,,not observable,Alangalang Centre,POI 5×5,Reliability-qualified DNB-BRDF,1,G2,10.0
-57,0,0.95,,,,,,0.0,0,2013-09-12,2013-09-12,2013-09-12,,not observable,Alangalang Centre,POI 5×5,Reliability-qualified DNB-BRDF,1,G2,10.0
-56,0,0.95,17.104666,13.662122,125.19772,72.19178009033203,199.14950561523438,100.0,17,2013-09-13,2013-09-13,2013-09-13,1.0061568091897404,observed,Alangalang Centre,POI 5×5,Reliability-qualified DNB-BRDF,1,G2,10.0
-55,0,0.95,10.492207,13.662122,76.79778,44.28330612182617,122.16069793701172,100.0,17,2013-09-14,2013-09-14,2013-09-14,0.617188621969784,observed,Alangalang Centre,POI 5×5,Reliability-qualified DNB-BRDF,1,G2,10.0
-54,0,0.95,,,,,,0.0,0,2013-09-15,2013-09-15,2013-09-15,,not observable,Alangalang Centre,POI 5×5,Reliability-qualified DNB-BRDF,1,G2,10.0
-53,0,0.95,,,,,,0.0,0,2013-09-16,2013-09-16,2013-09-16,,not observable,Alangalang Centre,POI 5×5,Reliability-qualified DNB-BRDF,1,G2,10.0
-52,0,0.95,,,,,,0.0,0,2013-09-17,2013-09-17,2013-09-17,,not observable,Alangalang Centre,POI 5×5,Reliability-qualified DNB-BRDF,1,G2,10.0
-51,0,0.95,,,,,,0.0,0,2013-09-18,2013-09-18,2013-09-18,,not observable,Alangalang Centre,POI 5×5,Reliability-qualified DNB-BRDF,1,G2,10.0
-50,0,0.95,,,,,,0.0,0,2013-09-19,2013-09-19,2013-09-19,,not observable,Alangalang Centre,POI 5×5,Reliability-qualified DNB-BRDF,1,G2,10.0
-49,0,0.95,,,,,,0.0,0,2013-09-20,2013-09-20,2013-09-20,,not observable,Alangalang Centre,POI 5×5,Reliability-qualified DNB-BRDF,1,G2,10.0
-48,0,0.95,,,,,,0.0,0,2013-09-21,2013-09-21,2013-09-21,,not observable,Alangalang Centre,POI 5×5,Reliability-qualified DNB-BRDF,1,G2,10.0
-47,0,0.95,,,,,,0.0,0,2013-09-22,2013-09-22,2013-09-22,,not observable,Alangalang Centre,POI 5×5,Reliability-qualified DNB-BRDF,1,G2,10.0
-46,0,0.95,,,,,,0.0,0,2013-09-23,2013-09-23,2013-09-23,,not observable,Alangalang Centre,POI 5×5,Reliability-qualified DNB-BRDF,1,G2,10.0
-45,0,0.95,,,,,,0.0,0,2013-09-24,2013-09-24,2013-09-24,,not observable,Alangalang Centre,POI 5×5,Reliability-qualified DNB-BRDF,1,G2,10.0
-44,0,0.95,,,,,,0.0,0,2013-09-25,2013-09-25,2013-09-25,,not observable,Alangalang Centre,POI 5×5,Reliability-qualified DNB-BRDF,1,G2,10.0
-43,0,0.95,,,,,,0.0,0,2013-09-26,2013-09-26,2013-09-26,,not observable,Alangalang Centre,POI 5×5,Reliability-qualified DNB-BRDF,1,G2,10.0
-42,0,0.95,9.471366,13.662122,69.32573,39.974754333496094,110.2750473022461,100.0,17,2013-09-27,2013-09-27,2013-09-27,0.5571391722735237,observed,Alangalang Centre,POI 5×5,Reliability-qualified DNB-BRDF,1,G2,10.0
-41,0,0.95,,,,,,0.0,0,2013-09-28,2013-09-28,2013-09-28,,not observable,Alangalang Centre,POI 5×5,Reliability-qualified DNB-BRDF,1,G2,10.0
-40,0,0.95,,,,,,0.0,0,2013-09-29,2013-09-29,2013-09-29,,not observable,Alangalang Centre,POI 5×5,Reliability-qualified DNB-BRDF,1,G2,10.0
-39,0,0.95,,,,,,0.0,0,2013-09-30,2013-09-30,2013-09-30,,not observable,Alangalang Centre,POI 5×5,Reliability-qualified DNB-BRDF,1,G2,10.0
-38,0,0.95,,,,,,0.0,0,2013-10-01,2013-10-01,2013-10-01,,not observable,Alangalang Centre,POI 5×5,Reliability-qualified DNB-BRDF,1,G2,10.0
-37,0,0.95,,,,,,0.0,0,2013-10-02,2013-10-02,2013-10-02,,not observable,Alangalang Centre,POI 5×5,Reliability-qualified DNB-BRDF,1,G2,10.0
-36,0,0.95,,,,,,0.0,0,2013-10-03,2013-10-03,2013-10-03,,not observable,Alangalang Centre,POI 5×5,Reliability-qualified DNB-BRDF,1,G2,10.0
-35,0,0.95,,,,,,0.0,0,2013-10-04,2013-10-04,2013-10-04,,not observable,Alangalang Centre,POI 5×5,Reliability-qualified DNB-BRDF,1,G2,10.0
-34,0,0.95,,,,,,0.0,0,2013-10-05,2013-10-05,2013-10-05,,not observable,Alangalang Centre,POI 5×5,Reliability-qualified DNB-BRDF,1,G2,10.0
-33,0,0.95,29.163893,9.025833,323.11578,175.49639892578125,524.143798828125,88.23529411764706,15,2013-10-06,2013-10-06,2013-10-06,1.944259516398112,observed,Alangalang Centre,POI 5×5,Reliability-qualified DNB-BRDF,1,G2,10.0
-32,0,0.95,13.888629,7.7660336,178.83813,95.545654296875,286.30126953125,70.58823529411765,12,2013-10-07,2013-10-07,2013-10-07,1.1573857466379802,observed,Alangalang Centre,POI 5×5,Reliability-qualified DNB-BRDF,1,G2,10.0
-31,0,0.95,,,,,,0.0,0,2013-10-08,2013-10-08,2013-10-08,,not observable,Alangalang Centre,POI 5×5,Reliability-qualified DNB-BRDF,1,G2,10.0
-30,0,0.95,,,,,,0.0,0,2013-10-09,2013-10-09,2013-10-09,,not observable,Alangalang Centre,POI 5×5,Reliability-qualified DNB-BRDF,1,G2,10.0
-29,0,0.95,,,,,,0.0,0,2013-10-10,2013-10-10,2013-10-10,,not observable,Alangalang Centre,POI 5×5,Reliability-qualified DNB-BRDF,1,G2,10.0
-28,0,0.95,,,,,,0.0,0,2013-10-11,2013-10-11,2013-10-11,,not observable,Alangalang Centre,POI 5×5,Reliability-qualified DNB-BRDF,1,G2,10.0
-27,0,0.95,,,,,,0.0,0,2013-10-12,2013-10-12,2013-10-12,,not observable,Alangalang Centre,POI 5×5,Reliability-qualified DNB-BRDF,1,G2,10.0
-26,0,0.95,14.310395,13.662122,104.74504,60.3983154296875,166.6158447265625,100.0,17,2013-10-13,2013-10-13,2013-10-13,0.8417879553402171,observed,Alangalang Centre,POI 5×5,Reliability-qualified DNB-BRDF,1,G2,10.0
-25,0,0.95,,,,,,0.0,0,2013-10-14,2013-10-14,2013-10-14,,not observable,Alangalang Centre,POI 5×5,Reliability-qualified DNB-BRDF,1,G2,10.0
-24,0,0.95,,,,,,0.0,0,2013-10-15,2013-10-15,2013-10-15,,not observable,Alangalang Centre,POI 5×5,Reliability-qualified DNB-BRDF,1,G2,10.0
-23,0,0.95,16.516258,13.662122,120.89088,69.70835876464844,192.29869079589844,100.0,17,2013-10-16,2013-10-16,2013-10-16,0.9715446023380055,observed,Alangalang Centre,POI 5×5,Reliability-qualified DNB-BRDF,1,G2,10.0
-22,0,0.95,9.410267,13.662122,68.87852,39.716880798339844,109.56367492675781,100.0,17,2013-10-17,2013-10-17,2013-10-17,0.5535451103659237,observed,Alangalang Centre,POI 5×5,Reliability-qualified DNB-BRDF,1,G2,10.0
-21,0,0.95,12.741252,13.662122,93.25969,53.775604248046875,148.3463134765625,100.0,17,2013-10-18,2013-10-18,2013-10-18,0.749485408558565,observed,Alangalang Centre,POI 5×5,Reliability-qualified DNB-BRDF,1,G2,10.0
-20,0,0.95,,,,,,0.0,0,2013-10-19,2013-10-19,2013-10-19,,not observable,Alangalang Centre,POI 5×5,Reliability-qualified DNB-BRDF,1,G2,10.0
-19,0,0.95,,,,,,0.0,0,2013-10-20,2013-10-20,2013-10-20,,not observable,Alangalang Centre,POI 5×5,Reliability-qualified DNB-BRDF,1,G2,10.0
-18,0,0.95,,,,,,0.0,0,2013-10-21,2013-10-21,2013-10-21,,not observable,Alangalang Centre,POI 5×5,Reliability-qualified DNB-BRDF,1,G2,10.0
-17,0,0.95,,,,,,0.0,0,2013-10-22,2013-10-22,2013-10-22,,not observable,Alangalang Centre,POI 5×5,Reliability-qualified DNB-BRDF,1,G2,10.0
-16,0,0.95,,,,,,0.0,0,2013-10-23,2013-10-23,2013-10-23,,not observable,Alangalang Centre,POI 5×5,Reliability-qualified DNB-BRDF,1,G2,10.0
-15,0,0.95,,,,,,0.0,0,2013-10-24,2013-10-24,2013-10-24,,not observable,Alangalang Centre,POI 5×5,Reliability-qualified DNB-BRDF,1,G2,10.0
-14,0,0.95,,,,,,0.0,0,2013-10-25,2013-10-25,2013-10-25,,not observable,Alangalang Centre,POI 5×5,Reliability-qualified DNB-BRDF,1,G2,10.0
-13,0,0.95,12.772707,12.092075,105.628746,60.13209533691406,168.79837036132812,88.23529411764706,15,2013-10-26,2013-10-26,2013-10-26,0.8515137990315755,observed,Alangalang Centre,POI 5×5,Reliability-qualified DNB-BRDF,1,G2,10.0
-12,0,0.95,,,,,,0.0,0,2013-10-27,2013-10-27,2013-10-27,,not observable,Alangalang Centre,POI 5×5,Reliability-qualified DNB-BRDF,1,G2,10.0
-11,0,0.95,13.719096,11.237718,122.08081,70.55845642089844,187.79994201660156,76.47058823529412,13,2013-10-28,2013-10-28,2013-10-28,1.0553150910597582,observed,Alangalang Centre,POI 5×5,Reliability-qualified DNB-BRDF,1,G2,10.0
-10,0,0.95,11.362466,13.662122,83.16765,47.9563102722168,132.29310607910156,100.0,17,2013-10-29,2013-10-29,2013-10-29,0.6683803446152631,observed,Alangalang Centre,POI 5×5,Reliability-qualified DNB-BRDF,1,G2,10.0
-9,0,0.95,,,,,,0.0,0,2013-10-30,2013-10-30,2013-10-30,,not observable,Alangalang Centre,POI 5×5,Reliability-qualified DNB-BRDF,1,G2,10.0
-8,0,0.95,16.796185,13.662122,122.93979,70.88980865478516,195.557861328125,100.0,17,2013-10-31,2013-10-31,2013-10-31,0.9880108552820542,observed,Alangalang Centre,POI 5×5,Reliability-qualified DNB-BRDF,1,G2,10.0
-7,0,0.95,26.505453,13.662122,194.00687,111.86865997314453,308.6028137207031,100.0,17,2013-11-01,2013-11-01,2013-11-01,1.5591443005730123,observed,Alangalang Centre,POI 5×5,Reliability-qualified DNB-BRDF,1,G2,10.0
-6,0,0.95,,,,,,0.0,0,2013-11-02,2013-11-02,2013-11-02,,not observable,Alangalang Centre,POI 5×5,Reliability-qualified DNB-BRDF,1,G2,10.0
-5,0,0.95,,,,,,0.0,0,2013-11-03,2013-11-03,2013-11-03,,not observable,Alangalang Centre,POI 5×5,Reliability-qualified DNB-BRDF,1,G2,10.0
-4,0,0.95,,,,,,5.882352941176471,1,2013-11-04,2013-11-04,2013-11-04,,not observable,Alangalang Centre,POI 5×5,Reliability-qualified DNB-BRDF,1,G2,10.0
-3,0,0.95,,,,,,0.0,0,2013-11-05,2013-11-05,2013-11-05,,not observable,Alangalang Centre,POI 5×5,Reliability-qualified DNB-BRDF,1,G2,10.0
-2,0,0.95,,,,,,0.0,0,2013-11-06,2013-11-06,2013-11-06,,not observable,Alangalang Centre,POI 5×5,Reliability-qualified DNB-BRDF,1,G2,10.0
-1,0,0.95,,,,,,0.0,0,2013-11-07,2013-11-07,2013-11-07,,not observable,Alangalang Centre,POI 5×5,Reliability-qualified DNB-BRDF,1,G2,10.0
0,0,0.95,,,,,,0.0,0,2013-11-08,2013-11-08,2013-11-08,,not observable,Alangalang Centre,POI 5×5,Reliability-qualified DNB-BRDF,1,G2,10.0
1,0,0.95,1.9469922,13.662122,14.251023,8.217455863952637,22.6688175201416,100.0,17,2013-11-09,2013-11-09,2013-11-09,0.11452895052292768,observed,Alangalang Centre,POI 5×5,Reliability-qualified DNB-BRDF,1,G2,10.0
2,0,0.95,2.2111151,4.3912606,50.352627,30.121896743774414,78.65642547607422,41.1764705882353,7,2013-11-10,2013-11-10,2013-11-10,0.31587358883449007,observed,Alangalang Centre,POI 5×5,Reliability-qualified DNB-BRDF,1,G2,10.0
3,0,0.95,,,,,,0.0,0,2013-11-11,2013-11-11,2013-11-11,,not observable,Alangalang Centre,POI 5×5,Reliability-qualified DNB-BRDF,1,G2,10.0
4,0,0.95,5.7833705,12.092075,47.827774,27.22728729248047,76.43042755126953,88.23529411764706,15,2013-11-12,2013-11-12,2013-11-12,0.385558032989502,observed,Alangalang Centre,POI 5×5,Reliability-qualified DNB-BRDF,1,G2,10.0
5,0,0.95,4.977905,12.187966,40.842785,24.115249633789062,65.3145523071289,88.23529411764706,15,2013-11-13,2013-11-13,2013-11-13,0.3318603197733561,observed,Alangalang Centre,POI 5×5,Reliability-qualified DNB-BRDF,1,G2,10.0
6,0,0.95,0.8238176,13.662122,6.0299387,3.476996421813965,9.591702461242676,100.0,17,2013-11-14,2013-11-14,2013-11-14,0.048459859455333036,observed,Alangalang Centre,POI 5×5,Reliability-qualified DNB-BRDF,1,G2,10.0
7,0,0.95,0.41243958,13.662122,3.0188544,1.7407383918762207,4.80203104019165,100.0,17,2013-11-15,2013-11-15,2013-11-15,0.024261152043062097,observed,Alangalang Centre,POI 5×5,Reliability-qualified DNB-BRDF,1,G2,10.0
8,0,0.95,0.54655266,13.662122,4.0004964,2.306774854660034,6.363508701324463,100.0,17,2013-11-16,2013-11-16,2013-11-16,0.0321501563577091,observed,Alangalang Centre,POI 5×5,Reliability-qualified DNB-BRDF,1,G2,10.0
9,0,0.95,0.16000001,13.662122,1.1711214,0.6752945184707642,1.8628791570663452,100.0,17,2013-11-17,2013-11-17,2013-11-17,0.009411765372051913,observed,Alangalang Centre,POI 5×5,Reliability-qualified DNB-BRDF,1,G2,10.0
10,0,0.95,,,,,,0.0,0,2013-11-18,2013-11-18,2013-11-18,,not observable,Alangalang Centre,POI 5×5,Reliability-qualified DNB-BRDF,1,G2,10.0
11,0,0.95,,,,,,0.0,0,2013-11-19,2013-11-19,2013-11-19,,not observable,Alangalang Centre,POI 5×5,Reliability-qualified DNB-BRDF,1,G2,10.0
12,0,0.95,,,,,,0.0,0,2013-11-20,2013-11-20,2013-11-20,,not observable,Alangalang Centre,POI 5×5,Reliability-qualified DNB-BRDF,1,G2,10.0
13,0,0.95,,,,,,0.0,0,2013-11-21,2013-11-21,2013-11-21,,not observable,Alangalang Centre,POI 5×5,Reliability-qualified DNB-BRDF,1,G2,10.0
14,0,0.95,,,,,,0.0,0,2013-11-22,2013-11-22,2013-11-22,,not observable,Alangalang Centre,POI 5×5,Reliability-qualified DNB-BRDF,1,G2,10.0
15,0,0.95,,,,,,0.0,0,2013-11-23,2013-11-23,2013-11-23,,not observable,Alangalang Centre,POI 5×5,Reliability-qualified DNB-BRDF,1,G2,10.0
16,0,0.95,1.5782064,8.548448,18.461908,10.781227111816406,29.843961715698242,52.94117647058823,9,2013-11-24,2013-11-24,2013-11-24,0.17535626888275146,observed,Alangalang Centre,POI 5×5,Reliability-qualified DNB-BRDF,1,G2,10.0
17,0,0.95,,,,,,0.0,0,2013-11-25,2013-11-25,2013-11-25,,not observable,Alangalang Centre,POI 5×5,Reliability-qualified DNB-BRDF,1,G2,10.0
18,0,0.95,,,,,,0.0,0,2013-11-26,2013-11-26,2013-11-26,,not observable,Alangalang Centre,POI 5×5,Reliability-qualified DNB-BRDF,1,G2,10.0
19,0,0.95,,,,,,0.0,0,2013-11-27,2013-11-27,2013-11-27,,not observable,Alangalang Centre,POI 5×5,Reliability-qualified DNB-BRDF,1,G2,10.0
20,0,0.95,,,,,,0.0,0,2013-11-28,2013-11-28,2013-11-28,,not observable,Alangalang Centre,POI 5×5,Reliability-qualified DNB-BRDF,1,G2,10.0
21,0,0.95,5.094691,13.662122,37.290627,21.502601623535156,59.31745147705078,100.0,17,2013-11-29,2013-11-29,2013-11-29,0.2996876941007726,observed,Alangalang Centre,POI 5×5,Reliability-qualified DNB-BRDF,1,G2,10.0
22,0,0.95,10.045134,13.662122,73.52543,42.396392822265625,116.9554214477539,100.0,17,2013-11-30,2013-11-30,2013-11-30,0.5908902112175437,observed,Alangalang Centre,POI 5×5,Reliability-qualified DNB-BRDF,1,G2,10.0
23,0,0.95,1.0529628,1.2973387,81.16329,42.50769805908203,127.39946746826172,17.647058823529413,3,2013-12-01,2013-12-01,2013-12-01,0.35098759333292645,observed,Alangalang Centre,POI 5×5,Reliability-qualified DNB-BRDF,1,G2,10.0
24,0,0.95,,,,,,0.0,0,2013-12-02,2013-12-02,2013-12-02,,not observable,Alangalang Centre,POI 5×5,Reliability-qualified DNB-BRDF,1,G2,10.0
25,0,0.95,6.802362,13.662122,49.78994,28.70998191833496,79.1998519897461,100.0,17,2013-12-03,2013-12-03,2013-12-03,0.40013893912820253,observed,Alangalang Centre,POI 5×5,Reliability-qualified DNB-BRDF,1,G2,10.0
26,0,0.95,3.3543715,13.662122,24.552347,14.157427787780762,39.054927825927734,100.0,17,2013-12-04,2013-12-04,2013-12-04,0.19731597339405732,observed,Alangalang Centre,POI 5×5,Reliability-qualified DNB-BRDF,1,G2,10.0
27,0,0.95,,,,,,0.0,0,2013-12-05,2013-12-05,2013-12-05,,not observable,Alangalang Centre,POI 5×5,Reliability-qualified DNB-BRDF,1,G2,10.0
28,0,0.95,6.671309,13.662122,48.830696,28.156862258911133,77.67401123046875,100.0,17,2013-12-06,2013-12-06,2013-12-06,0.3924299408407772,observed,Alangalang Centre,POI 5×5,Reliability-qualified DNB-BRDF,1,G2,10.0
29,0,0.95,7.9460044,13.662122,58.16084,33.53683090209961,92.5152816772461,100.0,17,2013-12-07,2013-12-07,2013-12-07,0.4674120229833266,observed,Alangalang Centre,POI 5×5,Reliability-qualified DNB-BRDF,1,G2,10.0
30,0,0.95,15.576512,13.662122,114.0124,65.74207305908203,181.3572235107422,100.0,17,2013-12-08,2013-12-08,2013-12-08,0.9162654315724093,observed,Alangalang Centre,POI 5×5,Reliability-qualified DNB-BRDF,1,G2,10.0
31,0,0.95,,,,,,0.0,0,2013-12-09,2013-12-09,2013-12-09,,not observable,Alangalang Centre,POI 5×5,Reliability-qualified DNB-BRDF,1,G2,10.0
32,0,0.95,,,,,,0.0,0,2013-12-10,2013-12-10,2013-12-10,,not observable,Alangalang Centre,POI 5×5,Reliability-qualified DNB-BRDF,1,G2,10.0
33,0,0.95,2.4711668,13.662122,18.087723,10.42978286743164,28.771778106689453,100.0,17,2013-12-11,2013-12-11,2013-12-11,0.14536275583155014,observed,Alangalang Centre,POI 5×5,Reliability-qualified DNB-BRDF,1,G2,10.0
34,0,0.95,0.29496047,2.3699808,12.44569,6.830237865447998,22.863004684448242,29.41176470588235,5,2013-12-12,2013-12-12,2013-12-12,0.05899209380149841,observed,Alangalang Centre,POI 5×5,Reliability-qualified DNB-BRDF,1,G2,10.0
35,0,0.95,,,,,,0.0,0,2013-12-13,2013-12-13,2013-12-13,,not observable,Alangalang Centre,POI 5×5,Reliability-qualified DNB-BRDF,1,G2,10.0
36,0,0.95,,,,,,0.0,0,2013-12-14,2013-12-14,2013-12-14,,not observable,Alangalang Centre,POI 5×5,Reliability-qualified DNB-BRDF,1,G2,10.0
37,0,0.95,0.4510308,1.0108745,44.61788,25.26340675354004,65.70870971679688,17.647058823529413,3,2013-12-15,2013-12-15,2013-12-15,0.15034359693527222,observed,Alangalang Centre,POI 5×5,Reliability-qualified DNB-BRDF,1,G2,10.0
38,0,0.95,,,,,,0.0,0,2013-12-16,2013-12-16,2013-12-16,,not observable,Alangalang Centre,POI 5×5,Reliability-qualified DNB-BRDF,1,G2,10.0
39,0,0.95,0.51199186,13.662122,3.747528,2.160907745361328,5.961117744445801,100.0,17,2013-12-17,2013-12-17,2013-12-17,0.030117168146021226,observed,Alangalang Centre,POI 5×5,Reliability-qualified DNB-BRDF,1,G2,10.0
40,0,0.95,,,,,,0.0,0,2013-12-18,2013-12-18,2013-12-18,,not observable,Alangalang Centre,POI 5×5,Reliability-qualified DNB-BRDF,1,G2,10.0
41,0,0.95,,,,,,0.0,0,2013-12-19,2013-12-19,2013-12-19,,not observable,Alangalang Centre,POI 5×5,Reliability-qualified DNB-BRDF,1,G2,10.0
42,0,0.95,,,,,,0.0,0,2013-12-20,2013-12-20,2013-12-20,,not observable,Alangalang Centre,POI 5×5,Reliability-qualified DNB-BRDF,1,G2,10.0
43,0,0.95,,,,,,0.0,0,2013-12-21,2013-12-21,2013-12-21,,not observable,Alangalang Centre,POI 5×5,Reliability-qualified DNB-BRDF,1,G2,10.0
44,0,0.95,,,,,,0.0,0,2013-12-22,2013-12-22,2013-12-22,,not observable,Alangalang Centre,POI 5×5,Reliability-qualified DNB-BRDF,1,G2,10.0
45,0,0.95,,,,,,0.0,0,2013-12-23,2013-12-23,2013-12-23,,not observable,Alangalang Centre,POI 5×5,Reliability-qualified DNB-BRDF,1,G2,10.0
46,0,0.95,,,,,,0.0,0,2013-12-24,2013-12-24,2013-12-24,,not observable,Alangalang Centre,POI 5×5,Reliability-qualified DNB-BRDF,1,G2,10.0
47,0,0.95,2.73212,9.056699,30.166842,18.866039276123047,48.28377151489258,64.70588235294117,11,2013-12-25,2013-12-25,2013-12-25,0.24837454882535068,observed,Alangalang Centre,POI 5×5,Reliability-qualified DNB-BRDF,1,G2,10.0
48,0,0.95,4.080861,13.662122,29.869894,17.223642349243164,47.5134391784668,100.0,17,2013-12-26,2013-12-26,2013-12-26,0.2400506524478688,observed,Alangalang Centre,POI 5×5,Reliability-qualified DNB-BRDF,1,G2,10.0
49,0,0.95,4.79064,13.662122,35.065125,20.219327926635742,55.77738952636719,100.0,17,2013-12-27,2013-12-27,2013-12-27,0.28180234572466684,observed,Alangalang Centre,POI 5×5,Reliability-qualified DNB-BRDF,1,G2,10.0
50,0,0.95,2.1465876,13.321927,16.113192,9.289522171020508,25.650508880615234,94.11764705882354,16,2013-12-28,2013-12-28,2013-12-28,0.13416172564029694,observed,Alangalang Centre,POI 5×5,Reliability-qualified DNB-BRDF,1,G2,10.0
51,0,0.95,,,,,,0.0,0,2013-12-29,2013-12-29,2013-12-29,,not observable,Alangalang Centre,POI 5×5,Reliability-qualified DNB-BRDF,1,G2,10.0
52,0,0.95,,,,,,0.0,0,2013-12-30,2013-12-30,2013-12-30,,not observable,Alangalang Centre,POI 5×5,Reliability-qualified DNB-BRDF,1,G2,10.0
53,0,0.95,,,,,,0.0,0,2013-12-31,2013-12-31,2013-12-31,,not observable,Alangalang Centre,POI 5×5,Reliability-qualified DNB-BRDF,1,G2,10.0
54,0,0.95,,,,,,0.0,0,2014-01-01,2014-01-01,2014-01-01,,not observable,Alangalang Centre,POI 5×5,Reliability-qualified DNB-BRDF,1,G2,10.0
55,0,0.95,,,,,,0.0,0,2014-01-02,2014-01-02,2014-01-02,,not observable,Alangalang Centre,POI 5×5,Reliability-qualified DNB-BRDF,1,G2,10.0
56,0,0.95,9.530859,13.662122,69.76119,40.22584915161133,110.96772003173828,100.0,17,2014-01-03,2014-01-03,2014-01-03,0.5606387643253102,observed,Alangalang Centre,POI 5×5,Reliability-qualified DNB-BRDF,1,G2,10.0
57,0,0.95,11.290807,13.662122,82.64314,47.65386962890625,131.4587860107422,100.0,17,2014-01-04,2014-01-04,2014-01-04,0.6641651041367475,observed,Alangalang Centre,POI 5×5,Reliability-qualified DNB-BRDF,1,G2,10.0
58,0,0.95,9.32611,13.662122,68.26253,39.36168670654297,108.58383178710938,100.0,17,2014-01-05,2014-01-05,2014-01-05,0.5485946991864372,observed,Alangalang Centre,POI 5×5,Reliability-qualified DNB-BRDF,1,G2,10.0
59,0,0.95,8.898082,13.662122,65.12957,37.55515670776367,103.60030364990234,100.0,17,2014-01-06,2014-01-06,2014-01-06,0.5234165752635282,observed,Alangalang Centre,POI 5×5,Reliability-qualified DNB-BRDF,1,G2,10.0
60,0,0.95,,,,,,0.0,0,2014-01-07,2014-01-07,2014-01-07,,not observable,Alangalang Centre,POI 5×5,Reliability-qualified DNB-BRDF,1,G2,10.0
61,0,0.95,,,,,,0.0,0,2014-01-08,2014-01-08,2014-01-08,,not observable,Alangalang Centre,POI 5×5,Reliability-qualified DNB-BRDF,1,G2,10.0
62,0,0.95,,,,,,0.0,0,2014-01-09,2014-01-09,2014-01-09,,not observable,Alangalang Centre,POI 5×5,Reliability-qualified DNB-BRDF,1,G2,10.0
63,0,0.95,,,,,,0.0,0,2014-01-10,2014-01-10,2014-01-10,,not observable,Alangalang Centre,POI 5×5,Reliability-qualified DNB-BRDF,1,G2,10.0
64,0,0.95,,,,,,0.0,0,2014-01-11,2014-01-11,2014-01-11,,not observable,Alangalang Centre,POI 5×5,Reliability-qualified DNB-BRDF,1,G2,10.0
65,0,0.95,,,,,,0.0,0,2014-01-12,2014-01-12,2014-01-12,,not observable,Alangalang Centre,POI 5×5,Reliability-qualified DNB-BRDF,1,G2,10.0
66,0,0.95,,,,,,0.0,0,2014-01-13,2014-01-13,2014-01-13,,not observable,Alangalang Centre,POI 5×5,Reliability-qualified DNB-BRDF,1,G2,10.0
67,0,0.95,,,,,,0.0,0,2014-01-14,2014-01-14,2014-01-14,,not observable,Alangalang Centre,POI 5×5,Reliability-qualified DNB-BRDF,1,G2,10.0
68,0,0.95,,,,,,0.0,0,2014-01-15,2014-01-15,2014-01-15,,not observable,Alangalang Centre,POI 5×5,Reliability-qualified DNB-BRDF,1,G2,10.0
69,0,0.95,,,,,,0.0,0,2014-01-16,2014-01-16,2014-01-16,,not observable,Alangalang Centre,POI 5×5,Reliability-qualified DNB-BRDF,1,G2,10.0
70,0,0.95,,,,,,0.0,0,2014-01-17,2014-01-17,2014-01-17,,not observable,Alangalang Centre,POI 5×5,Reliability-qualified DNB-BRDF,1,G2,10.0
71,0,0.95,,,,,,0.0,0,2014-01-18,2014-01-18,2014-01-18,,not observable,Alangalang Centre,POI 5×5,Reliability-qualified DNB-BRDF,1,G2,10.0
72,0,0.95,,,,,,0.0,0,2014-01-19,2014-01-19,2014-01-19,,not observable,Alangalang Centre,POI 5×5,Reliability-qualified DNB-BRDF,1,G2,10.0
73,0,0.95,,,,,,0.0,0,2014-01-20,2014-01-20,2014-01-20,,not observable,Alangalang Centre,POI 5×5,Reliability-qualified DNB-BRDF,1,G2,10.0
74,0,0.95,,,,,,0.0,0,2014-01-21,2014-01-21,2014-01-21,,not observable,Alangalang Centre,POI 5×5,Reliability-qualified DNB-BRDF,1,G2,10.0
75,0,0.95,,,,,,0.0,0,2014-01-22,2014-01-22,2014-01-22,,not observable,Alangalang Centre,POI 5×5,Reliability-qualified DNB-BRDF,1,G2,10.0
76,0,0.95,,,,,,0.0,0,2014-01-23,2014-01-23,2014-01-23,,not observable,Alangalang Centre,POI 5×5,Reliability-qualified DNB-BRDF,1,G2,10.0
77,0,0.95,,,,,,0.0,0,2014-01-24,2014-01-24,2014-01-24,,not observable,Alangalang Centre,POI 5×5,Reliability-qualified DNB-BRDF,1,G2,10.0
78,0,0.95,8.539084,13.662122,62.501892,36.039974212646484,99.42050170898438,100.0,17,2014-01-25,2014-01-25,2014-01-25,0.5022990843828987,observed,Alangalang Centre,POI 5×5,Reliability-qualified DNB-BRDF,1,G2,10.0
79,0,0.95,,,,,,0.0,0,2014-01-26,2014-01-26,2014-01-26,,not observable,Alangalang Centre,POI 5×5,Reliability-qualified DNB-BRDF,1,G2,10.0
80,0,0.95,7.319827,13.662122,53.57753,30.893991470336914,85.22470092773438,100.0,17,2014-01-27,2014-01-27,2014-01-27,0.4305780635160558,observed,Alangalang Centre,POI 5×5,Reliability-qualified DNB-BRDF,1,G2,10.0
81,0,0.95,,,,,,0.0,0,2014-01-28,2014-01-28,2014-01-28,,not observable,Alangalang Centre,POI 5×5,Reliability-qualified DNB-BRDF,1,G2,10.0
82,0,0.95,6.7065535,13.662122,49.088665,28.305612564086914,78.08435821533203,100.0,17,2014-01-29,2014-01-29,2014-01-29,0.3945031446569106,observed,Alangalang Centre,POI 5×5,Reliability-qualified DNB-BRDF,1,G2,10.0
83,0,0.95,,,,,,0.0,0,2014-01-30,2014-01-30,2014-01-30,,not observable,Alangalang Centre,POI 5×5,Reliability-qualified DNB-BRDF,1,G2,10.0
84,0,0.95,,,,,,0.0,0,2014-01-31,2014-01-31,2014-01-31,,not observable,Alangalang Centre,POI 5×5,Reliability-qualified DNB-BRDF,1,G2,10.0
85,0,0.95,,,,,,0.0,0,2014-02-01,2014-02-01,2014-02-01,,not observable,Alangalang Centre,POI 5×5,Reliability-qualified DNB-BRDF,1,G2,10.0
86,0,0.95,9.64307,10.792198,89.352234,50.87779235839844,146.07275390625,76.47058823529412,13,2014-02-02,2014-02-02,2014-02-02,0.7417746323805589,observed,Alangalang Centre,POI 5×5,Reliability-qualified DNB-BRDF,1,G2,10.0
87,0,0.95,5.31704,13.662122,38.91811,22.4410457611084,61.90625762939453,100.0,17,2014-02-03,2014-02-03,2014-02-03,0.31276705685783834,observed,Alangalang Centre,POI 5×5,Reliability-qualified DNB-BRDF,1,G2,10.0
88,0,0.95,8.455724,13.662122,61.89173,35.68814468383789,98.44993591308594,100.0,17,2014-02-04,2014-02-04,2014-02-04,0.49739551544189453,observed,Alangalang Centre,POI 5×5,Reliability-qualified DNB-BRDF,1,G2,10.0
89,0,0.95,15.067314,13.662122,110.28532,63.592960357666016,175.4286346435547,100.0,17,2014-02-05,2014-02-05,2014-02-05,0.8863125969381893,observed,Alangalang Centre,POI 5×5,Reliability-qualified DNB-BRDF,1,G2,10.0
90,0,0.95,3.017519,4.687766,64.37009,38.060516357421875,98.10029602050781,47.05882352941177,8,2014-02-06,2014-02-06,2014-02-06,0.37718987464904785,observed,Alangalang Centre,POI 5×5,Reliability-qualified DNB-BRDF,1,G2,10.0
91,0,0.95,,,,,,0.0,0,2014-02-07,2014-02-07,2014-02-07,,not observable,Alangalang Centre,POI 5×5,Reliability-qualified DNB-BRDF,1,G2,10.0
92,0,0.95,,,,,,0.0,0,2014-02-08,2014-02-08,2014-02-08,,not observable,Alangalang Centre,POI 5×5,Reliability-qualified DNB-BRDF,1,G2,10.0
93,0,0.95,3.322364,13.662122,24.31807,14.022337913513184,38.6822624206543,100.0,17,2014-02-09,2014-02-09,2014-02-09,0.19543318187489228,observed,Alangalang Centre,POI 5×5,Reliability-qualified DNB-BRDF,1,G2,10.0
94,0,0.95,,,,,,0.0,0,2014-02-10,2014-02-10,2014-02-10,,not observable,Alangalang Centre,POI 5×5,Reliability-qualified DNB-BRDF,1,G2,10.0
95,0,0.95,,,,,,0.0,0,2014-02-11,2014-02-11,2014-02-11,,not observable,Alangalang Centre,POI 5×5,Reliability-qualified DNB-BRDF,1,G2,10.0
96,0,0.95,,,,,,0.0,0,2014-02-12,2014-02-12,2014-02-12,,not observable,Alangalang Centre,POI 5×5,Reliability-qualified DNB-BRDF,1,G2,10.0
97,0,0.95,,,,,,0.0,0,2014-02-13,2014-02-13,2014-02-13,,not observable,Alangalang Centre,POI 5×5,Reliability-qualified DNB-BRDF,1,G2,10.0
98,0,0.95,0.7114152,13.662122,5.2072086,3.002591848373413,8.283001899719238,100.0,17,2014-02-14,2014-02-14,2014-02-14,0.0418479512719547,observed,Alangalang Centre,POI 5×5,Reliability-qualified DNB-BRDF,1,G2,10.0
99,0,0.95,0.7261867,13.662122,5.3153286,3.064936399459839,8.454986572265625,100.0,17,2014-02-15,2014-02-15,2014-02-15,0.04271686427733477,observed,Alangalang Centre,POI 5×5,Reliability-qualified DNB-BRDF,1,G2,10.0
100,0,0.95,2.941469,13.662122,21.530102,12.41473388671875,34.247501373291016,100.0,17,2014-02-16,2014-02-16,2014-02-16,0.17302758553448847,observed,Alangalang Centre,POI 5×5,Reliability-qualified DNB-BRDF,1,G2,10.0
101,0,0.95,0.13,7.9313173,1.639072,0.9434391856193542,2.5617315769195557,82.3529411764706,14,2014-02-17,2014-02-17,2014-02-17,0.009285713945116316,observed,Alangalang Centre,POI 5×5,Reliability-qualified DNB-BRDF,1,G2,10.0
102,0,0.95,1.5504568,13.662122,11.348579,6.543842315673828,18.051956176757812,100.0,17,2014-02-18,2014-02-18,2014-02-18,0.09120333895963781,observed,Alangalang Centre,POI 5×5,Reliability-qualified DNB-BRDF,1,G2,10.0
103,0,0.95,2.2388587,12.9761,17.25371,9.824589729309082,27.502548217773438,94.11764705882354,16,2014-02-19,2014-02-19,2014-02-19,0.1399286687374115,observed,Alangalang Centre,POI 5×5,Reliability-qualified DNB-BRDF,1,G2,10.0
104,0,0.95,,,,,,0.0,0,2014-02-20,2014-02-20,2014-02-20,,not observable,Alangalang Centre,POI 5×5,Reliability-qualified DNB-BRDF,1,G2,10.0
105,0,0.95,11.808789,13.321339,88.64566,51.433860778808594,141.71002197265625,94.11764705882354,16,2014-02-21,2014-02-21,2014-02-21,0.738049328327179,observed,Alangalang Centre,POI 5×5,Reliability-qualified DNB-BRDF,1,G2,10.0
106,0,0.95,,,,,,0.0,0,2014-02-22,2014-02-22,2014-02-22,,not observable,Alangalang Centre,POI 5×5,Reliability-qualified DNB-BRDF,1,G2,10.0
107,0,0.95,1.6760219,2.8699243,58.399517,35.35932159423828,84.33641815185547,23.529411764705884,4,2014-02-23,2014-02-23,2014-02-23,0.41900548338890076,observed,Alangalang Centre,POI 5×5,Reliability-qualified DNB-BRDF,1,G2,10.0
108,0,0.95,4.8586507,13.662122,35.56293,20.50637435913086,56.569236755371094,100.0,17,2014-02-24,2014-02-24,2014-02-24,0.28580298143274646,observed,Alangalang Centre,POI 5×5,Reliability-qualified DNB-BRDF,1,G2,10.0
109,0,0.95,6.2603164,13.662122,45.82243,26.422229766845703,72.8888168334961,100.0,17,2014-02-25,2014-02-25,2014-02-25,0.3682539042304544,observed,Alangalang Centre,POI 5×5,Reliability-qualified DNB-BRDF,1,G2,10.0
110,0,0.95,13.1518955,13.662122,96.265396,55.50876235961914,153.12742614746094,100.0,17,2014-02-26,2014-02-26,2014-02-26,0.7736409131218406,observed,Alangalang Centre,POI 5×5,Reliability-qualified DNB-BRDF,1,G2,10.0
111,0,0.95,25.369423,13.662122,185.69168,107.07394409179688,295.37603759765625,100.0,17,2014-02-27,2014-02-27,2014-02-27,1.4923189948586857,observed,Alangalang Centre,POI 5×5,Reliability-qualified DNB-BRDF,1,G2,10.0
112,0,0.95,10.89057,13.662122,79.71361,45.96463394165039,126.79883575439453,100.0,17,2014-02-28,2014-02-28,2014-02-28,0.6406217462876264,observed,Alangalang Centre,POI 5×5,Reliability-qualified DNB-BRDF,1,G2,10.0
113,0,0.95,7.991604,12.599935,63.42576,36.54715347290039,100.01596069335938,88.23529411764706,15,2014-03-01,2014-03-01,2014-03-01,0.5327735900878906,observed,Alangalang Centre,POI 5×5,Reliability-qualified DNB-BRDF,1,G2,10.0
114,0,0.95,0.3087527,1.2432952,24.833418,17.244516372680664,31.97368812561035,11.764705882352942,2,2014-03-02,2014-03-02,2014-03-02,0.1543763428926468,observed,Alangalang Centre,POI 5×5,Reliability-qualified DNB-BRDF,1,G2,10.0
115,0,0.95,12.046985,13.662122,88.17799,50.84538650512695,140.26296997070312,100.0,17,2014-03-03,2014-03-03,2014-03-03,0.708646157208611,observed,Alangalang Centre,POI 5×5,Reliability-qualified DNB-BRDF,1,G2,10.0
116,0,0.95,16.8869,13.662122,123.60378,71.2726821899414,196.6140594482422,100.0,17,2014-03-04,2014-03-04,2014-03-04,0.9933470557717716,observed,Alangalang Centre,POI 5×5,Reliability-qualified DNB-BRDF,1,G2,10.0
117,0,0.95,10.328084,13.662122,75.59648,43.590606689453125,120.24980926513672,100.0,17,2014-03-05,2014-03-05,2014-03-05,0.6075343524708468,observed,Alangalang Centre,POI 5×5,Reliability-qualified DNB-BRDF,1,G2,10.0
118,0,0.95,9.528166,13.662122,69.74148,40.21448516845703,110.93637084960938,100.0,17,2014-03-06,2014-03-06,2014-03-06,0.5604803421918083,observed,Alangalang Centre,POI 5×5,Reliability-qualified DNB-BRDF,1,G2,10.0
119,0,0.95,,,,,,0.0,0,2014-03-07,2014-03-07,2014-03-07,,not observable,Alangalang Centre,POI 5×5,Reliability-qualified DNB-BRDF,1,G2,10.0
120,0,0.95,9.038827,13.662122,66.15976,38.14918518066406,105.23899841308594,100.0,17,2014-03-08,2014-03-08,2014-03-08,0.531695702496697,observed,Alangalang Centre,POI 5×5,Reliability-qualified DNB-BRDF,1,G2,10.0
121,0,0.95,8.558159,6.695819,127.813484,86.48670196533203,199.4452667236328,58.8235294117647,10,2014-03-09,2014-03-09,2014-03-09,0.8558158874511719,observed,Alangalang Centre,POI 5×5,Reliability-qualified DNB-BRDF,1,G2,10.0
122,0,0.95,,,,,,0.0,0,2014-03-10,2014-03-10,2014-03-10,,not observable,Alangalang Centre,POI 5×5,Reliability-qualified DNB-BRDF,1,G2,10.0
123,0,0.95,,,,,,0.0,0,2014-03-11,2014-03-11,2014-03-11,,not observable,Alangalang Centre,POI 5×5,Reliability-qualified DNB-BRDF,1,G2,10.0
124,0,0.95,,,,,,0.0,0,2014-03-12,2014-03-12,2014-03-12,,not observable,Alangalang Centre,POI 5×5,Reliability-qualified DNB-BRDF,1,G2,10.0
125,0,0.95,,,,,,0.0,0,2014-03-13,2014-03-13,2014-03-13,,not observable,Alangalang Centre,POI 5×5,Reliability-qualified DNB-BRDF,1,G2,10.0
126,0,0.95,2.5659008,1.9346273,132.63025,67.54212188720703,190.46966552734375,29.41176470588235,5,2014-03-14,2014-03-14,2014-03-14,0.513180160522461,observed,Alangalang Centre,POI 5×5,Reliability-qualified DNB-BRDF,1,G2,10.0
127,0,0.95,,,,,,0.0,0,2014-03-15,2014-03-15,2014-03-15,,not observable,Alangalang Centre,POI 5×5,Reliability-qualified DNB-BRDF,1,G2,10.0
128,0,0.95,2.3504465,13.662122,17.20411,9.920270919799805,27.36623191833496,100.0,17,2014-03-16,2014-03-16,2014-03-16,0.1382615566253662,observed,Alangalang Centre,POI 5×5,Reliability-qualified DNB-BRDF,1,G2,10.0
129,0,0.95,0.16,13.662122,1.1711211,0.6752943992614746,1.8628789186477661,100.0,17,2014-03-17,2014-03-17,2014-03-17,0.009411764495513019,observed,Alangalang Centre,POI 5×5,Reliability-qualified DNB-BRDF,1,G2,10.0
130,0,0.95,,,,,,0.0,0,2014-03-18,2014-03-18,2014-03-18,,not observable,Alangalang Centre,POI 5×5,Reliability-qualified DNB-BRDF,1,G2,10.0
131,0,0.95,,,,,,0.0,0,2014-03-19,2014-03-19,2014-03-19,,not observable,Alangalang Centre,POI 5×5,Reliability-qualified DNB-BRDF,1,G2,10.0
132,0,0.95,,,,,,0.0,0,2014-03-20,2014-03-20,2014-03-20,,not observable,Alangalang Centre,POI 5×5,Reliability-qualified DNB-BRDF,1,G2,10.0
133,0,0.95,,,,,,0.0,0,2014-03-21,2014-03-21,2014-03-21,,not observable,Alangalang Centre,POI 5×5,Reliability-qualified DNB-BRDF,1,G2,10.0
134,0,0.95,,,,,,0.0,0,2014-03-22,2014-03-22,2014-03-22,,not observable,Alangalang Centre,POI 5×5,Reliability-qualified DNB-BRDF,1,G2,10.0
135,0,0.95,,,,,,0.0,0,2014-03-23,2014-03-23,2014-03-23,,not observable,Alangalang Centre,POI 5×5,Reliability-qualified DNB-BRDF,1,G2,10.0
136,0,0.95,,,,,,0.0,0,2014-03-24,2014-03-24,2014-03-24,,not observable,Alangalang Centre,POI 5×5,Reliability-qualified DNB-BRDF,1,G2,10.0
137,0,0.95,11.227992,13.662122,82.18337,47.38875198364258,130.72743225097656,100.0,17,2014-03-25,2014-03-25,2014-03-25,0.660470121047076,observed,Alangalang Centre,POI 5×5,Reliability-qualified DNB-BRDF,1,G2,10.0
138,0,0.95,9.346646,13.662122,68.41284,39.4483642578125,108.82293701171875,100.0,17,2014-03-26,2014-03-26,2014-03-26,0.549802724052878,observed,Alangalang Centre,POI 5×5,Reliability-qualified DNB-BRDF,1,G2,10.0
139,0,0.95,17.654203,13.662122,129.22006,74.51115417480469,205.54776000976562,100.0,17,2014-03-27,2014-03-27,2014-03-27,1.0384825538186466,observed,Alangalang Centre,POI 5×5,Reliability-qualified DNB-BRDF,1,G2,10.0
140,0,0.95,,,,,,0.0,0,2014-03-28,2014-03-28,2014-03-28,,not observable,Alangalang Centre,POI 5×5,Reliability-qualified DNB-BRDF,1,G2,10.0
141,0,0.95,10.322315,13.662122,75.55427,43.56626510620117,120.18264770507812,100.0,17,2014-03-29,2014-03-29,2014-03-29,0.6071950127096737,observed,Alangalang Centre,POI 5×5,Reliability-qualified DNB-BRDF,1,G2,10.0
142,0,0.95,22.196445,13.662122,162.46704,93.68209838867188,258.4330749511719,100.0,17,2014-03-30,2014-03-30,2014-03-30,1.305673262652229,observed,Alangalang Centre,POI 5×5,Reliability-qualified DNB-BRDF,1,G2,10.0
143,0,0.95,36.99656,13.662122,270.7966,156.14732360839844,430.7507019042969,100.0,17,2014-03-31,2014-03-31,2014-03-31,2.176268184886259,observed,Alangalang Centre,POI 5×5,Reliability-qualified DNB-BRDF,1,G2,10.0
144,0,0.95,5.071823,3.73767,135.69478,75.7686538696289,213.27162170410156,47.05882352941177,8,2014-04-01,2014-04-01,2014-04-01,0.6339778900146484,observed,Alangalang Centre,POI 5×5,Reliability-qualified DNB-BRDF,1,G2,10.0
145,0,0.95,12.672469,13.662122,92.75623,53.48530197143555,147.54547119140625,100.0,17,2014-04-02,2014-04-02,2014-04-02,0.7454393611234778,observed,Alangalang Centre,POI 5×5,Reliability-qualified DNB-BRDF,1,G2,10.0
146,0,0.95,2.6025946,3.0131123,86.375626,51.39755630493164,123.44803619384766,35.294117647058826,6,2014-04-03,2014-04-03,2014-04-03,0.4337657690048218,observed,Alangalang Centre,POI 5×5,Reliability-qualified DNB-BRDF,1,G2,10.0
147,0,0.95,23.697392,13.662122,173.45323,100.01698303222656,275.9085693359375,100.0,17,2014-04-04,2014-04-04,2014-04-04,1.3939642064711626,observed,Alangalang Centre,POI 5×5,Reliability-qualified DNB-BRDF,1,G2,10.0
148,0,0.95,52.232426,13.662122,382.31564,220.45166015625,608.1417846679688,100.0,17,2014-04-05,2014-04-05,2014-04-05,3.0724956288057217,observed,Alangalang Centre,POI 5×5,Reliability-qualified DNB-BRDF,1,G2,10.0
149,0,0.95,,,,,,0.0,0,2014-04-06,2014-04-06,2014-04-06,,not observable,Alangalang Centre,POI 5×5,Reliability-qualified DNB-BRDF,1,G2,10.0
150,0,0.95,3.806909,6.5289354,58.30827,33.4914436340332,89.45008850097656,64.70588235294117,11,2014-04-07,2014-04-07,2014-04-07,0.3460826440290971,observed,Alangalang Centre,POI 5×5,Reliability-qualified DNB-BRDF,1,G2,10.0
151,0,0.95,,,,,,5.882352941176471,1,2014-04-08,2014-04-08,2014-04-08,,not observable,Alangalang Centre,POI 5×5,Reliability-qualified DNB-BRDF,1,G2,10.0
152,0,0.95,,,,,,0.0,0,2014-04-09,2014-04-09,2014-04-09,,not observable,Alangalang Centre,POI 5×5,Reliability-qualified DNB-BRDF,1,G2,10.0
153,0,0.95,11.937307,11.43533,104.3897,60.59976577758789,160.8870391845703,82.3529411764706,14,2014-04-10,2014-04-10,2014-04-10,0.8526648112705776,observed,Alangalang Centre,POI 5×5,Reliability-qualified DNB-BRDF,1,G2,10.0
154,0,0.95,9.507766,11.68358,81.37716,49.243736267089844,126.33656311035156,88.23529411764706,15,2014-04-11,2014-04-11,2014-04-11,0.6338510513305664,observed,Alangalang Centre,POI 5×5,Reliability-qualified DNB-BRDF,1,G2,10.0
155,0,0.95,,,,,,0.0,0,2014-04-12,2014-04-12,2014-04-12,,not observable,Alangalang Centre,POI 5×5,Reliability-qualified DNB-BRDF,1,G2,10.0
156,0,0.95,,,,,,0.0,0,2014-04-13,2014-04-13,2014-04-13,,not observable,Alangalang Centre,POI 5×5,Reliability-qualified DNB-BRDF,1,G2,10.0
157,0,0.95,,,,,,0.0,0,2014-04-14,2014-04-14,2014-04-14,,not observable,Alangalang Centre,POI 5×5,Reliability-qualified DNB-BRDF,1,G2,10.0
158,0,0.95,,,,,,0.0,0,2014-04-15,2014-04-15,2014-04-15,,not observable,Alangalang Centre,POI 5×5,Reliability-qualified DNB-BRDF,1,G2,10.0
159,0,0.95,,,,,,0.0,0,2014-04-16,2014-04-16,2014-04-16,,not observable,Alangalang Centre,POI 5×5,Reliability-qualified DNB-BRDF,1,G2,10.0
160,0,0.95,,,,,,0.0,0,2014-04-17,2014-04-17,2014-04-17,,not observable,Alangalang Centre,POI 5×5,Reliability-qualified DNB-BRDF,1,G2,10.0
161,0,0.95,4.718312,11.511053,40.989403,24.42099952697754,66.61029815673828,88.23529411764706,15,2014-04-18,2014-04-18,2014-04-18,0.31455411911010744,observed,Alangalang Centre,POI 5×5,Reliability-qualified DNB-BRDF,1,G2,10.0
162,0,0.95,3.035144,9.025833,33.6273,18.264259338378906,54.548683166503906,88.23529411764706,15,2014-04-19,2014-04-19,2014-04-19,0.20234293937683107,observed,Alangalang Centre,POI 5×5,Reliability-qualified DNB-BRDF,1,G2,10.0
163,0,0.95,,,,,,0.0,0,2014-04-20,2014-04-20,2014-04-20,,not observable,Alangalang Centre,POI 5×5,Reliability-qualified DNB-BRDF,1,G2,10.0
164,0,0.95,20.242517,10.621393,190.5825,115.79891204833984,292.2172546386719,76.47058823529412,13,2014-04-21,2014-04-21,2014-04-21,1.557116728562575,observed,Alangalang Centre,POI 5×5,Reliability-qualified DNB-BRDF,1,G2,10.0
165,0,0.95,13.0046215,7.2729154,178.80893,104.33760070800781,283.8130798339844,47.05882352941177,8,2014-04-22,2014-04-22,2014-04-22,1.625577688217163,observed,Alangalang Centre,POI 5×5,Reliability-qualified DNB-BRDF,1,G2,10.0
166,0,0.95,11.759783,13.464509,87.33911,50.17323684692383,138.76931762695312,94.11764705882354,16,2014-04-23,2014-04-23,2014-04-23,0.734986424446106,observed,Alangalang Centre,POI 5×5,Reliability-qualified DNB-BRDF,1,G2,10.0
167,0,0.95,13.42193,13.662122,98.24191,56.64846420288086,156.2714385986328,100.0,17,2014-04-24,2014-04-24,2014-04-24,0.7895253125359031,observed,Alangalang Centre,POI 5×5,Reliability-qualified DNB-BRDF,1,G2,10.0
168,0,0.95,15.990542,13.662122,117.04289,67.4895248413086,186.17776489257812,100.0,17,2014-04-25,2014-04-25,2014-04-25,0.9406201418708352,observed,Alangalang Centre,POI 5×5,Reliability-qualified DNB-BRDF,1,G2,10.0
169,0,0.95,11.330177,13.662122,82.93131,47.82003402709961,131.91717529296875,100.0,17,2014-04-26,2014-04-26,2014-04-26,0.6664810180664062,observed,Alangalang Centre,POI 5×5,Reliability-qualified DNB-BRDF,1,G2,10.0
170,0,0.95,32.37583,13.662122,236.97514,136.64512634277344,376.95159912109375,100.0,17,2014-04-27,2014-04-27,2014-04-27,1.9044606825884651,observed,Alangalang Centre,POI 5×5,Reliability-qualified DNB-BRDF,1,G2,10.0
171,0,0.95,11.673747,11.887219,98.20419,57.669559478759766,161.38052368164062,94.11764705882354,16,2014-04-28,2014-04-28,2014-04-28,0.7296091914176941,observed,Alangalang Centre,POI 5×5,Reliability-qualified DNB-BRDF,1,G2,10.0
172,0,0.95,7.4342422,10.984708,67.6781,38.74778747558594,113.9552993774414,88.23529411764706,15,2014-04-29,2014-04-29,2014-04-29,0.49561614990234376,observed,Alangalang Centre,POI 5×5,Reliability-qualified DNB-BRDF,1,G2,10.0
173,0,0.95,16.354185,13.662122,119.704575,69.02430725097656,190.4116668701172,100.0,17,2014-04-30,2014-04-30,2014-04-30,0.9620108884923598,observed,Alangalang Centre,POI 5×5,Reliability-qualified DNB-BRDF,1,G2,10.0
174,0,0.95,33.692112,13.662122,246.60966,142.20059204101562,392.27703857421875,100.0,17,2014-05-01,2014-05-01,2014-05-01,1.9818889393525965,observed,Alangalang Centre,POI 5×5,Reliability-qualified DNB-BRDF,1,G2,10.0
175,0,0.95,38.659695,13.662122,282.9699,163.16673278808594,450.11456298828125,100.0,17,2014-05-02,2014-05-02,2014-05-02,2.274099686566521,observed,Alangalang Centre,POI 5×5,Reliability-qualified DNB-BRDF,1,G2,10.0
176,0,0.95,,,,,,0.0,0,2014-05-03,2014-05-03,2014-05-03,,not observable,Alangalang Centre,POI 5×5,Reliability-qualified DNB-BRDF,1,G2,10.0
177,0,0.95,11.076759,13.662122,81.076416,46.75046157836914,128.9666290283203,100.0,17,2014-05-04,2014-05-04,2014-05-04,0.651574078728171,observed,Alangalang Centre,POI 5×5,Reliability-qualified DNB-BRDF,1,G2,10.0
178,0,0.95,,,,,,5.882352941176471,1,2014-05-05,2014-05-05,2014-05-05,,not observable,Alangalang Centre,POI 5×5,Reliability-qualified DNB-BRDF,1,G2,10.0
179,0,0.95,22.34917,13.662122,163.58492,94.32669067382812,260.21124267578125,100.0,17,2014-05-06,2014-05-06,2014-05-06,1.3146570991067326,observed,Alangalang Centre,POI 5×5,Reliability-qualified DNB-BRDF,1,G2,10.0
180,0,0.95,30.942356,13.662122,226.4828,130.59500122070312,360.2616271972656,100.0,17,2014-05-07,2014-05-07,2014-05-07,1.820138594683479,observed,Alangalang Centre,POI 5×5,Reliability-qualified DNB-BRDF,1,G2,10.0
181,0,0.95,22.961924,13.662122,168.06996,96.91287231445312,267.34552001953125,100.0,17,2014-05-08,2014-05-08,2014-05-08,1.3507013881907743,observed,Alangalang Centre,POI 5×5,Reliability-qualified DNB-BRDF,1,G2,10.0
182,0,0.95,,,,,,0.0,0,2014-05-09,2014-05-09,2014-05-09,,not observable,Alangalang Centre,POI 5×5,Reliability-qualified DNB-BRDF,1,G2,10.0
183,0,0.95,8.217701,11.887219,69.130554,40.59632110595703,113.60335540771484,94.11764705882354,16,2014-05-10,2014-05-10,2014-05-10,0.5136063098907471,observed,Alangalang Centre,POI 5×5,Reliability-qualified DNB-BRDF,1,G2,10.0
184,0,0.95,9.329348,11.887219,78.48217,46.087974548339844,128.97100830078125,94.11764705882354,16,2014-05-11,2014-05-11,2014-05-11,0.583084225654602,observed,Alangalang Centre,POI 5×5,Reliability-qualified DNB-BRDF,1,G2,10.0
185,0,0.95,,,,,,0.0,0,2014-05-12,2014-05-12,2014-05-12,,not observable,Alangalang Centre,POI 5×5,Reliability-qualified DNB-BRDF,1,G2,10.0
186,0,0.95,10.871225,12.778096,85.077034,49.088592529296875,135.63343811035156,94.11764705882354,16,2014-05-13,2014-05-13,2014-05-13,0.679451584815979,observed,Alangalang Centre,POI 5×5,Reliability-qualified DNB-BRDF,1,G2,10.0
187,0,0.95,2.1153615,9.025833,23.436745,12.729382514953613,38.018028259277344,88.23529411764706,15,2014-05-14,2014-05-14,2014-05-14,0.14102409680684408,observed,Alangalang Centre,POI 5×5,Reliability-qualified DNB-BRDF,1,G2,10.0
188,0,0.95,2.2609196,9.025833,25.049427,13.605291366577148,40.63404846191406,88.23529411764706,15,2014-05-15,2014-05-15,2014-05-15,0.15072797139485677,observed,Alangalang Centre,POI 5×5,Reliability-qualified DNB-BRDF,1,G2,10.0
189,0,0.95,2.8574586,11.887219,24.038073,14.11614990234375,39.50215148925781,94.11764705882354,16,2014-05-16,2014-05-16,2014-05-16,0.17859116196632385,observed,Alangalang Centre,POI 5×5,Reliability-qualified DNB-BRDF,1,G2,10.0
190,0,0.95,11.162838,12.778096,87.35916,50.40536117553711,139.27169799804688,94.11764705882354,16,2014-05-17,2014-05-17,2014-05-17,0.6976773738861084,observed,Alangalang Centre,POI 5×5,Reliability-qualified DNB-BRDF,1,G2,10.0
191,0,0.95,17.976957,12.599935,142.675,82.21210479736328,224.98394775390625,88.23529411764706,15,2014-05-18,2014-05-18,2014-05-18,1.1984638214111327,observed,Alangalang Centre,POI 5×5,Reliability-qualified DNB-BRDF,1,G2,10.0
192,0,0.95,11.068413,11.811496,93.70882,53.677101135253906,146.21604919433594,88.23529411764706,15,2014-05-19,2014-05-19,2014-05-19,0.7378941853841146,observed,Alangalang Centre,POI 5×5,Reliability-qualified DNB-BRDF,1,G2,10.0
193,0,0.95,,,,,,0.0,0,2014-05-20,2014-05-20,2014-05-20,,not observable,Alangalang Centre,POI 5×5,Reliability-qualified DNB-BRDF,1,G2,10.0
194,0,0.95,7.4951725,7.3636756,101.78575,59.056339263916016,173.22940063476562,52.94117647058823,9,2014-05-21,2014-05-21,2014-05-21,0.8327969445122613,observed,Alangalang Centre,POI 5×5,Reliability-qualified DNB-BRDF,1,G2,10.0
195,0,0.95,,,,,,0.0,0,2014-05-22,2014-05-22,2014-05-22,,not observable,Alangalang Centre,POI 5×5,Reliability-qualified DNB-BRDF,1,G2,10.0
196,0,0.95,37.70011,13.662122,275.94626,159.11672973632812,438.942138671875,100.0,17,2014-05-23,2014-05-23,2014-05-23,2.217653611127068,observed,Alangalang Centre,POI 5×5,Reliability-qualified DNB-BRDF,1,G2,10.0
197,0,0.95,,,,,,0.0,0,2014-05-24,2014-05-24,2014-05-24,,not observable,Alangalang Centre,POI 5×5,Reliability-qualified DNB-BRDF,1,G2,10.0
198,0,0.95,,,,,,0.0,0,2014-05-25,2014-05-25,2014-05-25,,not observable,Alangalang Centre,POI 5×5,Reliability-qualified DNB-BRDF,1,G2,10.0
199,0,0.95,11.810557,13.662122,86.447464,49.8475227355957,137.51023864746094,100.0,17,2014-05-26,2014-05-26,2014-05-26,0.6947386685539695,observed,Alangalang Centre,POI 5×5,Reliability-qualified DNB-BRDF,1,G2,10.0
200,0,0.95,15.171504,9.025833,168.08978,91.2959213256836,272.6676330566406,88.23529411764706,15,2014-05-27,2014-05-27,2014-05-27,1.0114336013793945,observed,Alangalang Centre,POI 5×5,Reliability-qualified DNB-BRDF,1,G2,10.0
201,0,0.95,30.140562,13.662122,220.61406,127.2109603881836,350.9263610839844,100.0,17,2014-05-28,2014-05-28,2014-05-28,1.7729742386761833,observed,Alangalang Centre,POI 5×5,Reliability-qualified DNB-BRDF,1,G2,10.0
202,0,0.95,,,,,,0.0,0,2014-05-29,2014-05-29,2014-05-29,,not observable,Alangalang Centre,POI 5×5,Reliability-qualified DNB-BRDF,1,G2,10.0
203,0,0.95,14.13322,13.662122,103.44821,59.65053176879883,164.55299377441406,100.0,17,2014-05-30,2014-05-30,2014-05-30,0.8313658658195945,observed,Alangalang Centre,POI 5×5,Reliability-qualified DNB-BRDF,1,G2,10.0
204,0,0.95,8.72566,12.599935,69.25163,39.904136657714844,109.20277404785156,88.23529411764706,15,2014-05-31,2014-05-31,2014-05-31,0.581710688273112,observed,Alangalang Centre,POI 5×5,Reliability-qualified DNB-BRDF,1,G2,10.0
205,0,0.95,13.130218,13.662122,96.10672,55.417266845703125,152.87503051757812,100.0,17,2014-06-01,2014-06-01,2014-06-01,0.7723657383638269,observed,Alangalang Centre,POI 5×5,Reliability-qualified DNB-BRDF,1,G2,10.0
206,0,0.95,30.915583,13.662122,226.28683,130.4820098876953,359.9499206542969,100.0,17,2014-06-02,2014-06-02,2014-06-02,1.8185636856976677,observed,Alangalang Centre,POI 5×5,Reliability-qualified DNB-BRDF,1,G2,10.0
207,0,0.95,32.189465,13.662122,235.61102,135.85853576660156,374.78173828125,100.0,17,2014-06-03,2014-06-03,2014-06-03,1.8934979158289291,observed,Alangalang Centre,POI 5×5,Reliability-qualified DNB-BRDF,1,G2,10.0
208,0,0.95,,,,,,0.0,0,2014-06-04,2014-06-04,2014-06-04,,not observable,Alangalang Centre,POI 5×5,Reliability-qualified DNB-BRDF,1,G2,10.0
209,0,0.95,16.043074,13.662122,117.4274,67.71124267578125,186.78939819335938,100.0,17,2014-06-05,2014-06-05,2014-06-05,0.9437102149514591,observed,Alangalang Centre,POI 5×5,Reliability-qualified DNB-BRDF,1,G2,10.0
210,0,0.95,13.778986,13.662122,100.855385,58.155452728271484,160.4286346435547,100.0,17,2014-06-06,2014-06-06,2014-06-06,0.8105285868925207,observed,Alangalang Centre,POI 5×5,Reliability-qualified DNB-BRDF,1,G2,10.0
211,0,0.95,9.3491535,5.519451,169.38556,81.23236083984375,266.1656494140625,47.05882352941177,8,2014-06-07,2014-06-07,2014-06-07,1.1686441898345947,observed,Alangalang Centre,POI 5×5,Reliability-qualified DNB-BRDF,1,G2,10.0
212,0,0.95,,,,,,0.0,0,2014-06-08,2014-06-08,2014-06-08,,not observable,Alangalang Centre,POI 5×5,Reliability-qualified DNB-BRDF,1,G2,10.0
213,0,0.95,,,,,,0.0,0,2014-06-09,2014-06-09,2014-06-09,,not observable,Alangalang Centre,POI 5×5,Reliability-qualified DNB-BRDF,1,G2,10.0
214,0,0.95,,,,,,0.0,0,2014-06-10,2014-06-10,2014-06-10,,not observable,Alangalang Centre,POI 5×5,Reliability-qualified DNB-BRDF,1,G2,10.0
215,0,0.95,,,,,,0.0,0,2014-06-11,2014-06-11,2014-06-11,,not observable,Alangalang Centre,POI 5×5,Reliability-qualified DNB-BRDF,1,G2,10.0
216,0,0.95,,,,,,0.0,0,2014-06-12,2014-06-12,2014-06-12,,not observable,Alangalang Centre,POI 5×5,Reliability-qualified DNB-BRDF,1,G2,10.0
217,0,0.95,,,,,,5.882352941176471,1,2014-06-13,2014-06-13,2014-06-13,,not observable,Alangalang Centre,POI 5×5,Reliability-qualified DNB-BRDF,1,G2,10.0
218,0,0.95,,,,,,0.0,0,2014-06-14,2014-06-14,2014-06-14,,not observable,Alangalang Centre,POI 5×5,Reliability-qualified DNB-BRDF,1,G2,10.0
219,0,0.95,,,,,,0.0,0,2014-06-15,2014-06-15,2014-06-15,,not observable,Alangalang Centre,POI 5×5,Reliability-qualified DNB-BRDF,1,G2,10.0
220,0,0.95,,,,,,0.0,0,2014-06-16,2014-06-16,2014-06-16,,not observable,Alangalang Centre,POI 5×5,Reliability-qualified DNB-BRDF,1,G2,10.0
221,0,0.95,4.7121897,9.025833,52.20781,28.356035232543945,84.68914031982422,88.23529411764706,15,2014-06-17,2014-06-17,2014-06-17,0.31414597829182944,observed,Alangalang Centre,POI 5×5,Reliability-qualified DNB-BRDF,1,G2,10.0
222,0,0.95,,,,,,0.0,0,2014-06-18,2014-06-18,2014-06-18,,not observable,Alangalang Centre,POI 5×5,Reliability-qualified DNB-BRDF,1,G2,10.0
223,0,0.95,,,,,,0.0,0,2014-06-19,2014-06-19,2014-06-19,,not observable,Alangalang Centre,POI 5×5,Reliability-qualified DNB-BRDF,1,G2,10.0
224,0,0.95,,,,,,0.0,0,2014-06-20,2014-06-20,2014-06-20,,not observable,Alangalang Centre,POI 5×5,Reliability-qualified DNB-BRDF,1,G2,10.0
225,0,0.95,,,,,,0.0,0,2014-06-21,2014-06-21,2014-06-21,,not observable,Alangalang Centre,POI 5×5,Reliability-qualified DNB-BRDF,1,G2,10.0
226,0,0.95,11.639251,13.662122,85.19358,49.124507904052734,135.51571655273438,100.0,17,2014-06-22,2014-06-22,2014-06-22,0.6846618091358858,observed,Alangalang Centre,POI 5×5,Reliability-qualified DNB-BRDF,1,G2,10.0
227,0,0.95,25.0914,13.662122,183.6567,105.90052032470703,292.1390075683594,100.0,17,2014-06-23,2014-06-23,2014-06-23,1.4759647144990808,observed,Alangalang Centre,POI 5×5,Reliability-qualified DNB-BRDF,1,G2,10.0
228,0,0.95,,,,,,0.0,0,2014-06-24,2014-06-24,2014-06-24,,not observable,Alangalang Centre,POI 5×5,Reliability-qualified DNB-BRDF,1,G2,10.0
229,0,0.95,,,,,,0.0,0,2014-06-25,2014-06-25,2014-06-25,,not observable,Alangalang Centre,POI 5×5,Reliability-qualified DNB-BRDF,1,G2,10.0
230,0,0.95,,,,,,0.0,0,2014-06-26,2014-06-26,2014-06-26,,not observable,Alangalang Centre,POI 5×5,Reliability-qualified DNB-BRDF,1,G2,10.0
231,0,0.95,10.427301,11.847772,88.01065,51.98990249633789,140.88714599609375,82.3529411764706,14,2014-06-27,2014-06-27,2014-06-27,0.744807243347168,observed,Alangalang Centre,POI 5×5,Reliability-qualified DNB-BRDF,1,G2,10.0
232,0,0.95,11.265296,13.662122,82.45641,47.54619598388672,131.16175842285156,100.0,17,2014-06-28,2014-06-28,2014-06-28,0.6626644695506376,observed,Alangalang Centre,POI 5×5,Reliability-qualified DNB-BRDF,1,G2,10.0
233,0,0.95,,,,,,0.0,0,2014-06-29,2014-06-29,2014-06-29,,not observable,Alangalang Centre,POI 5×5,Reliability-qualified DNB-BRDF,1,G2,10.0
234,0,0.95,,,,,,0.0,0,2014-06-30,2014-06-30,2014-06-30,,not observable,Alangalang Centre,POI 5×5,Reliability-qualified DNB-BRDF,1,G2,10.0
235,0,0.95,,,,,,0.0,0,2014-07-01,2014-07-01,2014-07-01,,not observable,Alangalang Centre,POI 5×5,Reliability-qualified DNB-BRDF,1,G2,10.0
236,0,0.95,,,,,,0.0,0,2014-07-02,2014-07-02,2014-07-02,,not observable,Alangalang Centre,POI 5×5,Reliability-qualified DNB-BRDF,1,G2,10.0
237,0,0.95,12.503319,13.662122,91.518135,52.771385192871094,145.57606506347656,100.0,17,2014-07-03,2014-07-03,2014-07-03,0.7354893403894761,observed,Alangalang Centre,POI 5×5,Reliability-qualified DNB-BRDF,1,G2,10.0
238,0,0.95,,,,,,0.0,0,2014-07-04,2014-07-04,2014-07-04,,not observable,Alangalang Centre,POI 5×5,Reliability-qualified DNB-BRDF,1,G2,10.0
239,0,0.95,,,,,,0.0,0,2014-07-05,2014-07-05,2014-07-05,,not observable,Alangalang Centre,POI 5×5,Reliability-qualified DNB-BRDF,1,G2,10.0
240,0,0.95,,,,,,0.0,0,2014-07-06,2014-07-06,2014-07-06,,not observable,Alangalang Centre,POI 5×5,Reliability-qualified DNB-BRDF,1,G2,10.0
241,0,0.95,,,,,,0.0,0,2014-07-07,2014-07-07,2014-07-07,,not observable,Alangalang Centre,POI 5×5,Reliability-qualified DNB-BRDF,1,G2,10.0
242,0,0.95,,,,,,0.0,0,2014-07-08,2014-07-08,2014-07-08,,not observable,Alangalang Centre,POI 5×5,Reliability-qualified DNB-BRDF,1,G2,10.0
243,0,0.95,,,,,,0.0,0,2014-07-09,2014-07-09,2014-07-09,,not observable,Alangalang Centre,POI 5×5,Reliability-qualified DNB-BRDF,1,G2,10.0
244,0,0.95,,,,,,0.0,0,2014-07-10,2014-07-10,2014-07-10,,not observable,Alangalang Centre,POI 5×5,Reliability-qualified DNB-BRDF,1,G2,10.0
245,0,0.95,6.103574,13.662122,44.67515,25.760683059692383,71.0638656616211,100.0,17,2014-07-11,2014-07-11,2014-07-11,0.3590337528901942,observed,Alangalang Centre,POI 5×5,Reliability-qualified DNB-BRDF,1,G2,10.0
246,0,0.95,0.8660214,6.309794,13.725035,8.268061637878418,21.642515182495117,35.294117647058826,6,2014-07-12,2014-07-12,2014-07-12,0.14433689912160239,observed,Alangalang Centre,POI 5×5,Reliability-qualified DNB-BRDF,1,G2,10.0
247,0,0.95,3.127868,13.662122,22.894453,13.201449394226074,36.417747497558594,100.0,17,2014-07-13,2014-07-13,2014-07-13,0.18399223159341252,observed,Alangalang Centre,POI 5×5,Reliability-qualified DNB-BRDF,1,G2,10.0
248,0,0.95,,,,,,0.0,0,2014-07-14,2014-07-14,2014-07-14,,not observable,Alangalang Centre,POI 5×5,Reliability-qualified DNB-BRDF,1,G2,10.0
249,0,0.95,,,,,,0.0,0,2014-07-15,2014-07-15,2014-07-15,,not observable,Alangalang Centre,POI 5×5,Reliability-qualified DNB-BRDF,1,G2,10.0
250,0,0.95,4.447683,7.9605346,55.87166,29.847612380981445,91.06415557861328,76.47058823529412,13,2014-07-16,2014-07-16,2014-07-16,0.34212945057795596,observed,Alangalang Centre,POI 5×5,Reliability-qualified DNB-BRDF,1,G2,10.0
251,0,0.95,10.143813,12.091793,83.89006,47.817481994628906,136.82589721679688,82.3529411764706,14,2014-07-17,2014-07-17,2014-07-17,0.7245580809456962,observed,Alangalang Centre,POI 5×5,Reliability-qualified DNB-BRDF,1,G2,10.0
252,0,0.95,,,,,,0.0,0,2014-07-18,2014-07-18,2014-07-18,,not observable,Alangalang Centre,POI 5×5,Reliability-qualified DNB-BRDF,1,G2,10.0
253,0,0.95,,,,,,0.0,0,2014-07-19,2014-07-19,2014-07-19,,not observable,Alangalang Centre,POI 5×5,Reliability-qualified DNB-BRDF,1,G2,10.0
254,0,0.95,,,,,,0.0,0,2014-07-20,2014-07-20,2014-07-20,,not observable,Alangalang Centre,POI 5×5,Reliability-qualified DNB-BRDF,1,G2,10.0
255,0,0.95,,,,,,0.0,0,2014-07-21,2014-07-21,2014-07-21,,not observable,Alangalang Centre,POI 5×5,Reliability-qualified DNB-BRDF,1,G2,10.0
256,0,0.95,,,,,,0.0,0,2014-07-22,2014-07-22,2014-07-22,,not observable,Alangalang Centre,POI 5×5,Reliability-qualified DNB-BRDF,1,G2,10.0
257,0,0.95,,,,,,0.0,0,2014-07-23,2014-07-23,2014-07-23,,not observable,Alangalang Centre,POI 5×5,Reliability-qualified DNB-BRDF,1,G2,10.0
258,0,0.95,,,,,,0.0,0,2014-07-24,2014-07-24,2014-07-24,,not observable,Alangalang Centre,POI 5×5,Reliability-qualified DNB-BRDF,1,G2,10.0
259,0,0.95,,,,,,0.0,0,2014-07-25,2014-07-25,2014-07-25,,not observable,Alangalang Centre,POI 5×5,Reliability-qualified DNB-BRDF,1,G2,10.0
260,0,0.95,,,,,,0.0,0,2014-07-26,2014-07-26,2014-07-26,,not observable,Alangalang Centre,POI 5×5,Reliability-qualified DNB-BRDF,1,G2,10.0
261,0,0.95,,,,,,0.0,0,2014-07-27,2014-07-27,2014-07-27,,not observable,Alangalang Centre,POI 5×5,Reliability-qualified DNB-BRDF,1,G2,10.0
262,0,0.95,,,,,,0.0,0,2014-07-28,2014-07-28,2014-07-28,,not observable,Alangalang Centre,POI 5×5,Reliability-qualified DNB-BRDF,1,G2,10.0
263,0,0.95,,,,,,0.0,0,2014-07-29,2014-07-29,2014-07-29,,not observable,Alangalang Centre,POI 5×5,Reliability-qualified DNB-BRDF,1,G2,10.0
264,0,0.95,,,,,,0.0,0,2014-07-30,2014-07-30,2014-07-30,,not observable,Alangalang Centre,POI 5×5,Reliability-qualified DNB-BRDF,1,G2,10.0
265,0,0.95,,,,,,0.0,0,2014-07-31,2014-07-31,2014-07-31,,not observable,Alangalang Centre,POI 5×5,Reliability-qualified DNB-BRDF,1,G2,10.0
266,0,0.95,,,,,,0.0,0,2014-08-01,2014-08-01,2014-08-01,,not observable,Alangalang Centre,POI 5×5,Reliability-qualified DNB-BRDF,1,G2,10.0
267,0,0.95,,,,,,0.0,0,2014-08-02,2014-08-02,2014-08-02,,not observable,Alangalang Centre,POI 5×5,Reliability-qualified DNB-BRDF,1,G2,10.0
268,0,0.95,,,,,,0.0,0,2014-08-03,2014-08-03,2014-08-03,,not observable,Alangalang Centre,POI 5×5,Reliability-qualified DNB-BRDF,1,G2,10.0
269,0,0.95,,,,,,0.0,0,2014-08-04,2014-08-04,2014-08-04,,not observable,Alangalang Centre,POI 5×5,Reliability-qualified DNB-BRDF,1,G2,10.0
270,0,0.95,,,,,,0.0,0,2014-08-05,2014-08-05,2014-08-05,,not observable,Alangalang Centre,POI 5×5,Reliability-qualified DNB-BRDF,1,G2,10.0
271,0,0.95,35.594025,13.662122,260.5307,150.227783203125,414.42095947265625,100.0,17,2014-08-06,2014-08-06,2014-08-06,2.0937661563648895,observed,Alangalang Centre,POI 5×5,Reliability-qualified DNB-BRDF,1,G2,10.0
272,0,0.95,,,,,,0.0,0,2014-08-07,2014-08-07,2014-08-07,,not observable,Alangalang Centre,POI 5×5,Reliability-qualified DNB-BRDF,1,G2,10.0
273,0,0.95,,,,,,0.0,0,2014-08-08,2014-08-08,2014-08-08,,not observable,Alangalang Centre,POI 5×5,Reliability-qualified DNB-BRDF,1,G2,10.0
274,0,0.95,4.26089,11.887219,35.844296,21.049251556396484,58.903507232666016,94.11764705882354,16,2014-08-09,2014-08-09,2014-08-09,0.2663056254386902,observed,Alangalang Centre,POI 5×5,Reliability-qualified DNB-BRDF,1,G2,10.0
275,0,0.95,4.7767954,11.003194,43.412807,25.55086326599121,71.72395324707031,88.23529411764706,15,2014-08-10,2014-08-10,2014-08-10,0.3184530258178711,observed,Alangalang Centre,POI 5×5,Reliability-qualified DNB-BRDF,1,G2,10.0
276,0,0.95,,,,,,0.0,0,2014-08-11,2014-08-11,2014-08-11,,not observable,Alangalang Centre,POI 5×5,Reliability-qualified DNB-BRDF,1,G2,10.0
277,0,0.95,,,,,,0.0,0,2014-08-12,2014-08-12,2014-08-12,,not observable,Alangalang Centre,POI 5×5,Reliability-qualified DNB-BRDF,1,G2,10.0
278,0,0.95,,,,,,0.0,0,2014-08-13,2014-08-13,2014-08-13,,not observable,Alangalang Centre,POI 5×5,Reliability-qualified DNB-BRDF,1,G2,10.0
279,0,0.95,,,,,,0.0,0,2014-08-14,2014-08-14,2014-08-14,,not observable,Alangalang Centre,POI 5×5,Reliability-qualified DNB-BRDF,1,G2,10.0
280,0,0.95,,,,,,0.0,0,2014-08-15,2014-08-15,2014-08-15,,not observable,Alangalang Centre,POI 5×5,Reliability-qualified DNB-BRDF,1,G2,10.0
281,0,0.95,,,,,,0.0,0,2014-08-16,2014-08-16,2014-08-16,,not observable,Alangalang Centre,POI 5×5,Reliability-qualified DNB-BRDF,1,G2,10.0
282,0,0.95,,,,,,0.0,0,2014-08-17,2014-08-17,2014-08-17,,not observable,Alangalang Centre,POI 5×5,Reliability-qualified DNB-BRDF,1,G2,10.0
283,0,0.95,17.22413,13.662122,126.07215,72.69599914550781,200.54043579101562,100.0,17,2014-08-18,2014-08-18,2014-08-18,1.013184154734892,observed,Alangalang Centre,POI 5×5,Reliability-qualified DNB-BRDF,1,G2,10.0
284,0,0.95,12.016293,13.662122,87.95334,50.71584701538086,139.90560913085938,100.0,17,2014-08-19,2014-08-19,2014-08-19,0.7068407395306755,observed,Alangalang Centre,POI 5×5,Reliability-qualified DNB-BRDF,1,G2,10.0
285,0,0.95,,,,,,0.0,0,2014-08-20,2014-08-20,2014-08-20,,not observable,Alangalang Centre,POI 5×5,Reliability-qualified DNB-BRDF,1,G2,10.0
286,0,0.95,,,,,,0.0,0,2014-08-21,2014-08-21,2014-08-21,,not observable,Alangalang Centre,POI 5×5,Reliability-qualified DNB-BRDF,1,G2,10.0
287,0,0.95,,,,,,0.0,0,2014-08-22,2014-08-22,2014-08-22,,not observable,Alangalang Centre,POI 5×5,Reliability-qualified DNB-BRDF,1,G2,10.0
288,0,0.95,18.588875,13.662122,136.0614,78.45602416992188,216.43014526367188,100.0,17,2014-08-23,2014-08-23,2014-08-23,1.0934632245232077,observed,Alangalang Centre,POI 5×5,Reliability-qualified DNB-BRDF,1,G2,10.0
289,0,0.95,,,,,,0.0,0,2014-08-24,2014-08-24,2014-08-24,,not observable,Alangalang Centre,POI 5×5,Reliability-qualified DNB-BRDF,1,G2,10.0
290,0,0.95,,,,,,0.0,0,2014-08-25,2014-08-25,2014-08-25,,not observable,Alangalang Centre,POI 5×5,Reliability-qualified DNB-BRDF,1,G2,10.0
291,0,0.95,,,,,,0.0,0,2014-08-26,2014-08-26,2014-08-26,,not observable,Alangalang Centre,POI 5×5,Reliability-qualified DNB-BRDF,1,G2,10.0
292,0,0.95,,,,,,0.0,0,2014-08-27,2014-08-27,2014-08-27,,not observable,Alangalang Centre,POI 5×5,Reliability-qualified DNB-BRDF,1,G2,10.0
293,0,0.95,,,,,,0.0,0,2014-08-28,2014-08-28,2014-08-28,,not observable,Alangalang Centre,POI 5×5,Reliability-qualified DNB-BRDF,1,G2,10.0
294,0,0.95,4.466825,3.470088,128.72368,77.21115112304688,209.2364959716797,29.41176470588235,5,2014-08-29,2014-08-29,2014-08-29,0.8933650016784668,observed,Alangalang Centre,POI 5×5,Reliability-qualified DNB-BRDF,1,G2,10.0
295,0,0.95,,,,,,0.0,0,2014-08-30,2014-08-30,2014-08-30,,not observable,Alangalang Centre,POI 5×5,Reliability-qualified DNB-BRDF,1,G2,10.0
296,0,0.95,,,,,,0.0,0,2014-08-31,2014-08-31,2014-08-31,,not observable,Alangalang Centre,POI 5×5,Reliability-qualified DNB-BRDF,1,G2,10.0
297,0,0.95,,,,,,0.0,0,2014-09-01,2014-09-01,2014-09-01,,not observable,Alangalang Centre,POI 5×5,Reliability-qualified DNB-BRDF,1,G2,10.0
298,0,0.95,,,,,,0.0,0,2014-09-02,2014-09-02,2014-09-02,,not observable,Alangalang Centre,POI 5×5,Reliability-qualified DNB-BRDF,1,G2,10.0
299,0,0.95,,,,,,0.0,0,2014-09-03,2014-09-03,2014-09-03,,not observable,Alangalang Centre,POI 5×5,Reliability-qualified DNB-BRDF,1,G2,10.0
300,0,0.95,,,,,,0.0,0,2014-09-04,2014-09-04,2014-09-04,,not observable,Alangalang Centre,POI 5×5,Reliability-qualified DNB-BRDF,1,G2,10.0
301,0,0.95,,,,,,0.0,0,2014-09-05,2014-09-05,2014-09-05,,not observable,Alangalang Centre,POI 5×5,Reliability-qualified DNB-BRDF,1,G2,10.0
302,0,0.95,,,,,,0.0,0,2014-09-06,2014-09-06,2014-09-06,,not observable,Alangalang Centre,POI 5×5,Reliability-qualified DNB-BRDF,1,G2,10.0
303,0,0.95,,,,,,0.0,0,2014-09-07,2014-09-07,2014-09-07,,not observable,Alangalang Centre,POI 5×5,Reliability-qualified DNB-BRDF,1,G2,10.0
304,0,0.95,,,,,,0.0,0,2014-09-08,2014-09-08,2014-09-08,,not observable,Alangalang Centre,POI 5×5,Reliability-qualified DNB-BRDF,1,G2,10.0
305,0,0.95,,,,,,0.0,0,2014-09-09,2014-09-09,2014-09-09,,not observable,Alangalang Centre,POI 5×5,Reliability-qualified DNB-BRDF,1,G2,10.0
306,0,0.95,4.9503255,13.662122,36.233944,20.893295288085938,57.6366081237793,100.0,17,2014-09-10,2014-09-10,2014-09-10,0.2911956170025994,observed,Alangalang Centre,POI 5×5,Reliability-qualified DNB-BRDF,1,G2,10.0
307,0,0.95,,,,,,0.0,0,2014-09-11,2014-09-11,2014-09-11,,not observable,Alangalang Centre,POI 5×5,Reliability-qualified DNB-BRDF,1,G2,10.0
308,0,0.95,,,,,,0.0,0,2014-09-12,2014-09-12,2014-09-12,,not observable,Alangalang Centre,POI 5×5,Reliability-qualified DNB-BRDF,1,G2,10.0
309,0,0.95,,,,,,0.0,0,2014-09-13,2014-09-13,2014-09-13,,not observable,Alangalang Centre,POI 5×5,Reliability-qualified DNB-BRDF,1,G2,10.0
310,0,0.95,,,,,,0.0,0,2014-09-14,2014-09-14,2014-09-14,,not observable,Alangalang Centre,POI 5×5,Reliability-qualified DNB-BRDF,1,G2,10.0
311,0,0.95,10.009747,12.778096,78.3352,45.1986198425293,124.88529968261719,94.11764705882354,16,2014-09-15,2014-09-15,2014-09-15,0.6256091594696045,observed,Alangalang Centre,POI 5×5,Reliability-qualified DNB-BRDF,1,G2,10.0
312,0,0.95,,,,,,0.0,0,2014-09-16,2014-09-16,2014-09-16,,not observable,Alangalang Centre,POI 5×5,Reliability-qualified DNB-BRDF,1,G2,10.0
313,0,0.95,,,,,,0.0,0,2014-09-17,2014-09-17,2014-09-17,,not observable,Alangalang Centre,POI 5×5,Reliability-qualified DNB-BRDF,1,G2,10.0
314,0,0.95,,,,,,0.0,0,2014-09-18,2014-09-18,2014-09-18,,not observable,Alangalang Centre,POI 5×5,Reliability-qualified DNB-BRDF,1,G2,10.0
315,0,0.95,,,,,,0.0,0,2014-09-19,2014-09-19,2014-09-19,,not observable,Alangalang Centre,POI 5×5,Reliability-qualified DNB-BRDF,1,G2,10.0
316,0,0.95,,,,,,0.0,0,2014-09-20,2014-09-20,2014-09-20,,not observable,Alangalang Centre,POI 5×5,Reliability-qualified DNB-BRDF,1,G2,10.0
317,0,0.95,,,,,,0.0,0,2014-09-21,2014-09-21,2014-09-21,,not observable,Alangalang Centre,POI 5×5,Reliability-qualified DNB-BRDF,1,G2,10.0
318,0,0.95,,,,,,0.0,0,2014-09-22,2014-09-22,2014-09-22,,not observable,Alangalang Centre,POI 5×5,Reliability-qualified DNB-BRDF,1,G2,10.0
319,0,0.95,48.196747,13.662122,352.77646,203.41871643066406,561.1544189453125,100.0,17,2014-09-23,2014-09-23,2014-09-23,2.8351027544806984,observed,Alangalang Centre,POI 5×5,Reliability-qualified DNB-BRDF,1,G2,10.0
320,0,0.95,,,,,,0.0,0,2014-09-24,2014-09-24,2014-09-24,,not observable,Alangalang Centre,POI 5×5,Reliability-qualified DNB-BRDF,1,G2,10.0
321,0,0.95,,,,,,0.0,0,2014-09-25,2014-09-25,2014-09-25,,not observable,Alangalang Centre,POI 5×5,Reliability-qualified DNB-BRDF,1,G2,10.0
322,0,0.95,,,,,,0.0,0,2014-09-26,2014-09-26,2014-09-26,,not observable,Alangalang Centre,POI 5×5,Reliability-qualified DNB-BRDF,1,G2,10.0
323,0,0.95,4.4435663,3.067537,144.85779,88.96058654785156,211.41490173339844,29.41176470588235,5,2014-09-27,2014-09-27,2014-09-27,0.888713264465332,observed,Alangalang Centre,POI 5×5,Reliability-qualified DNB-BRDF,1,G2,10.0
324,0,0.95,9.12274,5.311288,171.76135,97.98953247070312,267.12310791015625,52.94117647058823,9,2014-09-28,2014-09-28,2014-09-28,1.0136377546522353,observed,Alangalang Centre,POI 5×5,Reliability-qualified DNB-BRDF,1,G2,10.0
325,0,0.95,,,,,,0.0,0,2014-09-29,2014-09-29,2014-09-29,,not observable,Alangalang Centre,POI 5×5,Reliability-qualified DNB-BRDF,1,G2,10.0
326,0,0.95,9.688759,9.025833,107.34476,58.30299758911133,174.1298065185547,88.23529411764706,15,2014-09-30,2014-09-30,2014-09-30,0.6459172566731771,observed,Alangalang Centre,POI 5×5,Reliability-qualified DNB-BRDF,1,G2,10.0
327,0,0.95,,,,,,0.0,0,2014-10-01,2014-10-01,2014-10-01,,not observable,Alangalang Centre,POI 5×5,Reliability-qualified DNB-BRDF,1,G2,10.0
328,0,0.95,,,,,,0.0,0,2014-10-02,2014-10-02,2014-10-02,,not observable,Alangalang Centre,POI 5×5,Reliability-qualified DNB-BRDF,1,G2,10.0
329,0,0.95,,,,,,0.0,0,2014-10-03,2014-10-03,2014-10-03,,not observable,Alangalang Centre,POI 5×5,Reliability-qualified DNB-BRDF,1,G2,10.0
330,0,0.95,,,,,,0.0,0,2014-10-04,2014-10-04,2014-10-04,,not observable,Alangalang Centre,POI 5×5,Reliability-qualified DNB-BRDF,1,G2,10.0
331,0,0.95,,,,,,0.0,0,2014-10-05,2014-10-05,2014-10-05,,not observable,Alangalang Centre,POI 5×5,Reliability-qualified DNB-BRDF,1,G2,10.0
332,0,0.95,6.889557,11.68358,58.967857,35.68320083618164,91.5465316772461,88.23529411764706,15,2014-10-06,2014-10-06,2014-10-06,0.45930379231770835,observed,Alangalang Centre,POI 5×5,Reliability-qualified DNB-BRDF,1,G2,10.0
333,0,0.95,,,,,,0.0,0,2014-10-07,2014-10-07,2014-10-07,,not observable,Alangalang Centre,POI 5×5,Reliability-qualified DNB-BRDF,1,G2,10.0
334,0,0.95,,,,,,0.0,0,2014-10-08,2014-10-08,2014-10-08,,not observable,Alangalang Centre,POI 5×5,Reliability-qualified DNB-BRDF,1,G2,10.0
335,0,0.95,,,,,,0.0,0,2014-10-09,2014-10-09,2014-10-09,,not observable,Alangalang Centre,POI 5×5,Reliability-qualified DNB-BRDF,1,G2,10.0
336,0,0.95,,,,,,0.0,0,2014-10-10,2014-10-10,2014-10-10,,not observable,Alangalang Centre,POI 5×5,Reliability-qualified DNB-BRDF,1,G2,10.0
337,0,0.95,,,,,,0.0,0,2014-10-11,2014-10-11,2014-10-11,,not observable,Alangalang Centre,POI 5×5,Reliability-qualified DNB-BRDF,1,G2,10.0
338,0,0.95,7.4986534,13.662122,54.886448,31.64874267578125,87.30677032470703,100.0,17,2014-10-12,2014-10-12,2014-10-12,0.4410972595214844,observed,Alangalang Centre,POI 5×5,Reliability-qualified DNB-BRDF,1,G2,10.0
339,0,0.95,17.850548,12.567605,142.0362,85.59443664550781,220.39212036132812,94.11764705882354,16,2014-10-13,2014-10-13,2014-10-13,1.115659236907959,observed,Alangalang Centre,POI 5×5,Reliability-qualified DNB-BRDF,1,G2,10.0
340,0,0.95,,,,,,0.0,0,2014-10-14,2014-10-14,2014-10-14,,not observable,Alangalang Centre,POI 5×5,Reliability-qualified DNB-BRDF,1,G2,10.0
341,0,0.95,,,,,,0.0,0,2014-10-15,2014-10-15,2014-10-15,,not observable,Alangalang Centre,POI 5×5,Reliability-qualified DNB-BRDF,1,G2,10.0
342,0,0.95,17.34667,12.567605,138.02686,83.17831420898438,214.17098999023438,94.11764705882354,16,2014-10-16,2014-10-16,2014-10-16,1.0841668844223022,observed,Alangalang Centre,POI 5×5,Reliability-qualified DNB-BRDF,1,G2,10.0
343,0,0.95,,,,,,0.0,0,2014-10-17,2014-10-17,2014-10-17,,not observable,Alangalang Centre,POI 5×5,Reliability-qualified DNB-BRDF,1,G2,10.0
344,0,0.95,20.519924,13.662122,150.19574,86.60619354248047,238.91334533691406,100.0,17,2014-10-18,2014-10-18,2014-10-18,1.2070543625775505,observed,Alangalang Centre,POI 5×5,Reliability-qualified DNB-BRDF,1,G2,10.0
345,0,0.95,,,,,,0.0,0,2014-10-19,2014-10-19,2014-10-19,,not observable,Alangalang Centre,POI 5×5,Reliability-qualified DNB-BRDF,1,G2,10.0
346,0,0.95,27.97805,13.662122,204.78554,118.08387756347656,325.74822998046875,100.0,17,2014-10-20,2014-10-20,2014-10-20,1.645767660701976,observed,Alangalang Centre,POI 5×5,Reliability-qualified DNB-BRDF,1,G2,10.0
347,0,0.95,22.583273,13.662122,165.29843,95.31474304199219,262.9368896484375,100.0,17,2014-10-21,2014-10-21,2014-10-21,1.3284278196447037,observed,Alangalang Centre,POI 5×5,Reliability-qualified DNB-BRDF,1,G2,10.0
348,0,0.95,,,,,,0.0,0,2014-10-22,2014-10-22,2014-10-22,,not observable,Alangalang Centre,POI 5×5,Reliability-qualified DNB-BRDF,1,G2,10.0
349,0,0.95,13.549211,13.662122,99.173546,57.185665130615234,157.75335693359375,100.0,17,2014-10-23,2014-10-23,2014-10-23,0.7970123852000517,observed,Alangalang Centre,POI 5×5,Reliability-qualified DNB-BRDF,1,G2,10.0
350,0,0.95,,,,,,0.0,0,2014-10-24,2014-10-24,2014-10-24,,not observable,Alangalang Centre,POI 5×5,Reliability-qualified DNB-BRDF,1,G2,10.0
351,0,0.95,44.382072,13.662122,324.8549,187.3185272216797,516.7401123046875,100.0,17,2014-10-25,2014-10-25,2014-10-25,2.6107101440429688,observed,Alangalang Centre,POI 5×5,Reliability-qualified DNB-BRDF,1,G2,10.0
352,0,0.95,,,,,,0.0,0,2014-10-26,2014-10-26,2014-10-26,,not observable,Alangalang Centre,POI 5×5,Reliability-qualified DNB-BRDF,1,G2,10.0
353,0,0.95,4.893053,6.2438564,78.365875,44.72159957885742,125.65524291992188,58.8235294117647,10,2014-10-27,2014-10-27,2014-10-27,0.489305305480957,observed,Alangalang Centre,POI 5×5,Reliability-qualified DNB-BRDF,1,G2,10.0
354,0,0.95,,,,,,0.0,0,2014-10-28,2014-10-28,2014-10-28,,not observable,Alangalang Centre,POI 5×5,Reliability-qualified DNB-BRDF,1,G2,10.0
355,0,0.95,,,,,,0.0,0,2014-10-29,2014-10-29,2014-10-29,,not observable,Alangalang Centre,POI 5×5,Reliability-qualified DNB-BRDF,1,G2,10.0
356,0,0.95,41.17288,13.662122,301.36517,173.77383422851562,479.3755187988281,100.0,17,2014-10-30,2014-10-30,2014-10-30,2.421934015610639,observed,Alangalang Centre,POI 5×5,Reliability-qualified DNB-BRDF,1,G2,10.0
357,0,0.95,,,,,,5.882352941176471,1,2014-10-31,2014-10-31,2014-10-31,,not observable,Alangalang Centre,POI 5×5,Reliability-qualified DNB-BRDF,1,G2,10.0
358,0,0.95,,,,,,0.0,0,2014-11-01,2014-11-01,2014-11-01,,not observable,Alangalang Centre,POI 5×5,Reliability-qualified DNB-BRDF,1,G2,10.0
359,0,0.95,,,,,,0.0,0,2014-11-02,2014-11-02,2014-11-02,,not observable,Alangalang Centre,POI 5×5,Reliability-qualified DNB-BRDF,1,G2,10.0
360,0,0.95,,,,,,0.0,0,2014-11-03,2014-11-03,2014-11-03,,not observable,Alangalang Centre,POI 5×5,Reliability-qualified DNB-BRDF,1,G2,10.0
361,0,0.95,,,,,,0.0,0,2014-11-04,2014-11-04,2014-11-04,,not observable,Alangalang Centre,POI 5×5,Reliability-qualified DNB-BRDF,1,G2,10.0
362,0,0.95,8.034758,10.800735,74.39084,40.03599166870117,116.12127685546875,94.11764705882354,16,2014-11-05,2014-11-05,2014-11-05,0.5021723508834839,observed,Alangalang Centre,POI 5×5,Reliability-qualified DNB-BRDF,1,G2,10.0
363,0,0.95,,,,,,0.0,0,2014-11-06,2014-11-06,2014-11-06,,not observable,Alangalang Centre,POI 5×5,Reliability-qualified DNB-BRDF,1,G2,10.0
-180,0,0.95,,,,,,0.0,0,2013-05-12,2013-05-12,2013-05-12,,not observable,Guiuan Centre,POI 5×5,Reliability-qualified DNB-BRDF,1,G2,10.0
-179,0,0.95,,,,,,0.0,0,2013-05-13,2013-05-13,2013-05-13,,not observable,Guiuan Centre,POI 5×5,Reliability-qualified DNB-BRDF,1,G2,10.0
-178,0,0.95,8.077034,8.439716,95.70267,74.21943499528517,115.03594333033537,87.5,7,2013-05-14,2013-05-14,2013-05-14,1.1538619995117188,observed,Guiuan Centre,POI 5×5,Reliability-qualified DNB-BRDF,1,G2,10.0
-177,0,0.95,12.871555,8.439716,152.5117,118.27603909508976,183.32119789841576,87.5,7,2013-05-15,2013-05-15,2013-05-15,1.8387936183384486,observed,Guiuan Centre,POI 5×5,Reliability-qualified DNB-BRDF,1,G2,10.0
-176,0,0.95,10.364327,12.194314,84.99312,69.01592227279612,98.26749803152978,100.0,8,2013-05-16,2013-05-16,2013-05-16,1.2955409288406372,observed,Guiuan Centre,POI 5×5,Reliability-qualified DNB-BRDF,1,G2,10.0
-175,0,0.95,8.816775,12.194314,72.30235,58.71079428816731,83.59466442160596,100.0,8,2013-05-17,2013-05-17,2013-05-17,1.1020969152450562,observed,Guiuan Centre,POI 5×5,Reliability-qualified DNB-BRDF,1,G2,10.0
-174,0,0.95,9.004076,11.226313,80.20511,64.17632114133285,93.32597083051236,87.5,7,2013-05-18,2013-05-18,2013-05-18,1.2862965720040458,observed,Guiuan Centre,POI 5×5,Reliability-qualified DNB-BRDF,1,G2,10.0
-173,0,0.95,5.06545,5.9360294,85.33398,78.01321041176718,93.24645865097902,37.5,3,2013-05-19,2013-05-19,2013-05-19,1.6884833971659343,observed,Guiuan Centre,POI 5×5,Reliability-qualified DNB-BRDF,1,G2,10.0
-172,0,0.95,4.8420215,6.102343,79.346924,63.75964757451453,101.08973127192627,62.5,5,2013-05-20,2013-05-20,2013-05-20,0.9684042930603027,observed,Guiuan Centre,POI 5×5,Reliability-qualified DNB-BRDF,1,G2,10.0
-171,0,0.95,7.8496437,12.194314,64.371346,52.27067506835165,74.4249774578558,100.0,8,2013-05-21,2013-05-21,2013-05-21,0.9812054634094238,observed,Guiuan Centre,POI 5×5,Reliability-qualified DNB-BRDF,1,G2,10.0
-170,0,0.95,6.565053,11.226313,58.479156,46.792248252300084,68.0458449132841,87.5,7,2013-05-22,2013-05-22,2013-05-22,0.9378647123064313,observed,Guiuan Centre,POI 5×5,Reliability-qualified DNB-BRDF,1,G2,10.0
-169,0,0.95,3.4023209,11.226313,30.306664,24.24995502106204,35.26457351696477,87.5,7,2013-05-23,2013-05-23,2013-05-23,0.48604583740234375,observed,Guiuan Centre,POI 5×5,Reliability-qualified DNB-BRDF,1,G2,10.0
-168,0,0.95,,,,,,0.0,0,2013-05-24,2013-05-24,2013-05-24,,not observable,Guiuan Centre,POI 5×5,Reliability-qualified DNB-BRDF,1,G2,10.0
-167,0,0.95,8.202421,12.194314,67.26431,54.61981728356902,77.76977559149819,100.0,8,2013-05-25,2013-05-25,2013-05-25,1.0253026485443115,observed,Guiuan Centre,POI 5×5,Reliability-qualified DNB-BRDF,1,G2,10.0
-166,0,0.95,8.726394,12.194314,71.561165,58.10894118402933,82.73772305534587,100.0,8,2013-05-26,2013-05-26,2013-05-26,1.0907992124557495,observed,Guiuan Centre,POI 5×5,Reliability-qualified DNB-BRDF,1,G2,10.0
-165,0,0.95,,,,,,0.0,0,2013-05-27,2013-05-27,2013-05-27,,not observable,Guiuan Centre,POI 5×5,Reliability-qualified DNB-BRDF,1,G2,10.0
-164,0,0.95,,,,,,0.0,0,2013-05-28,2013-05-28,2013-05-28,,not observable,Guiuan Centre,POI 5×5,Reliability-qualified DNB-BRDF,1,G2,10.0
-163,0,0.95,,,,,,0.0,0,2013-05-29,2013-05-29,2013-05-29,,not observable,Guiuan Centre,POI 5×5,Reliability-qualified DNB-BRDF,1,G2,10.0
-162,0,0.95,,,,,,0.0,0,2013-05-30,2013-05-30,2013-05-30,,not observable,Guiuan Centre,POI 5×5,Reliability-qualified DNB-BRDF,1,G2,10.0
-161,0,0.95,8.202227,5.9400253,138.08403,122.68756028147865,149.58036646995166,37.5,3,2013-05-31,2013-05-31,2013-05-31,2.7340755462646484,observed,Guiuan Centre,POI 5×5,Reliability-qualified DNB-BRDF,1,G2,10.0
-160,0,0.95,5.104089,9.034681,56.494396,46.266302368780195,61.7150470178295,75.0,6,2013-06-01,2013-06-01,2013-06-01,0.85068146387736,observed,Guiuan Centre,POI 5×5,Reliability-qualified DNB-BRDF,1,G2,10.0
-159,0,0.95,,,,,,0.0,0,2013-06-02,2013-06-02,2013-06-02,,not observable,Guiuan Centre,POI 5×5,Reliability-qualified DNB-BRDF,1,G2,10.0
-158,0,0.95,,,,,,0.0,0,2013-06-03,2013-06-03,2013-06-03,,not observable,Guiuan Centre,POI 5×5,Reliability-qualified DNB-BRDF,1,G2,10.0
-157,0,0.95,,,,,,0.0,0,2013-06-04,2013-06-04,2013-06-04,,not observable,Guiuan Centre,POI 5×5,Reliability-qualified DNB-BRDF,1,G2,10.0
-156,0,0.95,,,,,,0.0,0,2013-06-05,2013-06-05,2013-06-05,,not observable,Guiuan Centre,POI 5×5,Reliability-qualified DNB-BRDF,1,G2,10.0
-155,0,0.95,,,,,,0.0,0,2013-06-06,2013-06-06,2013-06-06,,not observable,Guiuan Centre,POI 5×5,Reliability-qualified DNB-BRDF,1,G2,10.0
-154,0,0.95,,,,,,0.0,0,2013-06-07,2013-06-07,2013-06-07,,not observable,Guiuan Centre,POI 5×5,Reliability-qualified DNB-BRDF,1,G2,10.0
-153,0,0.95,,,,,,0.0,0,2013-06-08,2013-06-08,2013-06-08,,not observable,Guiuan Centre,POI 5×5,Reliability-qualified DNB-BRDF,1,G2,10.0
-152,0,0.95,,,,,,0.0,0,2013-06-09,2013-06-09,2013-06-09,,not observable,Guiuan Centre,POI 5×5,Reliability-qualified DNB-BRDF,1,G2,10.0
-151,0,0.95,,,,,,0.0,0,2013-06-10,2013-06-10,2013-06-10,,not observable,Guiuan Centre,POI 5×5,Reliability-qualified DNB-BRDF,1,G2,10.0
-150,0,0.95,,,,,,0.0,0,2013-06-11,2013-06-11,2013-06-11,,not observable,Guiuan Centre,POI 5×5,Reliability-qualified DNB-BRDF,1,G2,10.0
-149,0,0.95,,,,,,0.0,0,2013-06-12,2013-06-12,2013-06-12,,not observable,Guiuan Centre,POI 5×5,Reliability-qualified DNB-BRDF,1,G2,10.0
-148,0,0.95,,,,,,0.0,0,2013-06-13,2013-06-13,2013-06-13,,not observable,Guiuan Centre,POI 5×5,Reliability-qualified DNB-BRDF,1,G2,10.0
-147,0,0.95,,,,,,0.0,0,2013-06-14,2013-06-14,2013-06-14,,not observable,Guiuan Centre,POI 5×5,Reliability-qualified DNB-BRDF,1,G2,10.0
-146,0,0.95,,,,,,0.0,0,2013-06-15,2013-06-15,2013-06-15,,not observable,Guiuan Centre,POI 5×5,Reliability-qualified DNB-BRDF,1,G2,10.0
-145,0,0.95,,,,,,0.0,0,2013-06-16,2013-06-16,2013-06-16,,not observable,Guiuan Centre,POI 5×5,Reliability-qualified DNB-BRDF,1,G2,10.0
-144,0,0.95,,,,,,0.0,0,2013-06-17,2013-06-17,2013-06-17,,not observable,Guiuan Centre,POI 5×5,Reliability-qualified DNB-BRDF,1,G2,10.0
-143,0,0.95,,,,,,0.0,0,2013-06-18,2013-06-18,2013-06-18,,not observable,Guiuan Centre,POI 5×5,Reliability-qualified DNB-BRDF,1,G2,10.0
-142,0,0.95,,,,,,0.0,0,2013-06-19,2013-06-19,2013-06-19,,not observable,Guiuan Centre,POI 5×5,Reliability-qualified DNB-BRDF,1,G2,10.0
-141,0,0.95,,,,,,0.0,0,2013-06-20,2013-06-20,2013-06-20,,not observable,Guiuan Centre,POI 5×5,Reliability-qualified DNB-BRDF,1,G2,10.0
-140,0,0.95,5.7870836,8.439716,68.56965,53.17720612303358,82.42167392440346,87.5,7,2013-06-21,2013-06-21,2013-06-21,0.8267262322562081,observed,Guiuan Centre,POI 5×5,Reliability-qualified DNB-BRDF,1,G2,10.0
-139,0,0.95,,,,,,0.0,0,2013-06-22,2013-06-22,2013-06-22,,not observable,Guiuan Centre,POI 5×5,Reliability-qualified DNB-BRDF,1,G2,10.0
-138,0,0.95,,,,,,0.0,0,2013-06-23,2013-06-23,2013-06-23,,not observable,Guiuan Centre,POI 5×5,Reliability-qualified DNB-BRDF,1,G2,10.0
-137,0,0.95,3.8995285,12.194314,31.978252,25.96690994971566,36.97267512100458,100.0,8,2013-06-24,2013-06-24,2013-06-24,0.4874410629272461,observed,Guiuan Centre,POI 5×5,Reliability-qualified DNB-BRDF,1,G2,10.0
-136,0,0.95,,,,,,0.0,0,2013-06-25,2013-06-25,2013-06-25,,not observable,Guiuan Centre,POI 5×5,Reliability-qualified DNB-BRDF,1,G2,10.0
-135,0,0.95,,,,,,0.0,0,2013-06-26,2013-06-26,2013-06-26,,not observable,Guiuan Centre,POI 5×5,Reliability-qualified DNB-BRDF,1,G2,10.0
-134,0,0.95,,,,,,0.0,0,2013-06-27,2013-06-27,2013-06-27,,not observable,Guiuan Centre,POI 5×5,Reliability-qualified DNB-BRDF,1,G2,10.0
-133,0,0.95,,,,,,0.0,0,2013-06-28,2013-06-28,2013-06-28,,not observable,Guiuan Centre,POI 5×5,Reliability-qualified DNB-BRDF,1,G2,10.0
-132,0,0.95,,,,,,0.0,0,2013-06-29,2013-06-29,2013-06-29,,not observable,Guiuan Centre,POI 5×5,Reliability-qualified DNB-BRDF,1,G2,10.0
-131,0,0.95,4.9359503,9.034681,54.633366,44.74220203944878,59.68203554579001,75.0,6,2013-06-30,2013-06-30,2013-06-30,0.82265837987264,observed,Guiuan Centre,POI 5×5,Reliability-qualified DNB-BRDF,1,G2,10.0
-130,0,0.95,,,,,,0.0,0,2013-07-01,2013-07-01,2013-07-01,,not observable,Guiuan Centre,POI 5×5,Reliability-qualified DNB-BRDF,1,G2,10.0
-129,0,0.95,,,,,,0.0,0,2013-07-02,2013-07-02,2013-07-02,,not observable,Guiuan Centre,POI 5×5,Reliability-qualified DNB-BRDF,1,G2,10.0
-128,0,0.95,,,,,,0.0,0,2013-07-03,2013-07-03,2013-07-03,,not observable,Guiuan Centre,POI 5×5,Reliability-qualified DNB-BRDF,1,G2,10.0
-127,0,0.95,,,,,,0.0,0,2013-07-04,2013-07-04,2013-07-04,,not observable,Guiuan Centre,POI 5×5,Reliability-qualified DNB-BRDF,1,G2,10.0
-126,0,0.95,,,,,,0.0,0,2013-07-05,2013-07-05,2013-07-05,,not observable,Guiuan Centre,POI 5×5,Reliability-qualified DNB-BRDF,1,G2,10.0
-125,0,0.95,,,,,,0.0,0,2013-07-06,2013-07-06,2013-07-06,,not observable,Guiuan Centre,POI 5×5,Reliability-qualified DNB-BRDF,1,G2,10.0
-124,0,0.95,,,,,,0.0,0,2013-07-07,2013-07-07,2013-07-07,,not observable,Guiuan Centre,POI 5×5,Reliability-qualified DNB-BRDF,1,G2,10.0
-123,0,0.95,11.630556,8.439716,137.80743,106.87256925352256,165.64646202165994,87.5,7,2013-07-08,2013-07-08,2013-07-08,1.661508015223912,observed,Guiuan Centre,POI 5×5,Reliability-qualified DNB-BRDF,1,G2,10.0
-122,0,0.95,8.169325,12.194314,66.992905,54.39942935950072,77.45597887356182,100.0,8,2013-07-09,2013-07-09,2013-07-09,1.0211656093597412,observed,Guiuan Centre,POI 5×5,Reliability-qualified DNB-BRDF,1,G2,10.0
-121,0,0.95,,,,,,0.0,0,2013-07-10,2013-07-10,2013-07-10,,not observable,Guiuan Centre,POI 5×5,Reliability-qualified DNB-BRDF,1,G2,10.0
-120,0,0.95,,,,,,0.0,0,2013-07-11,2013-07-11,2013-07-11,,not observable,Guiuan Centre,POI 5×5,Reliability-qualified DNB-BRDF,1,G2,10.0
-119,0,0.95,,,,,,0.0,0,2013-07-12,2013-07-12,2013-07-12,,not observable,Guiuan Centre,POI 5×5,Reliability-qualified DNB-BRDF,1,G2,10.0
-118,0,0.95,,,,,,0.0,0,2013-07-13,2013-07-13,2013-07-13,,not observable,Guiuan Centre,POI 5×5,Reliability-qualified DNB-BRDF,1,G2,10.0
-117,0,0.95,,,,,,0.0,0,2013-07-14,2013-07-14,2013-07-14,,not observable,Guiuan Centre,POI 5×5,Reliability-qualified DNB-BRDF,1,G2,10.0
-116,0,0.95,,,,,,0.0,0,2013-07-15,2013-07-15,2013-07-15,,not observable,Guiuan Centre,POI 5×5,Reliability-qualified DNB-BRDF,1,G2,10.0
-115,0,0.95,1.5420806,3.2182937,47.916096,35.65180065026402,68.90235330118117,25.0,2,2013-07-16,2013-07-16,2013-07-16,0.7710403203964233,observed,Guiuan Centre,POI 5×5,Reliability-qualified DNB-BRDF,1,G2,10.0
-114,0,0.95,9.0776205,8.439716,107.55836,83.41377181282743,129.28664746423235,87.5,7,2013-07-17,2013-07-17,2013-07-17,1.2968029294695174,observed,Guiuan Centre,POI 5×5,Reliability-qualified DNB-BRDF,1,G2,10.0
-113,0,0.95,12.131003,8.439716,143.7371,111.471148197075,172.7740003380615,87.5,7,2013-07-18,2013-07-18,2013-07-18,1.7330004828316825,observed,Guiuan Centre,POI 5×5,Reliability-qualified DNB-BRDF,1,G2,10.0
-112,0,0.95,,,,,,0.0,0,2013-07-19,2013-07-19,2013-07-19,,not observable,Guiuan Centre,POI 5×5,Reliability-qualified DNB-BRDF,1,G2,10.0
-111,0,0.95,,,,,,0.0,0,2013-07-20,2013-07-20,2013-07-20,,not observable,Guiuan Centre,POI 5×5,Reliability-qualified DNB-BRDF,1,G2,10.0
-110,0,0.95,,,,,,0.0,0,2013-07-21,2013-07-21,2013-07-21,,not observable,Guiuan Centre,POI 5×5,Reliability-qualified DNB-BRDF,1,G2,10.0
-109,0,0.95,,,,,,0.0,0,2013-07-22,2013-07-22,2013-07-22,,not observable,Guiuan Centre,POI 5×5,Reliability-qualified DNB-BRDF,1,G2,10.0
-108,0,0.95,7.962345,10.523696,75.66111,60.68935432816568,88.44289636655536,75.0,6,2013-07-23,2013-07-23,2013-07-23,1.3270575205485027,observed,Guiuan Centre,POI 5×5,Reliability-qualified DNB-BRDF,1,G2,10.0
-107,0,0.95,,,,,,0.0,0,2013-07-24,2013-07-24,2013-07-24,,not observable,Guiuan Centre,POI 5×5,Reliability-qualified DNB-BRDF,1,G2,10.0
-106,0,0.95,5.1625896,12.194314,42.33604,34.377618292232626,48.94816191121497,100.0,8,2013-07-25,2013-07-25,2013-07-25,0.6453236937522888,observed,Guiuan Centre,POI 5×5,Reliability-qualified DNB-BRDF,1,G2,10.0
-105,0,0.95,,,,,,0.0,0,2013-07-26,2013-07-26,2013-07-26,,not observable,Guiuan Centre,POI 5×5,Reliability-qualified DNB-BRDF,1,G2,10.0
-104,0,0.95,,,,,,0.0,0,2013-07-27,2013-07-27,2013-07-27,,not observable,Guiuan Centre,POI 5×5,Reliability-qualified DNB-BRDF,1,G2,10.0
-103,0,0.95,,,,,,0.0,0,2013-07-28,2013-07-28,2013-07-28,,not observable,Guiuan Centre,POI 5×5,Reliability-qualified DNB-BRDF,1,G2,10.0
-102,0,0.95,,,,,,0.0,0,2013-07-29,2013-07-29,2013-07-29,,not observable,Guiuan Centre,POI 5×5,Reliability-qualified DNB-BRDF,1,G2,10.0
-101,0,0.95,,,,,,0.0,0,2013-07-30,2013-07-30,2013-07-30,,not observable,Guiuan Centre,POI 5×5,Reliability-qualified DNB-BRDF,1,G2,10.0
-100,0,0.95,,,,,,0.0,0,2013-07-31,2013-07-31,2013-07-31,,not observable,Guiuan Centre,POI 5×5,Reliability-qualified DNB-BRDF,1,G2,10.0
-99,0,0.95,5.7158175,8.439716,67.72523,52.52234221579979,81.406671757836,87.5,7,2013-08-01,2013-08-01,2013-08-01,0.8165453502110073,observed,Guiuan Centre,POI 5×5,Reliability-qualified DNB-BRDF,1,G2,10.0
-98,0,0.95,,,,,,0.0,0,2013-08-02,2013-08-02,2013-08-02,,not observable,Guiuan Centre,POI 5×5,Reliability-qualified DNB-BRDF,1,G2,10.0
-97,0,0.95,,,,,,0.0,0,2013-08-03,2013-08-03,2013-08-03,,not observable,Guiuan Centre,POI 5×5,Reliability-qualified DNB-BRDF,1,G2,10.0
-96,0,0.95,,,,,,0.0,0,2013-08-04,2013-08-04,2013-08-04,,not observable,Guiuan Centre,POI 5×5,Reliability-qualified DNB-BRDF,1,G2,10.0
-95,0,0.95,,,,,,0.0,0,2013-08-05,2013-08-05,2013-08-05,,not observable,Guiuan Centre,POI 5×5,Reliability-qualified DNB-BRDF,1,G2,10.0
-94,0,0.95,4.0145707,10.002683,40.13494,33.40169432297525,43.781868261765766,87.5,7,2013-08-06,2013-08-06,2013-08-06,0.5735101018633161,observed,Guiuan Centre,POI 5×5,Reliability-qualified DNB-BRDF,1,G2,10.0
-93,0,0.95,,,,,,0.0,0,2013-08-07,2013-08-07,2013-08-07,,not observable,Guiuan Centre,POI 5×5,Reliability-qualified DNB-BRDF,1,G2,10.0
-92,0,0.95,,,,,,0.0,0,2013-08-08,2013-08-08,2013-08-08,,not observable,Guiuan Centre,POI 5×5,Reliability-qualified DNB-BRDF,1,G2,10.0
-91,0,0.95,10.345721,12.194314,84.84054,68.89202544518342,98.09108901079078,100.0,8,2013-08-09,2013-08-09,2013-08-09,1.2932151556015015,observed,Guiuan Centre,POI 5×5,Reliability-qualified DNB-BRDF,1,G2,10.0
-90,0,0.95,,,,,,0.0,0,2013-08-10,2013-08-10,2013-08-10,,not observable,Guiuan Centre,POI 5×5,Reliability-qualified DNB-BRDF,1,G2,10.0
-89,0,0.95,,,,,,0.0,0,2013-08-11,2013-08-11,2013-08-11,,not observable,Guiuan Centre,POI 5×5,Reliability-qualified DNB-BRDF,1,G2,10.0
-88,0,0.95,,,,,,0.0,0,2013-08-12,2013-08-12,2013-08-12,,not observable,Guiuan Centre,POI 5×5,Reliability-qualified DNB-BRDF,1,G2,10.0
-87,0,0.95,,,,,,0.0,0,2013-08-13,2013-08-13,2013-08-13,,not observable,Guiuan Centre,POI 5×5,Reliability-qualified DNB-BRDF,1,G2,10.0
-86,0,0.95,,,,,,0.0,0,2013-08-14,2013-08-14,2013-08-14,,not observable,Guiuan Centre,POI 5×5,Reliability-qualified DNB-BRDF,1,G2,10.0
-85,0,0.95,,,,,,0.0,0,2013-08-15,2013-08-15,2013-08-15,,not observable,Guiuan Centre,POI 5×5,Reliability-qualified DNB-BRDF,1,G2,10.0
-84,0,0.95,,,,,,0.0,0,2013-08-16,2013-08-16,2013-08-16,,not observable,Guiuan Centre,POI 5×5,Reliability-qualified DNB-BRDF,1,G2,10.0
-83,0,0.95,,,,,,0.0,0,2013-08-17,2013-08-17,2013-08-17,,not observable,Guiuan Centre,POI 5×5,Reliability-qualified DNB-BRDF,1,G2,10.0
-82,0,0.95,,,,,,0.0,0,2013-08-18,2013-08-18,2013-08-18,,not observable,Guiuan Centre,POI 5×5,Reliability-qualified DNB-BRDF,1,G2,10.0
-81,0,0.95,,,,,,0.0,0,2013-08-19,2013-08-19,2013-08-19,,not observable,Guiuan Centre,POI 5×5,Reliability-qualified DNB-BRDF,1,G2,10.0
-80,0,0.95,,,,,,0.0,0,2013-08-20,2013-08-20,2013-08-20,,not observable,Guiuan Centre,POI 5×5,Reliability-qualified DNB-BRDF,1,G2,10.0
-79,0,0.95,,,,,,0.0,0,2013-08-21,2013-08-21,2013-08-21,,not observable,Guiuan Centre,POI 5×5,Reliability-qualified DNB-BRDF,1,G2,10.0
-78,0,0.95,,,,,,0.0,0,2013-08-22,2013-08-22,2013-08-22,,not observable,Guiuan Centre,POI 5×5,Reliability-qualified DNB-BRDF,1,G2,10.0
-77,0,0.95,,,,,,0.0,0,2013-08-23,2013-08-23,2013-08-23,,not observable,Guiuan Centre,POI 5×5,Reliability-qualified DNB-BRDF,1,G2,10.0
-76,0,0.95,,,,,,0.0,0,2013-08-24,2013-08-24,2013-08-24,,not observable,Guiuan Centre,POI 5×5,Reliability-qualified DNB-BRDF,1,G2,10.0
-75,0,0.95,,,,,,0.0,0,2013-08-25,2013-08-25,2013-08-25,,not observable,Guiuan Centre,POI 5×5,Reliability-qualified DNB-BRDF,1,G2,10.0
-74,0,0.95,,,,,,0.0,0,2013-08-26,2013-08-26,2013-08-26,,not observable,Guiuan Centre,POI 5×5,Reliability-qualified DNB-BRDF,1,G2,10.0
-73,0,0.95,6.4377637,12.194314,52.79316,42.86898516028389,61.038493381292696,100.0,8,2013-08-27,2013-08-27,2013-08-27,0.8047204613685608,observed,Guiuan Centre,POI 5×5,Reliability-qualified DNB-BRDF,1,G2,10.0
-72,0,0.95,7.8801785,11.226313,70.193825,56.1657689614103,81.6769304089937,87.5,7,2013-08-28,2013-08-28,2013-08-28,1.1257397787911552,observed,Guiuan Centre,POI 5×5,Reliability-qualified DNB-BRDF,1,G2,10.0
-71,0,0.95,,,,,,0.0,0,2013-08-29,2013-08-29,2013-08-29,,not observable,Guiuan Centre,POI 5×5,Reliability-qualified DNB-BRDF,1,G2,10.0
-70,0,0.95,,,,,,0.0,0,2013-08-30,2013-08-30,2013-08-30,,not observable,Guiuan Centre,POI 5×5,Reliability-qualified DNB-BRDF,1,G2,10.0
-69,0,0.95,8.889216,12.194314,72.8964,59.19317661262825,84.28149874270717,100.0,8,2013-08-31,2013-08-31,2013-08-31,1.1111520528793335,observed,Guiuan Centre,POI 5×5,Reliability-qualified DNB-BRDF,1,G2,10.0
-68,0,0.95,9.427015,12.194314,77.30665,62.77437369025486,89.38054350204827,100.0,8,2013-09-01,2013-09-01,2013-09-01,1.1783769130706787,observed,Guiuan Centre,POI 5×5,Reliability-qualified DNB-BRDF,1,G2,10.0
-67,0,0.95,6.2184362,9.034681,68.82851,56.36736889306108,75.18895272369959,75.0,6,2013-09-02,2013-09-02,2013-09-02,1.0364060401916504,observed,Guiuan Centre,POI 5×5,Reliability-qualified DNB-BRDF,1,G2,10.0
-66,0,0.95,14.865829,12.194314,121.90788,98.99137052802588,140.94768262389132,100.0,8,2013-09-03,2013-09-03,2013-09-03,1.8582286834716797,observed,Guiuan Centre,POI 5×5,Reliability-qualified DNB-BRDF,1,G2,10.0
-65,0,0.95,17.698158,12.194314,145.1345,117.85180531286717,167.80188781392653,100.0,8,2013-09-04,2013-09-04,2013-09-04,2.2122697830200195,observed,Guiuan Centre,POI 5×5,Reliability-qualified DNB-BRDF,1,G2,10.0
-64,0,0.95,9.517858,12.194314,78.051605,63.37929129406547,90.2418482196283,100.0,8,2013-09-05,2013-09-05,2013-09-05,1.1897321939468384,observed,Guiuan Centre,POI 5×5,Reliability-qualified DNB-BRDF,1,G2,10.0
-63,0,0.95,2.4726164,4.1987557,58.889267,45.59935930136621,62.22109839378806,50.0,4,2013-09-06,2013-09-06,2013-09-06,0.6181541085243225,observed,Guiuan Centre,POI 5×5,Reliability-qualified DNB-BRDF,1,G2,10.0
-62,0,0.95,,,,,,0.0,0,2013-09-07,2013-09-07,2013-09-07,,not observable,Guiuan Centre,POI 5×5,Reliability-qualified DNB-BRDF,1,G2,10.0
-61,0,0.95,,,,,,0.0,0,2013-09-08,2013-09-08,2013-09-08,,not observable,Guiuan Centre,POI 5×5,Reliability-qualified DNB-BRDF,1,G2,10.0
-60,0,0.95,14.229276,12.194314,116.6878,94.75256596097094,134.91231128156997,100.0,8,2013-09-09,2013-09-09,2013-09-09,1.778659462928772,observed,Guiuan Centre,POI 5×5,Reliability-qualified DNB-BRDF,1,G2,10.0
-59,0,0.95,0.97770035,0.9680013,101.00197,99.04937259287243,108.7457360227143,12.5,1,2013-09-10,2013-09-10,2013-09-10,0.9777003526687622,observed,Guiuan Centre,POI 5×5,Reliability-qualified DNB-BRDF,1,G2,10.0
-58,0,0.95,,,,,,0.0,0,2013-09-11,2013-09-11,2013-09-11,,not observable,Guiuan Centre,POI 5×5,Reliability-qualified DNB-BRDF,1,G2,10.0
-57,0,0.95,,,,,,0.0,0,2013-09-12,2013-09-12,2013-09-12,,not observable,Guiuan Centre,POI 5×5,Reliability-qualified DNB-BRDF,1,G2,10.0
-56,0,0.95,,,,,,0.0,0,2013-09-13,2013-09-13,2013-09-13,,not observable,Guiuan Centre,POI 5×5,Reliability-qualified DNB-BRDF,1,G2,10.0
-55,0,0.95,,,,,,0.0,0,2013-09-14,2013-09-14,2013-09-14,,not observable,Guiuan Centre,POI 5×5,Reliability-qualified DNB-BRDF,1,G2,10.0
-54,0,0.95,,,,,,0.0,0,2013-09-15,2013-09-15,2013-09-15,,not observable,Guiuan Centre,POI 5×5,Reliability-qualified DNB-BRDF,1,G2,10.0
-53,0,0.95,,,,,,0.0,0,2013-09-16,2013-09-16,2013-09-16,,not observable,Guiuan Centre,POI 5×5,Reliability-qualified DNB-BRDF,1,G2,10.0
-52,0,0.95,,,,,,0.0,0,2013-09-17,2013-09-17,2013-09-17,,not observable,Guiuan Centre,POI 5×5,Reliability-qualified DNB-BRDF,1,G2,10.0
-51,0,0.95,,,,,,0.0,0,2013-09-18,2013-09-18,2013-09-18,,not observable,Guiuan Centre,POI 5×5,Reliability-qualified DNB-BRDF,1,G2,10.0
-50,0,0.95,,,,,,0.0,0,2013-09-19,2013-09-19,2013-09-19,,not observable,Guiuan Centre,POI 5×5,Reliability-qualified DNB-BRDF,1,G2,10.0
-49,0,0.95,,,,,,0.0,0,2013-09-20,2013-09-20,2013-09-20,,not observable,Guiuan Centre,POI 5×5,Reliability-qualified DNB-BRDF,1,G2,10.0
-48,0,0.95,,,,,,0.0,0,2013-09-21,2013-09-21,2013-09-21,,not observable,Guiuan Centre,POI 5×5,Reliability-qualified DNB-BRDF,1,G2,10.0
-47,0,0.95,0.99021167,0.9680013,102.29446,100.3168729844287,110.13731740663094,12.5,1,2013-09-22,2013-09-22,2013-09-22,0.9902116656303406,observed,Guiuan Centre,POI 5×5,Reliability-qualified DNB-BRDF,1,G2,10.0
-46,0,0.95,,,,,,0.0,0,2013-09-23,2013-09-23,2013-09-23,,not observable,Guiuan Centre,POI 5×5,Reliability-qualified DNB-BRDF,1,G2,10.0
-45,0,0.95,,,,,,0.0,0,2013-09-24,2013-09-24,2013-09-24,,not observable,Guiuan Centre,POI 5×5,Reliability-qualified DNB-BRDF,1,G2,10.0
-44,0,0.95,,,,,,0.0,0,2013-09-25,2013-09-25,2013-09-25,,not observable,Guiuan Centre,POI 5×5,Reliability-qualified DNB-BRDF,1,G2,10.0
-43,0,0.95,,,,,,0.0,0,2013-09-26,2013-09-26,2013-09-26,,not observable,Guiuan Centre,POI 5×5,Reliability-qualified DNB-BRDF,1,G2,10.0
-42,0,0.95,,,,,,0.0,0,2013-09-27,2013-09-27,2013-09-27,,not observable,Guiuan Centre,POI 5×5,Reliability-qualified DNB-BRDF,1,G2,10.0
-41,0,0.95,,,,,,0.0,0,2013-09-28,2013-09-28,2013-09-28,,not observable,Guiuan Centre,POI 5×5,Reliability-qualified DNB-BRDF,1,G2,10.0
-40,0,0.95,,,,,,0.0,0,2013-09-29,2013-09-29,2013-09-29,,not observable,Guiuan Centre,POI 5×5,Reliability-qualified DNB-BRDF,1,G2,10.0
-39,0,0.95,,,,,,0.0,0,2013-09-30,2013-09-30,2013-09-30,,not observable,Guiuan Centre,POI 5×5,Reliability-qualified DNB-BRDF,1,G2,10.0
-38,0,0.95,,,,,,0.0,0,2013-10-01,2013-10-01,2013-10-01,,not observable,Guiuan Centre,POI 5×5,Reliability-qualified DNB-BRDF,1,G2,10.0
-37,0,0.95,,,,,,0.0,0,2013-10-02,2013-10-02,2013-10-02,,not observable,Guiuan Centre,POI 5×5,Reliability-qualified DNB-BRDF,1,G2,10.0
-36,0,0.95,,,,,,0.0,0,2013-10-03,2013-10-03,2013-10-03,,not observable,Guiuan Centre,POI 5×5,Reliability-qualified DNB-BRDF,1,G2,10.0
-35,0,0.95,,,,,,0.0,0,2013-10-04,2013-10-04,2013-10-04,,not observable,Guiuan Centre,POI 5×5,Reliability-qualified DNB-BRDF,1,G2,10.0
-34,0,0.95,,,,,,0.0,0,2013-10-05,2013-10-05,2013-10-05,,not observable,Guiuan Centre,POI 5×5,Reliability-qualified DNB-BRDF,1,G2,10.0
-33,0,0.95,15.339017,12.194314,125.78828,102.14231835453455,145.43412211701306,100.0,8,2013-10-06,2013-10-06,2013-10-06,1.9173771142959595,observed,Guiuan Centre,POI 5×5,Reliability-qualified DNB-BRDF,1,G2,10.0
-32,0,0.95,,,,,,0.0,0,2013-10-07,2013-10-07,2013-10-07,,not observable,Guiuan Centre,POI 5×5,Reliability-qualified DNB-BRDF,1,G2,10.0
-31,0,0.95,,,,,,0.0,0,2013-10-08,2013-10-08,2013-10-08,,not observable,Guiuan Centre,POI 5×5,Reliability-qualified DNB-BRDF,1,G2,10.0
-30,0,0.95,,,,,,0.0,0,2013-10-09,2013-10-09,2013-10-09,,not observable,Guiuan Centre,POI 5×5,Reliability-qualified DNB-BRDF,1,G2,10.0
-29,0,0.95,,,,,,0.0,0,2013-10-10,2013-10-10,2013-10-10,,not observable,Guiuan Centre,POI 5×5,Reliability-qualified DNB-BRDF,1,G2,10.0
-28,0,0.95,,,,,,0.0,0,2013-10-11,2013-10-11,2013-10-11,,not observable,Guiuan Centre,POI 5×5,Reliability-qualified DNB-BRDF,1,G2,10.0
-27,0,0.95,,,,,,0.0,0,2013-10-12,2013-10-12,2013-10-12,,not observable,Guiuan Centre,POI 5×5,Reliability-qualified DNB-BRDF,1,G2,10.0
-26,0,0.95,8.408454,12.194314,68.95389,55.99178647121665,79.72323756094903,100.0,8,2013-10-13,2013-10-13,2013-10-13,1.0510567426681519,observed,Guiuan Centre,POI 5×5,Reliability-qualified DNB-BRDF,1,G2,10.0
-25,0,0.95,,,,,,0.0,0,2013-10-14,2013-10-14,2013-10-14,,not observable,Guiuan Centre,POI 5×5,Reliability-qualified DNB-BRDF,1,G2,10.0
-24,0,0.95,,,,,,0.0,0,2013-10-15,2013-10-15,2013-10-15,,not observable,Guiuan Centre,POI 5×5,Reliability-qualified DNB-BRDF,1,G2,10.0
-23,0,0.95,,,,,,0.0,0,2013-10-16,2013-10-16,2013-10-16,,not observable,Guiuan Centre,POI 5×5,Reliability-qualified DNB-BRDF,1,G2,10.0
-22,0,0.95,11.31451,11.226313,100.78564,80.64388451490402,117.27329769063218,87.5,7,2013-10-17,2013-10-17,2013-10-17,1.6163586207798548,observed,Guiuan Centre,POI 5×5,Reliability-qualified DNB-BRDF,1,G2,10.0
-21,0,0.95,,,,,,0.0,0,2013-10-18,2013-10-18,2013-10-18,,not observable,Guiuan Centre,POI 5×5,Reliability-qualified DNB-BRDF,1,G2,10.0
-20,0,0.95,,,,,,0.0,0,2013-10-19,2013-10-19,2013-10-19,,not observable,Guiuan Centre,POI 5×5,Reliability-qualified DNB-BRDF,1,G2,10.0
-19,0,0.95,,,,,,0.0,0,2013-10-20,2013-10-20,2013-10-20,,not observable,Guiuan Centre,POI 5×5,Reliability-qualified DNB-BRDF,1,G2,10.0
-18,0,0.95,,,,,,0.0,0,2013-10-21,2013-10-21,2013-10-21,,not observable,Guiuan Centre,POI 5×5,Reliability-qualified DNB-BRDF,1,G2,10.0
-17,0,0.95,,,,,,0.0,0,2013-10-22,2013-10-22,2013-10-22,,not observable,Guiuan Centre,POI 5×5,Reliability-qualified DNB-BRDF,1,G2,10.0
-16,0,0.95,,,,,,0.0,0,2013-10-23,2013-10-23,2013-10-23,,not observable,Guiuan Centre,POI 5×5,Reliability-qualified DNB-BRDF,1,G2,10.0
-15,0,0.95,,,,,,0.0,0,2013-10-24,2013-10-24,2013-10-24,,not observable,Guiuan Centre,POI 5×5,Reliability-qualified DNB-BRDF,1,G2,10.0
-14,0,0.95,,,,,,0.0,0,2013-10-25,2013-10-25,2013-10-25,,not observable,Guiuan Centre,POI 5×5,Reliability-qualified DNB-BRDF,1,G2,10.0
-13,0,0.95,,,,,,0.0,0,2013-10-26,2013-10-26,2013-10-26,,not observable,Guiuan Centre,POI 5×5,Reliability-qualified DNB-BRDF,1,G2,10.0
-12,0,0.95,,,,,,0.0,0,2013-10-27,2013-10-27,2013-10-27,,not observable,Guiuan Centre,POI 5×5,Reliability-qualified DNB-BRDF,1,G2,10.0
-11,0,0.95,,,,,,0.0,0,2013-10-28,2013-10-28,2013-10-28,,not observable,Guiuan Centre,POI 5×5,Reliability-qualified DNB-BRDF,1,G2,10.0
-10,0,0.95,,,,,,0.0,0,2013-10-29,2013-10-29,2013-10-29,,not observable,Guiuan Centre,POI 5×5,Reliability-qualified DNB-BRDF,1,G2,10.0
-9,0,0.95,,,,,,0.0,0,2013-10-30,2013-10-30,2013-10-30,,not observable,Guiuan Centre,POI 5×5,Reliability-qualified DNB-BRDF,1,G2,10.0
-8,0,0.95,,,,,,0.0,0,2013-10-31,2013-10-31,2013-10-31,,not observable,Guiuan Centre,POI 5×5,Reliability-qualified DNB-BRDF,1,G2,10.0
-7,0,0.95,12.656221,12.194314,103.787895,84.27761836119514,119.99768203742696,100.0,8,2013-11-01,2013-11-01,2013-11-01,1.5820276737213135,observed,Guiuan Centre,POI 5×5,Reliability-qualified DNB-BRDF,1,G2,10.0
-6,0,0.95,,,,,,0.0,0,2013-11-02,2013-11-02,2013-11-02,,not observable,Guiuan Centre,POI 5×5,Reliability-qualified DNB-BRDF,1,G2,10.0
-5,0,0.95,,,,,,0.0,0,2013-11-03,2013-11-03,2013-11-03,,not observable,Guiuan Centre,POI 5×5,Reliability-qualified DNB-BRDF,1,G2,10.0
-4,0,0.95,,,,,,0.0,0,2013-11-04,2013-11-04,2013-11-04,,not observable,Guiuan Centre,POI 5×5,Reliability-qualified DNB-BRDF,1,G2,10.0
-3,0,0.95,,,,,,0.0,0,2013-11-05,2013-11-05,2013-11-05,,not observable,Guiuan Centre,POI 5×5,Reliability-qualified DNB-BRDF,1,G2,10.0
-2,0,0.95,,,,,,0.0,0,2013-11-06,2013-11-06,2013-11-06,,not observable,Guiuan Centre,POI 5×5,Reliability-qualified DNB-BRDF,1,G2,10.0
-1,0,0.95,,,,,,0.0,0,2013-11-07,2013-11-07,2013-11-07,,not observable,Guiuan Centre,POI 5×5,Reliability-qualified DNB-BRDF,1,G2,10.0
0,0,0.95,,,,,,0.0,0,2013-11-08,2013-11-08,2013-11-08,,not observable,Guiuan Centre,POI 5×5,Reliability-qualified DNB-BRDF,1,G2,10.0
1,0,0.95,,,,,,0.0,0,2013-11-09,2013-11-09,2013-11-09,,not observable,Guiuan Centre,POI 5×5,Reliability-qualified DNB-BRDF,1,G2,10.0
2,0,0.95,1.1932513,12.194314,9.785309,7.9458447750538275,11.313596342379343,100.0,8,2013-11-10,2013-11-10,2013-11-10,0.14915640652179718,observed,Guiuan Centre,POI 5×5,Reliability-qualified DNB-BRDF,1,G2,10.0
3,0,0.95,,,,,,0.0,0,2013-11-11,2013-11-11,2013-11-11,,not observable,Guiuan Centre,POI 5×5,Reliability-qualified DNB-BRDF,1,G2,10.0
4,0,0.95,2.8529828,12.194314,23.39601,18.997975545346513,27.050040961942713,100.0,8,2013-11-12,2013-11-12,2013-11-12,0.3566228449344635,observed,Guiuan Centre,POI 5×5,Reliability-qualified DNB-BRDF,1,G2,10.0
5,0,0.95,0.716645,12.194314,5.8768783,4.7721296262095265,6.7947398688113,100.0,8,2013-11-13,2013-11-13,2013-11-13,0.08958062529563904,observed,Guiuan Centre,POI 5×5,Reliability-qualified DNB-BRDF,1,G2,10.0
6,0,0.95,2.453612,12.194314,20.120953,16.33857102773124,23.26347954837729,100.0,8,2013-11-14,2013-11-14,2013-11-14,0.30670151114463806,observed,Guiuan Centre,POI 5×5,Reliability-qualified DNB-BRDF,1,G2,10.0
7,0,0.95,,,,,,0.0,0,2013-11-15,2013-11-15,2013-11-15,,not observable,Guiuan Centre,POI 5×5,Reliability-qualified DNB-BRDF,1,G2,10.0
8,0,0.95,0.49175695,9.034681,5.4429913,4.457558672731699,5.9459785845778494,75.0,6,2013-11-16,2013-11-16,2013-11-16,0.08195949097474416,observed,Guiuan Centre,POI 5×5,Reliability-qualified DNB-BRDF,1,G2,10.0
9,0,0.95,2.5931048,7.305402,35.49572,29.48571539180781,38.33264899482385,50.0,4,2013-11-17,2013-11-17,2013-11-17,0.6482762098312378,observed,Guiuan Centre,POI 5×5,Reliability-qualified DNB-BRDF,1,G2,10.0
10,0,0.95,0.77062154,6.2480865,12.333721,9.773999588061812,13.654448631706464,75.0,6,2013-11-18,2013-11-18,2013-11-18,0.12843692302703857,observed,Guiuan Centre,POI 5×5,Reliability-qualified DNB-BRDF,1,G2,10.0
11,0,0.95,,,,,,0.0,0,2013-11-19,2013-11-19,2013-11-19,,not observable,Guiuan Centre,POI 5×5,Reliability-qualified DNB-BRDF,1,G2,10.0
12,0,0.95,,,,,,0.0,0,2013-11-20,2013-11-20,2013-11-20,,not observable,Guiuan Centre,POI 5×5,Reliability-qualified DNB-BRDF,1,G2,10.0
13,0,0.95,,,,,,0.0,0,2013-11-21,2013-11-21,2013-11-21,,not observable,Guiuan Centre,POI 5×5,Reliability-qualified DNB-BRDF,1,G2,10.0
14,0,0.95,,,,,,0.0,0,2013-11-22,2013-11-22,2013-11-22,,not observable,Guiuan Centre,POI 5×5,Reliability-qualified DNB-BRDF,1,G2,10.0
15,0,0.95,,,,,,0.0,0,2013-11-23,2013-11-23,2013-11-23,,not observable,Guiuan Centre,POI 5×5,Reliability-qualified DNB-BRDF,1,G2,10.0
16,0,0.95,1.632694,7.4170494,22.012714,16.749230736350523,26.282960650365627,75.0,6,2013-11-24,2013-11-24,2013-11-24,0.27211566766103107,observed,Guiuan Centre,POI 5×5,Reliability-qualified DNB-BRDF,1,G2,10.0
17,0,0.95,,,,,,0.0,0,2013-11-25,2013-11-25,2013-11-25,,not observable,Guiuan Centre,POI 5×5,Reliability-qualified DNB-BRDF,1,G2,10.0
18,0,0.95,,,,,,0.0,0,2013-11-26,2013-11-26,2013-11-26,,not observable,Guiuan Centre,POI 5×5,Reliability-qualified DNB-BRDF,1,G2,10.0
19,0,0.95,5.6111507,12.194314,46.014484,37.36457880734788,53.20111002627685,100.0,8,2013-11-27,2013-11-27,2013-11-27,0.7013938426971436,observed,Guiuan Centre,POI 5×5,Reliability-qualified DNB-BRDF,1,G2,10.0
20,0,0.95,,,,,,0.0,0,2013-11-28,2013-11-28,2013-11-28,,not observable,Guiuan Centre,POI 5×5,Reliability-qualified DNB-BRDF,1,G2,10.0
21,0,0.95,7.66385,11.226313,68.26685,54.623895777162765,79.43472005386074,87.5,7,2013-11-29,2013-11-29,2013-11-29,1.0948356900896346,observed,Guiuan Centre,POI 5×5,Reliability-qualified DNB-BRDF,1,G2,10.0
22,0,0.95,,,,,,0.0,0,2013-11-30,2013-11-30,2013-11-30,,not observable,Guiuan Centre,POI 5×5,Reliability-qualified DNB-BRDF,1,G2,10.0
23,0,0.95,,,,,,0.0,0,2013-12-01,2013-12-01,2013-12-01,,not observable,Guiuan Centre,POI 5×5,Reliability-qualified DNB-BRDF,1,G2,10.0
24,0,0.95,9.582316,12.194314,78.5802,63.808520400066925,90.85300096438702,100.0,8,2013-12-02,2013-12-02,2013-12-02,1.1977895498275757,observed,Guiuan Centre,POI 5×5,Reliability-qualified DNB-BRDF,1,G2,10.0
25,0,0.95,20.87104,12.194314,171.15387,138.97998611273562,197.88499612847343,100.0,8,2013-12-03,2013-12-03,2013-12-03,2.608880043029785,observed,Guiuan Centre,POI 5×5,Reliability-qualified DNB-BRDF,1,G2,10.0
26,0,0.95,,,,,,0.0,0,2013-12-04,2013-12-04,2013-12-04,,not observable,Guiuan Centre,POI 5×5,Reliability-qualified DNB-BRDF,1,G2,10.0
27,0,0.95,3.57635,8.439716,42.37524,32.86289171676915,50.93563093603928,87.5,7,2013-12-05,2013-12-05,2013-12-05,0.5109071390969413,observed,Guiuan Centre,POI 5×5,Reliability-qualified DNB-BRDF,1,G2,10.0
28,0,0.95,3.8720508,10.002683,38.710125,32.215912712783926,42.22758380713224,87.5,7,2013-12-06,2013-12-06,2013-12-06,0.553150108882359,observed,Guiuan Centre,POI 5×5,Reliability-qualified DNB-BRDF,1,G2,10.0
29,0,0.95,,,,,,0.0,0,2013-12-07,2013-12-07,2013-12-07,,not observable,Guiuan Centre,POI 5×5,Reliability-qualified DNB-BRDF,1,G2,10.0
30,0,0.95,8.046928,12.194314,65.98919,53.584394376280564,76.29550103059914,100.0,8,2013-12-08,2013-12-08,2013-12-08,1.0058660507202148,observed,Guiuan Centre,POI 5×5,Reliability-qualified DNB-BRDF,1,G2,10.0
31,0,0.95,,,,,,0.0,0,2013-12-09,2013-12-09,2013-12-09,,not observable,Guiuan Centre,POI 5×5,Reliability-qualified DNB-BRDF,1,G2,10.0
32,0,0.95,,,,,,0.0,0,2013-12-10,2013-12-10,2013-12-10,,not observable,Guiuan Centre,POI 5×5,Reliability-qualified DNB-BRDF,1,G2,10.0
33,0,0.95,4.526441,12.194314,37.119274,30.141512435764703,42.91663309578546,100.0,8,2013-12-11,2013-12-11,2013-12-11,0.5658051371574402,observed,Guiuan Centre,POI 5×5,Reliability-qualified DNB-BRDF,1,G2,10.0
34,0,0.95,,,,,,0.0,0,2013-12-12,2013-12-12,2013-12-12,,not observable,Guiuan Centre,POI 5×5,Reliability-qualified DNB-BRDF,1,G2,10.0
35,0,0.95,4.655485,10.824941,43.007027,36.61146509692209,50.52271644178192,87.5,7,2013-12-13,2013-12-13,2013-12-13,0.6650693075997489,observed,Guiuan Centre,POI 5×5,Reliability-qualified DNB-BRDF,1,G2,10.0
36,0,0.95,3.9635577,4.722598,83.92748,77.38689036978067,89.57572499580982,25.0,2,2013-12-14,2013-12-14,2013-12-14,1.981778860092163,observed,Guiuan Centre,POI 5×5,Reliability-qualified DNB-BRDF,1,G2,10.0
37,0,0.95,,,,,,0.0,0,2013-12-15,2013-12-15,2013-12-15,,not observable,Guiuan Centre,POI 5×5,Reliability-qualified DNB-BRDF,1,G2,10.0
38,0,0.95,,,,,,0.0,0,2013-12-16,2013-12-16,2013-12-16,,not observable,Guiuan Centre,POI 5×5,Reliability-qualified DNB-BRDF,1,G2,10.0
39,0,0.95,,,,,,0.0,0,2013-12-17,2013-12-17,2013-12-17,,not observable,Guiuan Centre,POI 5×5,Reliability-qualified DNB-BRDF,1,G2,10.0
40,0,0.95,,,,,,0.0,0,2013-12-18,2013-12-18,2013-12-18,,not observable,Guiuan Centre,POI 5×5,Reliability-qualified DNB-BRDF,1,G2,10.0
41,0,0.95,,,,,,0.0,0,2013-12-19,2013-12-19,2013-12-19,,not observable,Guiuan Centre,POI 5×5,Reliability-qualified DNB-BRDF,1,G2,10.0
42,0,0.95,,,,,,0.0,0,2013-12-20,2013-12-20,2013-12-20,,not observable,Guiuan Centre,POI 5×5,Reliability-qualified DNB-BRDF,1,G2,10.0
43,0,0.95,,,,,,0.0,0,2013-12-21,2013-12-21,2013-12-21,,not observable,Guiuan Centre,POI 5×5,Reliability-qualified DNB-BRDF,1,G2,10.0
44,0,0.95,,,,,,0.0,0,2013-12-22,2013-12-22,2013-12-22,,not observable,Guiuan Centre,POI 5×5,Reliability-qualified DNB-BRDF,1,G2,10.0
45,0,0.95,,,,,,0.0,0,2013-12-23,2013-12-23,2013-12-23,,not observable,Guiuan Centre,POI 5×5,Reliability-qualified DNB-BRDF,1,G2,10.0
46,0,0.95,,,,,,0.0,0,2013-12-24,2013-12-24,2013-12-24,,not observable,Guiuan Centre,POI 5×5,Reliability-qualified DNB-BRDF,1,G2,10.0
47,0,0.95,,,,,,0.0,0,2013-12-25,2013-12-25,2013-12-25,,not observable,Guiuan Centre,POI 5×5,Reliability-qualified DNB-BRDF,1,G2,10.0
48,0,0.95,3.7284462,7.4717155,49.900806,37.67798802984303,60.900006058559015,75.0,6,2013-12-26,2013-12-26,2013-12-26,0.621407707532247,observed,Guiuan Centre,POI 5×5,Reliability-qualified DNB-BRDF,1,G2,10.0
49,0,0.95,,,,,,0.0,0,2013-12-27,2013-12-27,2013-12-27,,not observable,Guiuan Centre,POI 5×5,Reliability-qualified DNB-BRDF,1,G2,10.0
50,0,0.95,,,,,,0.0,0,2013-12-28,2013-12-28,2013-12-28,,not observable,Guiuan Centre,POI 5×5,Reliability-qualified DNB-BRDF,1,G2,10.0
51,0,0.95,1.0090697,2.3373737,43.17109,30.68516338075904,45.21959207255219,25.0,2,2013-12-29,2013-12-29,2013-12-29,0.5045348405838013,observed,Guiuan Centre,POI 5×5,Reliability-qualified DNB-BRDF,1,G2,10.0
52,0,0.95,,,,,,0.0,0,2013-12-30,2013-12-30,2013-12-30,,not observable,Guiuan Centre,POI 5×5,Reliability-qualified DNB-BRDF,1,G2,10.0
53,0,0.95,,,,,,0.0,0,2013-12-31,2013-12-31,2013-12-31,,not observable,Guiuan Centre,POI 5×5,Reliability-qualified DNB-BRDF,1,G2,10.0
54,0,0.95,,,,,,0.0,0,2014-01-01,2014-01-01,2014-01-01,,not observable,Guiuan Centre,POI 5×5,Reliability-qualified DNB-BRDF,1,G2,10.0
55,0,0.95,0.36403692,3.9107127,9.30871,7.920832626632473,10.668523008042312,50.0,4,2014-01-02,2014-01-02,2014-01-02,0.0910092294216156,observed,Guiuan Centre,POI 5×5,Reliability-qualified DNB-BRDF,1,G2,10.0
56,0,0.95,5.322569,8.439716,63.065735,48.90880448806999,75.80589183684144,87.5,7,2014-01-03,2014-01-03,2014-01-03,0.7603669847760882,observed,Guiuan Centre,POI 5×5,Reliability-qualified DNB-BRDF,1,G2,10.0
57,0,0.95,,,,,,0.0,0,2014-01-04,2014-01-04,2014-01-04,,not observable,Guiuan Centre,POI 5×5,Reliability-qualified DNB-BRDF,1,G2,10.0
58,0,0.95,3.4524143,8.439716,40.906757,31.724051733390706,49.170493114677996,87.5,7,2014-01-05,2014-01-05,2014-01-05,0.49320203917367117,observed,Guiuan Centre,POI 5×5,Reliability-qualified DNB-BRDF,1,G2,10.0
59,0,0.95,3.4182422,12.194314,28.031443,22.762030586859836,32.40944585289607,100.0,8,2014-01-06,2014-01-06,2014-01-06,0.4272802770137787,observed,Guiuan Centre,POI 5×5,Reliability-qualified DNB-BRDF,1,G2,10.0
60,0,0.95,,,,,,0.0,0,2014-01-07,2014-01-07,2014-01-07,,not observable,Guiuan Centre,POI 5×5,Reliability-qualified DNB-BRDF,1,G2,10.0
61,0,0.95,,,,,,0.0,0,2014-01-08,2014-01-08,2014-01-08,,not observable,Guiuan Centre,POI 5×5,Reliability-qualified DNB-BRDF,1,G2,10.0
62,0,0.95,,,,,,0.0,0,2014-01-09,2014-01-09,2014-01-09,,not observable,Guiuan Centre,POI 5×5,Reliability-qualified DNB-BRDF,1,G2,10.0
63,0,0.95,,,,,,0.0,0,2014-01-10,2014-01-10,2014-01-10,,not observable,Guiuan Centre,POI 5×5,Reliability-qualified DNB-BRDF,1,G2,10.0
64,0,0.95,,,,,,0.0,0,2014-01-11,2014-01-11,2014-01-11,,not observable,Guiuan Centre,POI 5×5,Reliability-qualified DNB-BRDF,1,G2,10.0
65,0,0.95,,,,,,0.0,0,2014-01-12,2014-01-12,2014-01-12,,not observable,Guiuan Centre,POI 5×5,Reliability-qualified DNB-BRDF,1,G2,10.0
66,0,0.95,,,,,,0.0,0,2014-01-13,2014-01-13,2014-01-13,,not observable,Guiuan Centre,POI 5×5,Reliability-qualified DNB-BRDF,1,G2,10.0
67,0,0.95,,,,,,0.0,0,2014-01-14,2014-01-14,2014-01-14,,not observable,Guiuan Centre,POI 5×5,Reliability-qualified DNB-BRDF,1,G2,10.0
68,0,0.95,,,,,,0.0,0,2014-01-15,2014-01-15,2014-01-15,,not observable,Guiuan Centre,POI 5×5,Reliability-qualified DNB-BRDF,1,G2,10.0
69,0,0.95,,,,,,0.0,0,2014-01-16,2014-01-16,2014-01-16,,not observable,Guiuan Centre,POI 5×5,Reliability-qualified DNB-BRDF,1,G2,10.0
70,0,0.95,,,,,,0.0,0,2014-01-17,2014-01-17,2014-01-17,,not observable,Guiuan Centre,POI 5×5,Reliability-qualified DNB-BRDF,1,G2,10.0
71,0,0.95,,,,,,0.0,0,2014-01-18,2014-01-18,2014-01-18,,not observable,Guiuan Centre,POI 5×5,Reliability-qualified DNB-BRDF,1,G2,10.0
72,0,0.95,,,,,,0.0,0,2014-01-19,2014-01-19,2014-01-19,,not observable,Guiuan Centre,POI 5×5,Reliability-qualified DNB-BRDF,1,G2,10.0
73,0,0.95,,,,,,0.0,0,2014-01-20,2014-01-20,2014-01-20,,not observable,Guiuan Centre,POI 5×5,Reliability-qualified DNB-BRDF,1,G2,10.0
74,0,0.95,,,,,,0.0,0,2014-01-21,2014-01-21,2014-01-21,,not observable,Guiuan Centre,POI 5×5,Reliability-qualified DNB-BRDF,1,G2,10.0
75,0,0.95,,,,,,0.0,0,2014-01-22,2014-01-22,2014-01-22,,not observable,Guiuan Centre,POI 5×5,Reliability-qualified DNB-BRDF,1,G2,10.0
76,0,0.95,,,,,,0.0,0,2014-01-23,2014-01-23,2014-01-23,,not observable,Guiuan Centre,POI 5×5,Reliability-qualified DNB-BRDF,1,G2,10.0
77,0,0.95,,,,,,0.0,0,2014-01-24,2014-01-24,2014-01-24,,not observable,Guiuan Centre,POI 5×5,Reliability-qualified DNB-BRDF,1,G2,10.0
78,0,0.95,,,,,,0.0,0,2014-01-25,2014-01-25,2014-01-25,,not observable,Guiuan Centre,POI 5×5,Reliability-qualified DNB-BRDF,1,G2,10.0
79,0,0.95,,,,,,0.0,0,2014-01-26,2014-01-26,2014-01-26,,not observable,Guiuan Centre,POI 5×5,Reliability-qualified DNB-BRDF,1,G2,10.0
80,0,0.95,5.758591,12.194314,47.223576,38.346385163335114,54.599043299891136,100.0,8,2014-01-27,2014-01-27,2014-01-27,0.7198238968849182,observed,Guiuan Centre,POI 5×5,Reliability-qualified DNB-BRDF,1,G2,10.0
81,0,0.95,,,,,,0.0,0,2014-01-28,2014-01-28,2014-01-28,,not observable,Guiuan Centre,POI 5×5,Reliability-qualified DNB-BRDF,1,G2,10.0
82,0,0.95,,,,,,0.0,0,2014-01-29,2014-01-29,2014-01-29,,not observable,Guiuan Centre,POI 5×5,Reliability-qualified DNB-BRDF,1,G2,10.0
83,0,0.95,,,,,,0.0,0,2014-01-30,2014-01-30,2014-01-30,,not observable,Guiuan Centre,POI 5×5,Reliability-qualified DNB-BRDF,1,G2,10.0
84,0,0.95,,,,,,0.0,0,2014-01-31,2014-01-31,2014-01-31,,not observable,Guiuan Centre,POI 5×5,Reliability-qualified DNB-BRDF,1,G2,10.0
85,0,0.95,3.227906,8.439716,38.246616,29.661056282045788,45.97296637728463,87.5,7,2014-02-01,2014-02-01,2014-02-01,0.46112942695617676,observed,Guiuan Centre,POI 5×5,Reliability-qualified DNB-BRDF,1,G2,10.0
86,0,0.95,1.6063753,12.194314,13.17315,10.69683221085264,15.230557002031059,100.0,8,2014-02-02,2014-02-02,2014-02-02,0.2007969170808792,observed,Guiuan Centre,POI 5×5,Reliability-qualified DNB-BRDF,1,G2,10.0
87,0,0.95,2.2114775,12.194314,18.135317,14.726200172629547,20.967724531099847,100.0,8,2014-02-03,2014-02-03,2014-02-03,0.27643468976020813,observed,Guiuan Centre,POI 5×5,Reliability-qualified DNB-BRDF,1,G2,10.0
88,0,0.95,3.5606055,9.154324,38.895344,32.912311340159704,46.42012871304593,62.5,5,2014-02-04,2014-02-04,2014-02-04,0.7121211051940918,observed,Guiuan Centre,POI 5×5,Reliability-qualified DNB-BRDF,1,G2,10.0
89,0,0.95,8.858624,12.194314,72.64553,58.989464606539705,83.99144583175453,100.0,8,2014-02-05,2014-02-05,2014-02-05,1.1073280572891235,observed,Guiuan Centre,POI 5×5,Reliability-qualified DNB-BRDF,1,G2,10.0
90,0,0.95,7.3335276,8.439716,86.89306,67.38739901440158,104.44667242066511,87.5,7,2014-02-06,2014-02-06,2014-02-06,1.0476467950003487,observed,Guiuan Centre,POI 5×5,Reliability-qualified DNB-BRDF,1,G2,10.0
91,0,0.95,,,,,,0.0,0,2014-02-07,2014-02-07,2014-02-07,,not observable,Guiuan Centre,POI 5×5,Reliability-qualified DNB-BRDF,1,G2,10.0
92,0,0.95,,,,,,0.0,0,2014-02-08,2014-02-08,2014-02-08,,not observable,Guiuan Centre,POI 5×5,Reliability-qualified DNB-BRDF,1,G2,10.0
93,0,0.95,,,,,,0.0,0,2014-02-09,2014-02-09,2014-02-09,,not observable,Guiuan Centre,POI 5×5,Reliability-qualified DNB-BRDF,1,G2,10.0
94,0,0.95,,,,,,0.0,0,2014-02-10,2014-02-10,2014-02-10,,not observable,Guiuan Centre,POI 5×5,Reliability-qualified DNB-BRDF,1,G2,10.0
95,0,0.95,,,,,,0.0,0,2014-02-11,2014-02-11,2014-02-11,,not observable,Guiuan Centre,POI 5×5,Reliability-qualified DNB-BRDF,1,G2,10.0
96,0,0.95,,,,,,0.0,0,2014-02-12,2014-02-12,2014-02-12,,not observable,Guiuan Centre,POI 5×5,Reliability-qualified DNB-BRDF,1,G2,10.0
97,0,0.95,,,,,,0.0,0,2014-02-13,2014-02-13,2014-02-13,,not observable,Guiuan Centre,POI 5×5,Reliability-qualified DNB-BRDF,1,G2,10.0
98,0,0.95,,,,,,0.0,0,2014-02-14,2014-02-14,2014-02-14,,not observable,Guiuan Centre,POI 5×5,Reliability-qualified DNB-BRDF,1,G2,10.0
99,0,0.95,2.3068948,12.194314,18.917791,15.361582926865873,21.872406689868843,100.0,8,2014-02-15,2014-02-15,2014-02-15,0.2883618474006653,observed,Guiuan Centre,POI 5×5,Reliability-qualified DNB-BRDF,1,G2,10.0
100,0,0.95,4.3657827,3.754597,116.278336,105.58990401232428,123.82591845366879,12.5,1,2014-02-16,2014-02-16,2014-02-16,4.365782737731934,observed,Guiuan Centre,POI 5×5,Reliability-qualified DNB-BRDF,1,G2,10.0
101,0,0.95,3.268492,9.856939,33.1593,27.867143948137173,39.30570109154639,75.0,6,2014-02-17,2014-02-17,2014-02-17,0.5447486639022827,observed,Guiuan Centre,POI 5×5,Reliability-qualified DNB-BRDF,1,G2,10.0
102,0,0.95,0.24533476,12.194314,2.0118783,1.6336809905696241,2.326097199576612,100.0,8,2014-02-18,2014-02-18,2014-02-18,0.03066684491932392,observed,Guiuan Centre,POI 5×5,Reliability-qualified DNB-BRDF,1,G2,10.0
103,0,0.95,0.85174835,6.102343,13.9577265,11.215806233858796,17.782451461227573,62.5,5,2014-02-19,2014-02-19,2014-02-19,0.17034966945648194,observed,Guiuan Centre,POI 5×5,Reliability-qualified DNB-BRDF,1,G2,10.0
104,0,0.95,,,,,,0.0,0,2014-02-20,2014-02-20,2014-02-20,,not observable,Guiuan Centre,POI 5×5,Reliability-qualified DNB-BRDF,1,G2,10.0
105,0,0.95,6.3106785,11.035548,57.185005,45.75058578852937,66.78108320566132,87.5,7,2014-02-21,2014-02-21,2014-02-21,0.9015254974365234,observed,Guiuan Centre,POI 5×5,Reliability-qualified DNB-BRDF,1,G2,10.0
106,0,0.95,,,,,,0.0,0,2014-02-22,2014-02-22,2014-02-22,,not observable,Guiuan Centre,POI 5×5,Reliability-qualified DNB-BRDF,1,G2,10.0
107,0,0.95,,,,,,0.0,0,2014-02-23,2014-02-23,2014-02-23,,not observable,Guiuan Centre,POI 5×5,Reliability-qualified DNB-BRDF,1,G2,10.0
108,0,0.95,2.5965314,12.194314,21.292969,17.290268877651197,24.618543184620016,100.0,8,2014-02-24,2014-02-24,2014-02-24,0.32456642389297485,observed,Guiuan Centre,POI 5×5,Reliability-qualified DNB-BRDF,1,G2,10.0
109,0,0.95,,,,,,0.0,0,2014-02-25,2014-02-25,2014-02-25,,not observable,Guiuan Centre,POI 5×5,Reliability-qualified DNB-BRDF,1,G2,10.0
110,0,0.95,6.6543303,12.194314,54.569126,44.31110050157826,63.09183211524079,100.0,8,2014-02-26,2014-02-26,2014-02-26,0.8317912817001343,observed,Guiuan Centre,POI 5×5,Reliability-qualified DNB-BRDF,1,G2,10.0
111,0,0.95,8.328352,12.194314,68.29701,55.458388762285345,78.96376559294072,100.0,8,2014-02-27,2014-02-27,2014-02-27,1.041043996810913,observed,Guiuan Centre,POI 5×5,Reliability-qualified DNB-BRDF,1,G2,10.0
112,0,0.95,7.253535,12.194314,59.482925,48.30119287637068,68.77307756807578,100.0,8,2014-02-28,2014-02-28,2014-02-28,0.90669184923172,observed,Guiuan Centre,POI 5×5,Reliability-qualified DNB-BRDF,1,G2,10.0
113,0,0.95,,,,,,0.0,0,2014-03-01,2014-03-01,2014-03-01,,not observable,Guiuan Centre,POI 5×5,Reliability-qualified DNB-BRDF,1,G2,10.0
114,0,0.95,,,,,,0.0,0,2014-03-02,2014-03-02,2014-03-02,,not observable,Guiuan Centre,POI 5×5,Reliability-qualified DNB-BRDF,1,G2,10.0
115,0,0.95,7.5680003,12.194314,62.061714,50.39521752600451,71.75462959780178,100.0,8,2014-03-03,2014-03-03,2014-03-03,0.9460000395774841,observed,Guiuan Centre,POI 5×5,Reliability-qualified DNB-BRDF,1,G2,10.0
116,0,0.95,14.364593,12.194314,117.79746,95.65363453712199,136.19528703002416,100.0,8,2014-03-04,2014-03-04,2014-03-04,1.7955740690231323,observed,Guiuan Centre,POI 5×5,Reliability-qualified DNB-BRDF,1,G2,10.0
117,0,0.95,6.245452,9.034681,69.127525,56.61225134747438,75.51560368593763,75.0,6,2014-03-05,2014-03-05,2014-03-05,1.040908654530843,observed,Guiuan Centre,POI 5×5,Reliability-qualified DNB-BRDF,1,G2,10.0
118,0,0.95,4.858493,12.194314,39.84228,32.35264039682718,46.06492127923284,100.0,8,2014-03-06,2014-03-06,2014-03-06,0.6073116064071655,observed,Guiuan Centre,POI 5×5,Reliability-qualified DNB-BRDF,1,G2,10.0
119,0,0.95,5.3360143,12.194314,43.758217,35.53245101435053,50.592456713201535,100.0,8,2014-03-07,2014-03-07,2014-03-07,0.6670017838478088,observed,Guiuan Centre,POI 5×5,Reliability-qualified DNB-BRDF,1,G2,10.0
120,0,0.95,4.6508327,8.97602,51.813972,43.498631301882696,55.97350984873781,75.0,6,2014-03-08,2014-03-08,2014-03-08,0.775138775507609,observed,Guiuan Centre,POI 5×5,Reliability-qualified DNB-BRDF,1,G2,10.0
121,0,0.95,,,,,,0.0,0,2014-03-09,2014-03-09,2014-03-09,,not observable,Guiuan Centre,POI 5×5,Reliability-qualified DNB-BRDF,1,G2,10.0
122,0,0.95,,,,,,0.0,0,2014-03-10,2014-03-10,2014-03-10,,not observable,Guiuan Centre,POI 5×5,Reliability-qualified DNB-BRDF,1,G2,10.0
123,0,0.95,,,,,,0.0,0,2014-03-11,2014-03-11,2014-03-11,,not observable,Guiuan Centre,POI 5×5,Reliability-qualified DNB-BRDF,1,G2,10.0
124,0,0.95,,,,,,0.0,0,2014-03-12,2014-03-12,2014-03-12,,not observable,Guiuan Centre,POI 5×5,Reliability-qualified DNB-BRDF,1,G2,10.0
125,0,0.95,,,,,,0.0,0,2014-03-13,2014-03-13,2014-03-13,,not observable,Guiuan Centre,POI 5×5,Reliability-qualified DNB-BRDF,1,G2,10.0
126,0,0.95,1.5645893,7.940892,19.70294,16.56151790246561,23.482179410953993,50.0,4,2014-03-14,2014-03-14,2014-03-14,0.39114731550216675,observed,Guiuan Centre,POI 5×5,Reliability-qualified DNB-BRDF,1,G2,10.0
127,0,0.95,,,,,,0.0,0,2014-03-15,2014-03-15,2014-03-15,,not observable,Guiuan Centre,POI 5×5,Reliability-qualified DNB-BRDF,1,G2,10.0
128,0,0.95,1.477488,4.878714,30.284376,26.463929079538776,34.269953291132964,62.5,5,2014-03-16,2014-03-16,2014-03-16,0.29549760818481446,observed,Guiuan Centre,POI 5×5,Reliability-qualified DNB-BRDF,1,G2,10.0
129,0,0.95,,,,,,0.0,0,2014-03-17,2014-03-17,2014-03-17,,not observable,Guiuan Centre,POI 5×5,Reliability-qualified DNB-BRDF,1,G2,10.0
130,0,0.95,,,,,,0.0,0,2014-03-18,2014-03-18,2014-03-18,,not observable,Guiuan Centre,POI 5×5,Reliability-qualified DNB-BRDF,1,G2,10.0
131,0,0.95,1.1266327,6.972891,16.157326,13.317088092592405,19.546669118218105,37.5,3,2014-03-19,2014-03-19,2014-03-19,0.3755442301432292,observed,Guiuan Centre,POI 5×5,Reliability-qualified DNB-BRDF,1,G2,10.0
132,0,0.95,,,,,,0.0,0,2014-03-20,2014-03-20,2014-03-20,,not observable,Guiuan Centre,POI 5×5,Reliability-qualified DNB-BRDF,1,G2,10.0
133,0,0.95,,,,,,0.0,0,2014-03-21,2014-03-21,2014-03-21,,not observable,Guiuan Centre,POI 5×5,Reliability-qualified DNB-BRDF,1,G2,10.0
134,0,0.95,,,,,,0.0,0,2014-03-22,2014-03-22,2014-03-22,,not observable,Guiuan Centre,POI 5×5,Reliability-qualified DNB-BRDF,1,G2,10.0
135,0,0.95,,,,,,0.0,0,2014-03-23,2014-03-23,2014-03-23,,not observable,Guiuan Centre,POI 5×5,Reliability-qualified DNB-BRDF,1,G2,10.0
136,0,0.95,6.6254735,11.226313,59.01736,47.22289405213818,68.67209516632467,87.5,7,2014-03-24,2014-03-24,2014-03-24,0.9464962141854423,observed,Guiuan Centre,POI 5×5,Reliability-qualified DNB-BRDF,1,G2,10.0
137,0,0.95,9.550938,12.194314,78.322876,63.59956948140809,90.55548869023623,100.0,8,2014-03-25,2014-03-25,2014-03-25,1.1938672065734863,observed,Guiuan Centre,POI 5×5,Reliability-qualified DNB-BRDF,1,G2,10.0
138,0,0.95,,,,,,0.0,0,2014-03-26,2014-03-26,2014-03-26,,not observable,Guiuan Centre,POI 5×5,Reliability-qualified DNB-BRDF,1,G2,10.0
139,0,0.95,3.9824407,8.97602,44.367558,37.2472504943743,47.92930903770822,75.0,6,2014-03-27,2014-03-27,2014-03-27,0.6637401183446249,observed,Guiuan Centre,POI 5×5,Reliability-qualified DNB-BRDF,1,G2,10.0
140,0,0.95,3.9826427,10.002683,39.815742,33.136048813742164,43.433668659161384,87.5,7,2014-03-28,2014-03-28,2014-03-28,0.5689489500863212,observed,Guiuan Centre,POI 5×5,Reliability-qualified DNB-BRDF,1,G2,10.0
141,0,0.95,,,,,,0.0,0,2014-03-29,2014-03-29,2014-03-29,,not observable,Guiuan Centre,POI 5×5,Reliability-qualified DNB-BRDF,1,G2,10.0
142,0,0.95,1.1812003,0.9680013,122.02466,119.66564658489337,131.38022456736547,12.5,1,2014-03-30,2014-03-30,2014-03-30,1.1812002658843994,observed,Guiuan Centre,POI 5×5,Reliability-qualified DNB-BRDF,1,G2,10.0
143,0,0.95,5.4390326,8.963559,60.679386,51.399384482851595,72.79018735783687,62.5,5,2014-03-31,2014-03-31,2014-03-31,1.087806510925293,observed,Guiuan Centre,POI 5×5,Reliability-qualified DNB-BRDF,1,G2,10.0
144,0,0.95,8.640814,12.194314,70.85937,57.5390661746183,81.9263133179788,100.0,8,2014-04-01,2014-04-01,2014-04-01,1.080101728439331,observed,Guiuan Centre,POI 5×5,Reliability-qualified DNB-BRDF,1,G2,10.0
145,0,0.95,7.9543095,12.194314,65.22966,52.9676455277127,75.41735053623879,100.0,8,2014-04-02,2014-04-02,2014-04-02,0.9942886829376221,observed,Guiuan Centre,POI 5×5,Reliability-qualified DNB-BRDF,1,G2,10.0
146,0,0.95,5.36724,12.194314,44.014282,35.740381787892886,50.888516465891705,100.0,8,2014-04-03,2014-04-03,2014-04-03,0.6709049940109253,observed,Guiuan Centre,POI 5×5,Reliability-qualified DNB-BRDF,1,G2,10.0
147,0,0.95,9.293446,12.194314,76.2113,61.88493314270242,88.11412418346988,100.0,8,2014-04-04,2014-04-04,2014-04-04,1.1616806983947754,observed,Guiuan Centre,POI 5×5,Reliability-qualified DNB-BRDF,1,G2,10.0
148,0,0.95,16.25162,12.194314,133.27211,108.21932687773082,154.08679824485446,100.0,8,2014-04-05,2014-04-05,2014-04-05,2.0314524173736572,observed,Guiuan Centre,POI 5×5,Reliability-qualified DNB-BRDF,1,G2,10.0
149,0,0.95,6.3937826,10.012881,63.855568,50.508233973521754,73.998057608949,75.0,6,2014-04-06,2014-04-06,2014-04-06,1.0656304359436035,observed,Guiuan Centre,POI 5×5,Reliability-qualified DNB-BRDF,1,G2,10.0
150,0,0.95,,,,,,0.0,0,2014-04-07,2014-04-07,2014-04-07,,not observable,Guiuan Centre,POI 5×5,Reliability-qualified DNB-BRDF,1,G2,10.0
151,0,0.95,,,,,,0.0,0,2014-04-08,2014-04-08,2014-04-08,,not observable,Guiuan Centre,POI 5×5,Reliability-qualified DNB-BRDF,1,G2,10.0
152,0,0.95,,,,,,0.0,0,2014-04-09,2014-04-09,2014-04-09,,not observable,Guiuan Centre,POI 5×5,Reliability-qualified DNB-BRDF,1,G2,10.0
153,0,0.95,,,,,,0.0,0,2014-04-10,2014-04-10,2014-04-10,,not observable,Guiuan Centre,POI 5×5,Reliability-qualified DNB-BRDF,1,G2,10.0
154,0,0.95,,,,,,0.0,0,2014-04-11,2014-04-11,2014-04-11,,not observable,Guiuan Centre,POI 5×5,Reliability-qualified DNB-BRDF,1,G2,10.0
155,0,0.95,,,,,,0.0,0,2014-04-12,2014-04-12,2014-04-12,,not observable,Guiuan Centre,POI 5×5,Reliability-qualified DNB-BRDF,1,G2,10.0
156,0,0.95,,,,,,0.0,0,2014-04-13,2014-04-13,2014-04-13,,not observable,Guiuan Centre,POI 5×5,Reliability-qualified DNB-BRDF,1,G2,10.0
157,0,0.95,,,,,,0.0,0,2014-04-14,2014-04-14,2014-04-14,,not observable,Guiuan Centre,POI 5×5,Reliability-qualified DNB-BRDF,1,G2,10.0
158,0,0.95,,,,,,0.0,0,2014-04-15,2014-04-15,2014-04-15,,not observable,Guiuan Centre,POI 5×5,Reliability-qualified DNB-BRDF,1,G2,10.0
159,0,0.95,,,,,,0.0,0,2014-04-16,2014-04-16,2014-04-16,,not observable,Guiuan Centre,POI 5×5,Reliability-qualified DNB-BRDF,1,G2,10.0
160,0,0.95,0.8984269,1.8613819,48.266663,42.100219686078,51.561667154982075,25.0,2,2014-04-17,2014-04-17,2014-04-17,0.449213445186615,observed,Guiuan Centre,POI 5×5,Reliability-qualified DNB-BRDF,1,G2,10.0
161,0,0.95,1.2454697,12.194314,10.213528,8.29356642001818,11.808695660577161,100.0,8,2014-04-18,2014-04-18,2014-04-18,0.1556837111711502,observed,Guiuan Centre,POI 5×5,Reliability-qualified DNB-BRDF,1,G2,10.0
162,0,0.95,3.9846308,12.194314,32.676136,26.533604626243637,37.77955657931614,100.0,8,2014-04-19,2014-04-19,2014-04-19,0.498078852891922,observed,Guiuan Centre,POI 5×5,Reliability-qualified DNB-BRDF,1,G2,10.0
163,0,0.95,,,,,,0.0,0,2014-04-20,2014-04-20,2014-04-20,,not observable,Guiuan Centre,POI 5×5,Reliability-qualified DNB-BRDF,1,G2,10.0
164,0,0.95,5.0952973,8.63331,59.019043,52.43323873979234,65.01537989869932,75.0,6,2014-04-21,2014-04-21,2014-04-21,0.8492162227630615,observed,Guiuan Centre,POI 5×5,Reliability-qualified DNB-BRDF,1,G2,10.0
165,0,0.95,3.8179598,2.8293831,134.93965,122.32725079732299,144.53746703229723,37.5,3,2014-04-22,2014-04-22,2014-04-22,1.2726532618204753,observed,Guiuan Centre,POI 5×5,Reliability-qualified DNB-BRDF,1,G2,10.0
166,0,0.95,5.5771294,9.798278,56.919487,48.970453389936154,66.7588391071722,75.0,6,2014-04-23,2014-04-23,2014-04-23,0.9295215606689453,observed,Guiuan Centre,POI 5×5,Reliability-qualified DNB-BRDF,1,G2,10.0
167,0,0.95,8.249707,12.194314,67.65208,54.934692592768535,78.21810704615349,100.0,8,2014-04-24,2014-04-24,2014-04-24,1.031213402748108,observed,Guiuan Centre,POI 5×5,Reliability-qualified DNB-BRDF,1,G2,10.0
168,0,0.95,5.678104,12.194314,46.563534,37.81041880215833,53.83591398700987,100.0,8,2014-04-25,2014-04-25,2014-04-25,0.7097629904747009,observed,Guiuan Centre,POI 5×5,Reliability-qualified DNB-BRDF,1,G2,10.0
169,0,0.95,,,,,,0.0,0,2014-04-26,2014-04-26,2014-04-26,,not observable,Guiuan Centre,POI 5×5,Reliability-qualified DNB-BRDF,1,G2,10.0
170,0,0.95,11.559318,12.194314,94.79269,76.97334681261086,109.5975820838951,100.0,8,2014-04-27,2014-04-27,2014-04-27,1.444914698600769,observed,Guiuan Centre,POI 5×5,Reliability-qualified DNB-BRDF,1,G2,10.0
171,0,0.95,7.470959,12.194314,61.265926,49.749022656046606,70.83455273697857,100.0,8,2014-04-28,2014-04-28,2014-04-28,0.9338698983192444,observed,Guiuan Centre,POI 5×5,Reliability-qualified DNB-BRDF,1,G2,10.0
172,0,0.95,6.062842,12.194314,49.718597,40.37238523601862,57.48373934680292,100.0,8,2014-04-29,2014-04-29,2014-04-29,0.757855236530304,observed,Guiuan Centre,POI 5×5,Reliability-qualified DNB-BRDF,1,G2,10.0
173,0,0.95,9.208692,12.194314,75.51627,61.32055716254477,87.31054417333873,100.0,8,2014-04-30,2014-04-30,2014-04-30,1.151086449623108,observed,Guiuan Centre,POI 5×5,Reliability-qualified DNB-BRDF,1,G2,10.0
174,0,0.95,10.1903,12.194314,83.566,67.85707806370623,96.61749152164828,100.0,8,2014-05-01,2014-05-01,2014-05-01,1.273787498474121,observed,Guiuan Centre,POI 5×5,Reliability-qualified DNB-BRDF,1,G2,10.0
175,0,0.95,16.657963,12.194314,136.60434,110.92515815895388,157.93946385222324,100.0,8,2014-05-02,2014-05-02,2014-05-02,2.082245349884033,observed,Guiuan Centre,POI 5×5,Reliability-qualified DNB-BRDF,1,G2,10.0
176,0,0.95,,,,,,0.0,0,2014-05-03,2014-05-03,2014-05-03,,not observable,Guiuan Centre,POI 5×5,Reliability-qualified DNB-BRDF,1,G2,10.0
177,0,0.95,2.523704,3.0399904,83.016846,60.10481717946977,87.73023041086702,37.5,3,2014-05-04,2014-05-04,2014-05-04,0.8412346839904785,observed,Guiuan Centre,POI 5×5,Reliability-qualified DNB-BRDF,1,G2,10.0
178,0,0.95,,,,,,0.0,0,2014-05-05,2014-05-05,2014-05-05,,not observable,Guiuan Centre,POI 5×5,Reliability-qualified DNB-BRDF,1,G2,10.0
179,0,0.95,11.129051,12.194314,91.26427,74.10821032028996,105.51809165114626,100.0,8,2014-05-06,2014-05-06,2014-05-06,1.3911314010620117,observed,Guiuan Centre,POI 5×5,Reliability-qualified DNB-BRDF,1,G2,10.0
180,0,0.95,16.650827,12.194314,136.54584,110.87764622105884,157.8718145459498,100.0,8,2014-05-07,2014-05-07,2014-05-07,2.0813534259796143,observed,Guiuan Centre,POI 5×5,Reliability-qualified DNB-BRDF,1,G2,10.0
181,0,0.95,,,,,,0.0,0,2014-05-08,2014-05-08,2014-05-08,,not observable,Guiuan Centre,POI 5×5,Reliability-qualified DNB-BRDF,1,G2,10.0
182,0,0.95,,,,,,0.0,0,2014-05-09,2014-05-09,2014-05-09,,not observable,Guiuan Centre,POI 5×5,Reliability-qualified DNB-BRDF,1,G2,10.0
183,0,0.95,5.181804,12.194314,42.49361,34.505567250049026,49.13034050922981,100.0,8,2014-05-10,2014-05-10,2014-05-10,0.647725522518158,observed,Guiuan Centre,POI 5×5,Reliability-qualified DNB-BRDF,1,G2,10.0
184,0,0.95,,,,,,0.0,0,2014-05-11,2014-05-11,2014-05-11,,not observable,Guiuan Centre,POI 5×5,Reliability-qualified DNB-BRDF,1,G2,10.0
185,0,0.95,,,,,,0.0,0,2014-05-12,2014-05-12,2014-05-12,,not observable,Guiuan Centre,POI 5×5,Reliability-qualified DNB-BRDF,1,G2,10.0
186,0,0.95,5.1541386,12.194314,42.26674,34.32134367357611,48.86803596641927,100.0,8,2014-05-13,2014-05-13,2014-05-13,0.6442673206329346,observed,Guiuan Centre,POI 5×5,Reliability-qualified DNB-BRDF,1,G2,10.0
187,0,0.95,2.121443,12.194314,17.396986,14.126661700538714,20.114078826082082,100.0,8,2014-05-14,2014-05-14,2014-05-14,0.265180379152298,observed,Guiuan Centre,POI 5×5,Reliability-qualified DNB-BRDF,1,G2,10.0
188,0,0.95,0.06,9.034681,0.66410756,0.5438734083106301,0.7254777504823249,75.0,6,2014-05-15,2014-05-15,2014-05-15,0.009999999776482582,observed,Guiuan Centre,POI 5×5,Reliability-qualified DNB-BRDF,1,G2,10.0
189,0,0.95,0.105888076,12.194314,0.8683398,0.7051073613639496,1.0039587092812154,100.0,8,2014-05-16,2014-05-16,2014-05-16,0.013236009515821934,observed,Guiuan Centre,POI 5×5,Reliability-qualified DNB-BRDF,1,G2,10.0
190,0,0.95,5.880033,12.194314,48.219463,39.155063545112334,55.750470371680876,100.0,8,2014-05-17,2014-05-17,2014-05-17,0.7350041270256042,observed,Guiuan Centre,POI 5×5,Reliability-qualified DNB-BRDF,1,G2,10.0
191,0,0.95,7.9073057,10.012881,78.97134,62.46444360076394,91.51473200396248,75.0,6,2014-05-18,2014-05-18,2014-05-18,1.3178842862447102,observed,Guiuan Centre,POI 5×5,Reliability-qualified DNB-BRDF,1,G2,10.0
192,0,0.95,4.7159553,12.194314,38.673393,31.40348478105208,44.71347737276548,100.0,8,2014-05-19,2014-05-19,2014-05-19,0.5894944071769714,observed,Guiuan Centre,POI 5×5,Reliability-qualified DNB-BRDF,1,G2,10.0
193,0,0.95,5.711736,12.194314,46.83934,38.0343792662959,54.15479742352744,100.0,8,2014-05-20,2014-05-20,2014-05-20,0.7139670252799988,observed,Guiuan Centre,POI 5×5,Reliability-qualified DNB-BRDF,1,G2,10.0
194,0,0.95,4.7046213,9.034681,52.072906,42.64530681090154,56.884967680073146,75.0,6,2014-05-21,2014-05-21,2014-05-21,0.7841035525004069,observed,Guiuan Centre,POI 5×5,Reliability-qualified DNB-BRDF,1,G2,10.0
195,0,0.95,8.173337,12.194314,67.0258,54.42614415571835,77.49401641762813,100.0,8,2014-05-22,2014-05-22,2014-05-22,1.0216671228408813,observed,Guiuan Centre,POI 5×5,Reliability-qualified DNB-BRDF,1,G2,10.0
196,0,0.95,16.133038,12.194314,132.29967,107.429685785697,152.9624771910788,100.0,8,2014-05-23,2014-05-23,2014-05-23,2.016629695892334,observed,Guiuan Centre,POI 5×5,Reliability-qualified DNB-BRDF,1,G2,10.0
197,0,0.95,,,,,,0.0,0,2014-05-24,2014-05-24,2014-05-24,,not observable,Guiuan Centre,POI 5×5,Reliability-qualified DNB-BRDF,1,G2,10.0
198,0,0.95,,,,,,0.0,0,2014-05-25,2014-05-25,2014-05-25,,not observable,Guiuan Centre,POI 5×5,Reliability-qualified DNB-BRDF,1,G2,10.0
199,0,0.95,7.5012794,12.194314,61.514565,49.95092197399989,71.12202467354301,100.0,8,2014-05-26,2014-05-26,2014-05-26,0.9376599192619324,observed,Guiuan Centre,POI 5×5,Reliability-qualified DNB-BRDF,1,G2,10.0
200,0,0.95,11.62115,12.194314,95.29974,77.38508713599792,110.18383363405208,100.0,8,2014-05-27,2014-05-27,2014-05-27,1.4526437520980835,observed,Guiuan Centre,POI 5×5,Reliability-qualified DNB-BRDF,1,G2,10.0
201,0,0.95,11.930709,12.194314,97.838295,79.44643869164217,113.11886446847167,100.0,8,2014-05-28,2014-05-28,2014-05-28,1.4913386106491089,observed,Guiuan Centre,POI 5×5,Reliability-qualified DNB-BRDF,1,G2,10.0
202,0,0.95,,,,,,0.0,0,2014-05-29,2014-05-29,2014-05-29,,not observable,Guiuan Centre,POI 5×5,Reliability-qualified DNB-BRDF,1,G2,10.0
203,0,0.95,,,,,,0.0,0,2014-05-30,2014-05-30,2014-05-30,,not observable,Guiuan Centre,POI 5×5,Reliability-qualified DNB-BRDF,1,G2,10.0
204,0,0.95,4.235441,9.034681,46.879807,38.39239811543931,51.211973585777486,75.0,6,2014-05-31,2014-05-31,2014-05-31,0.705906867980957,observed,Guiuan Centre,POI 5×5,Reliability-qualified DNB-BRDF,1,G2,10.0
205,0,0.95,2.7250276,11.226313,24.273575,19.422563644400658,28.244523461219078,87.5,7,2014-06-01,2014-06-01,2014-06-01,0.3892896515982492,observed,Guiuan Centre,POI 5×5,Reliability-qualified DNB-BRDF,1,G2,10.0
206,0,0.95,14.968075,12.194314,122.746346,99.67221781735873,141.91709891887083,100.0,8,2014-06-02,2014-06-02,2014-06-02,1.871009349822998,observed,Guiuan Centre,POI 5×5,Reliability-qualified DNB-BRDF,1,G2,10.0
207,0,0.95,17.54259,12.194314,143.85876,116.81587436518207,166.3268898857662,100.0,8,2014-06-03,2014-06-03,2014-06-03,2.192823648452759,observed,Guiuan Centre,POI 5×5,Reliability-qualified DNB-BRDF,1,G2,10.0
208,0,0.95,11.096164,12.194314,90.99457,73.88920833042371,105.20626827909864,100.0,8,2014-06-04,2014-06-04,2014-06-04,1.387020468711853,observed,Guiuan Centre,POI 5×5,Reliability-qualified DNB-BRDF,1,G2,10.0
209,0,0.95,5.4043074,8.439716,64.034225,49.65989322728318,76.9700370724616,87.5,7,2014-06-05,2014-06-05,2014-06-05,0.7720439093453544,observed,Guiuan Centre,POI 5×5,Reliability-qualified DNB-BRDF,1,G2,10.0
210,0,0.95,3.518397,7.6653094,45.900265,40.2995961841729,50.71202142201934,62.5,5,2014-06-06,2014-06-06,2014-06-06,0.7036794185638428,observed,Guiuan Centre,POI 5×5,Reliability-qualified DNB-BRDF,1,G2,10.0
211,0,0.95,6.626822,8.439716,78.519485,60.893515612321615,94.38151895940618,87.5,7,2014-06-07,2014-06-07,2014-06-07,0.9466888563973563,observed,Guiuan Centre,POI 5×5,Reliability-qualified DNB-BRDF,1,G2,10.0
212,0,0.95,,,,,,0.0,0,2014-06-08,2014-06-08,2014-06-08,,not observable,Guiuan Centre,POI 5×5,Reliability-qualified DNB-BRDF,1,G2,10.0
213,0,0.95,,,,,,0.0,0,2014-06-09,2014-06-09,2014-06-09,,not observable,Guiuan Centre,POI 5×5,Reliability-qualified DNB-BRDF,1,G2,10.0
214,0,0.95,,,,,,0.0,0,2014-06-10,2014-06-10,2014-06-10,,not observable,Guiuan Centre,POI 5×5,Reliability-qualified DNB-BRDF,1,G2,10.0
215,0,0.95,,,,,,0.0,0,2014-06-11,2014-06-11,2014-06-11,,not observable,Guiuan Centre,POI 5×5,Reliability-qualified DNB-BRDF,1,G2,10.0
216,0,0.95,,,,,,0.0,0,2014-06-12,2014-06-12,2014-06-12,,not observable,Guiuan Centre,POI 5×5,Reliability-qualified DNB-BRDF,1,G2,10.0
217,0,0.95,,,,,,0.0,0,2014-06-13,2014-06-13,2014-06-13,,not observable,Guiuan Centre,POI 5×5,Reliability-qualified DNB-BRDF,1,G2,10.0
218,0,0.95,,,,,,0.0,0,2014-06-14,2014-06-14,2014-06-14,,not observable,Guiuan Centre,POI 5×5,Reliability-qualified DNB-BRDF,1,G2,10.0
219,0,0.95,,,,,,0.0,0,2014-06-15,2014-06-15,2014-06-15,,not observable,Guiuan Centre,POI 5×5,Reliability-qualified DNB-BRDF,1,G2,10.0
220,0,0.95,,,,,,0.0,0,2014-06-16,2014-06-16,2014-06-16,,not observable,Guiuan Centre,POI 5×5,Reliability-qualified DNB-BRDF,1,G2,10.0
221,0,0.95,5.506926,12.194314,45.159786,36.67055091796425,52.2129266910711,100.0,8,2014-06-17,2014-06-17,2014-06-17,0.6883657574653625,observed,Guiuan Centre,POI 5×5,Reliability-qualified DNB-BRDF,1,G2,10.0
222,0,0.95,1.7084969,1.8613819,91.786476,80.06003981911412,98.05243669388405,25.0,2,2014-06-18,2014-06-18,2014-06-18,0.8542484641075134,observed,Guiuan Centre,POI 5×5,Reliability-qualified DNB-BRDF,1,G2,10.0
223,0,0.95,6.975316,6.638646,105.071365,94.2171763401972,114.7727731665817,50.0,4,2014-06-19,2014-06-19,2014-06-19,1.7438290119171143,observed,Guiuan Centre,POI 5×5,Reliability-qualified DNB-BRDF,1,G2,10.0
224,0,0.95,,,,,,0.0,0,2014-06-20,2014-06-20,2014-06-20,,not observable,Guiuan Centre,POI 5×5,Reliability-qualified DNB-BRDF,1,G2,10.0
225,0,0.95,,,,,,0.0,0,2014-06-21,2014-06-21,2014-06-21,,not observable,Guiuan Centre,POI 5×5,Reliability-qualified DNB-BRDF,1,G2,10.0
226,0,0.95,4.0010314,5.280085,75.775894,58.00849725636903,84.32686818508664,62.5,5,2014-06-22,2014-06-22,2014-06-22,0.8002062797546386,observed,Guiuan Centre,POI 5×5,Reliability-qualified DNB-BRDF,1,G2,10.0
227,0,0.95,5.619182,8.439716,66.58022,51.63436710518595,80.03036035759682,87.5,7,2014-06-23,2014-06-23,2014-06-23,0.8027403014046806,observed,Guiuan Centre,POI 5×5,Reliability-qualified DNB-BRDF,1,G2,10.0
228,0,0.95,,,,,,0.0,0,2014-06-24,2014-06-24,2014-06-24,,not observable,Guiuan Centre,POI 5×5,Reliability-qualified DNB-BRDF,1,G2,10.0
229,0,0.95,,,,,,0.0,0,2014-06-25,2014-06-25,2014-06-25,,not observable,Guiuan Centre,POI 5×5,Reliability-qualified DNB-BRDF,1,G2,10.0
230,0,0.95,,,,,,0.0,0,2014-06-26,2014-06-26,2014-06-26,,not observable,Guiuan Centre,POI 5×5,Reliability-qualified DNB-BRDF,1,G2,10.0
231,0,0.95,,,,,,0.0,0,2014-06-27,2014-06-27,2014-06-27,,not observable,Guiuan Centre,POI 5×5,Reliability-qualified DNB-BRDF,1,G2,10.0
232,0,0.95,2.3329158,3.2307544,72.20963,52.59767980615374,75.8708927749142,37.5,3,2014-06-28,2014-06-28,2014-06-28,0.7776385943094889,observed,Guiuan Centre,POI 5×5,Reliability-qualified DNB-BRDF,1,G2,10.0
233,0,0.95,,,,,,0.0,0,2014-06-29,2014-06-29,2014-06-29,,not observable,Guiuan Centre,POI 5×5,Reliability-qualified DNB-BRDF,1,G2,10.0
234,0,0.95,,,,,,0.0,0,2014-06-30,2014-06-30,2014-06-30,,not observable,Guiuan Centre,POI 5×5,Reliability-qualified DNB-BRDF,1,G2,10.0
235,0,0.95,,,,,,0.0,0,2014-07-01,2014-07-01,2014-07-01,,not observable,Guiuan Centre,POI 5×5,Reliability-qualified DNB-BRDF,1,G2,10.0
236,0,0.95,,,,,,0.0,0,2014-07-02,2014-07-02,2014-07-02,,not observable,Guiuan Centre,POI 5×5,Reliability-qualified DNB-BRDF,1,G2,10.0
237,0,0.95,2.5940971,7.4717155,34.7189,26.21477083605615,42.37168135079443,75.0,6,2014-07-03,2014-07-03,2014-07-03,0.4323495229085286,observed,Guiuan Centre,POI 5×5,Reliability-qualified DNB-BRDF,1,G2,10.0
238,0,0.95,,,,,,0.0,0,2014-07-04,2014-07-04,2014-07-04,,not observable,Guiuan Centre,POI 5×5,Reliability-qualified DNB-BRDF,1,G2,10.0
239,0,0.95,,,,,,0.0,0,2014-07-05,2014-07-05,2014-07-05,,not observable,Guiuan Centre,POI 5×5,Reliability-qualified DNB-BRDF,1,G2,10.0
240,0,0.95,,,,,,0.0,0,2014-07-06,2014-07-06,2014-07-06,,not observable,Guiuan Centre,POI 5×5,Reliability-qualified DNB-BRDF,1,G2,10.0
241,0,0.95,,,,,,0.0,0,2014-07-07,2014-07-07,2014-07-07,,not observable,Guiuan Centre,POI 5×5,Reliability-qualified DNB-BRDF,1,G2,10.0
242,0,0.95,,,,,,0.0,0,2014-07-08,2014-07-08,2014-07-08,,not observable,Guiuan Centre,POI 5×5,Reliability-qualified DNB-BRDF,1,G2,10.0
243,0,0.95,,,,,,0.0,0,2014-07-09,2014-07-09,2014-07-09,,not observable,Guiuan Centre,POI 5×5,Reliability-qualified DNB-BRDF,1,G2,10.0
244,0,0.95,,,,,,0.0,0,2014-07-10,2014-07-10,2014-07-10,,not observable,Guiuan Centre,POI 5×5,Reliability-qualified DNB-BRDF,1,G2,10.0
245,0,0.95,,,,,,0.0,0,2014-07-11,2014-07-11,2014-07-11,,not observable,Guiuan Centre,POI 5×5,Reliability-qualified DNB-BRDF,1,G2,10.0
246,0,0.95,,,,,,0.0,0,2014-07-12,2014-07-12,2014-07-12,,not observable,Guiuan Centre,POI 5×5,Reliability-qualified DNB-BRDF,1,G2,10.0
247,0,0.95,,,,,,0.0,0,2014-07-13,2014-07-13,2014-07-13,,not observable,Guiuan Centre,POI 5×5,Reliability-qualified DNB-BRDF,1,G2,10.0
248,0,0.95,,,,,,0.0,0,2014-07-14,2014-07-14,2014-07-14,,not observable,Guiuan Centre,POI 5×5,Reliability-qualified DNB-BRDF,1,G2,10.0
249,0,0.95,,,,,,0.0,0,2014-07-15,2014-07-15,2014-07-15,,not observable,Guiuan Centre,POI 5×5,Reliability-qualified DNB-BRDF,1,G2,10.0
250,0,0.95,3.734881,8.439716,44.25363,34.31962361534303,53.19348331853831,87.5,7,2014-07-16,2014-07-16,2014-07-16,0.5335544177464077,observed,Guiuan Centre,POI 5×5,Reliability-qualified DNB-BRDF,1,G2,10.0
251,0,0.95,,,,,,0.0,0,2014-07-17,2014-07-17,2014-07-17,,not observable,Guiuan Centre,POI 5×5,Reliability-qualified DNB-BRDF,1,G2,10.0
252,0,0.95,,,,,,0.0,0,2014-07-18,2014-07-18,2014-07-18,,not observable,Guiuan Centre,POI 5×5,Reliability-qualified DNB-BRDF,1,G2,10.0
253,0,0.95,,,,,,0.0,0,2014-07-19,2014-07-19,2014-07-19,,not observable,Guiuan Centre,POI 5×5,Reliability-qualified DNB-BRDF,1,G2,10.0
254,0,0.95,,,,,,0.0,0,2014-07-20,2014-07-20,2014-07-20,,not observable,Guiuan Centre,POI 5×5,Reliability-qualified DNB-BRDF,1,G2,10.0
255,0,0.95,,,,,,0.0,0,2014-07-21,2014-07-21,2014-07-21,,not observable,Guiuan Centre,POI 5×5,Reliability-qualified DNB-BRDF,1,G2,10.0
256,0,0.95,2.3542252,3.2307544,72.86921,53.0781183710883,76.56391389256468,37.5,3,2014-07-22,2014-07-22,2014-07-22,0.7847417195638021,observed,Guiuan Centre,POI 5×5,Reliability-qualified DNB-BRDF,1,G2,10.0
257,0,0.95,,,,,,0.0,0,2014-07-23,2014-07-23,2014-07-23,,not observable,Guiuan Centre,POI 5×5,Reliability-qualified DNB-BRDF,1,G2,10.0
258,0,0.95,,,,,,0.0,0,2014-07-24,2014-07-24,2014-07-24,,not observable,Guiuan Centre,POI 5×5,Reliability-qualified DNB-BRDF,1,G2,10.0
259,0,0.95,,,,,,0.0,0,2014-07-25,2014-07-25,2014-07-25,,not observable,Guiuan Centre,POI 5×5,Reliability-qualified DNB-BRDF,1,G2,10.0
260,0,0.95,,,,,,0.0,0,2014-07-26,2014-07-26,2014-07-26,,not observable,Guiuan Centre,POI 5×5,Reliability-qualified DNB-BRDF,1,G2,10.0
261,0,0.95,,,,,,0.0,0,2014-07-27,2014-07-27,2014-07-27,,not observable,Guiuan Centre,POI 5×5,Reliability-qualified DNB-BRDF,1,G2,10.0
262,0,0.95,,,,,,0.0,0,2014-07-28,2014-07-28,2014-07-28,,not observable,Guiuan Centre,POI 5×5,Reliability-qualified DNB-BRDF,1,G2,10.0
263,0,0.95,,,,,,0.0,0,2014-07-29,2014-07-29,2014-07-29,,not observable,Guiuan Centre,POI 5×5,Reliability-qualified DNB-BRDF,1,G2,10.0
264,0,0.95,,,,,,0.0,0,2014-07-30,2014-07-30,2014-07-30,,not observable,Guiuan Centre,POI 5×5,Reliability-qualified DNB-BRDF,1,G2,10.0
265,0,0.95,,,,,,0.0,0,2014-07-31,2014-07-31,2014-07-31,,not observable,Guiuan Centre,POI 5×5,Reliability-qualified DNB-BRDF,1,G2,10.0
266,0,0.95,,,,,,0.0,0,2014-08-01,2014-08-01,2014-08-01,,not observable,Guiuan Centre,POI 5×5,Reliability-qualified DNB-BRDF,1,G2,10.0
267,0,0.95,,,,,,0.0,0,2014-08-02,2014-08-02,2014-08-02,,not observable,Guiuan Centre,POI 5×5,Reliability-qualified DNB-BRDF,1,G2,10.0
268,0,0.95,,,,,,0.0,0,2014-08-03,2014-08-03,2014-08-03,,not observable,Guiuan Centre,POI 5×5,Reliability-qualified DNB-BRDF,1,G2,10.0
269,0,0.95,,,,,,0.0,0,2014-08-04,2014-08-04,2014-08-04,,not observable,Guiuan Centre,POI 5×5,Reliability-qualified DNB-BRDF,1,G2,10.0
270,0,0.95,,,,,,0.0,0,2014-08-05,2014-08-05,2014-08-05,,not observable,Guiuan Centre,POI 5×5,Reliability-qualified DNB-BRDF,1,G2,10.0
271,0,0.95,,,,,,0.0,0,2014-08-06,2014-08-06,2014-08-06,,not observable,Guiuan Centre,POI 5×5,Reliability-qualified DNB-BRDF,1,G2,10.0
272,0,0.95,,,,,,0.0,0,2014-08-07,2014-08-07,2014-08-07,,not observable,Guiuan Centre,POI 5×5,Reliability-qualified DNB-BRDF,1,G2,10.0
273,0,0.95,,,,,,0.0,0,2014-08-08,2014-08-08,2014-08-08,,not observable,Guiuan Centre,POI 5×5,Reliability-qualified DNB-BRDF,1,G2,10.0
274,0,0.95,1.1126032,3.2307544,34.437874,25.0846362110372,36.183986656435486,37.5,3,2014-08-09,2014-08-09,2014-08-09,0.3708677291870117,observed,Guiuan Centre,POI 5×5,Reliability-qualified DNB-BRDF,1,G2,10.0
275,0,0.95,3.1711698,12.194314,26.005314,21.116778341205933,30.066873059735094,100.0,8,2014-08-10,2014-08-10,2014-08-10,0.3963962197303772,observed,Guiuan Centre,POI 5×5,Reliability-qualified DNB-BRDF,1,G2,10.0
276,0,0.95,3.4812074,6.102343,57.04706,45.840471738714825,72.67921241298198,62.5,5,2014-08-11,2014-08-11,2014-08-11,0.6962414741516113,observed,Guiuan Centre,POI 5×5,Reliability-qualified DNB-BRDF,1,G2,10.0
277,0,0.95,,,,,,0.0,0,2014-08-12,2014-08-12,2014-08-12,,not observable,Guiuan Centre,POI 5×5,Reliability-qualified DNB-BRDF,1,G2,10.0
278,0,0.95,1.7570455,8.97602,19.574884,16.433417347014686,21.14632162418713,75.0,6,2014-08-13,2014-08-13,2014-08-13,0.2928409179051717,observed,Guiuan Centre,POI 5×5,Reliability-qualified DNB-BRDF,1,G2,10.0
279,0,0.95,,,,,,0.0,0,2014-08-14,2014-08-14,2014-08-14,,not observable,Guiuan Centre,POI 5×5,Reliability-qualified DNB-BRDF,1,G2,10.0
280,0,0.95,,,,,,0.0,0,2014-08-15,2014-08-15,2014-08-15,,not observable,Guiuan Centre,POI 5×5,Reliability-qualified DNB-BRDF,1,G2,10.0
281,0,0.95,,,,,,0.0,0,2014-08-16,2014-08-16,2014-08-16,,not observable,Guiuan Centre,POI 5×5,Reliability-qualified DNB-BRDF,1,G2,10.0
282,0,0.95,,,,,,0.0,0,2014-08-17,2014-08-17,2014-08-17,,not observable,Guiuan Centre,POI 5×5,Reliability-qualified DNB-BRDF,1,G2,10.0
283,0,0.95,6.2614574,10.002683,62.597782,52.096054597430474,68.28583536175807,87.5,7,2014-08-18,2014-08-18,2014-08-18,0.8944939204624721,observed,Guiuan Centre,POI 5×5,Reliability-qualified DNB-BRDF,1,G2,10.0
284,0,0.95,,,,,,0.0,0,2014-08-19,2014-08-19,2014-08-19,,not observable,Guiuan Centre,POI 5×5,Reliability-qualified DNB-BRDF,1,G2,10.0
285,0,0.95,2.7958667,5.221423,53.546066,42.637818410630544,58.45123904767298,62.5,5,2014-08-20,2014-08-20,2014-08-20,0.5591733455657959,observed,Guiuan Centre,POI 5×5,Reliability-qualified DNB-BRDF,1,G2,10.0
286,0,0.95,11.846887,8.439716,140.37068,108.86041937577288,168.72751773202629,87.5,7,2014-08-21,2014-08-21,2014-08-21,1.6924123764038086,observed,Guiuan Centre,POI 5×5,Reliability-qualified DNB-BRDF,1,G2,10.0
287,0,0.95,13.433145,8.439716,159.16583,123.43645395216834,191.31955023156976,87.5,7,2014-08-22,2014-08-22,2014-08-22,1.919020652770996,observed,Guiuan Centre,POI 5×5,Reliability-qualified DNB-BRDF,1,G2,10.0
288,0,0.95,10.419282,8.439716,123.45536,95.74223278710232,148.39506749029465,87.5,7,2014-08-23,2014-08-23,2014-08-23,1.488468851361956,observed,Guiuan Centre,POI 5×5,Reliability-qualified DNB-BRDF,1,G2,10.0
289,0,0.95,,,,,,0.0,0,2014-08-24,2014-08-24,2014-08-24,,not observable,Guiuan Centre,POI 5×5,Reliability-qualified DNB-BRDF,1,G2,10.0
290,0,0.95,,,,,,0.0,0,2014-08-25,2014-08-25,2014-08-25,,not observable,Guiuan Centre,POI 5×5,Reliability-qualified DNB-BRDF,1,G2,10.0
291,0,0.95,5.354065,8.439716,63.43892,49.198219304450056,76.25446849898083,87.5,7,2014-08-26,2014-08-26,2014-08-26,0.7648664202008929,observed,Guiuan Centre,POI 5×5,Reliability-qualified DNB-BRDF,1,G2,10.0
292,0,0.95,0.6029049,0.7026166,85.808525,66.22584206441523,93.44808270087303,12.5,1,2014-08-27,2014-08-27,2014-08-27,0.6029049158096313,observed,Guiuan Centre,POI 5×5,Reliability-qualified DNB-BRDF,1,G2,10.0
293,0,0.95,,,,,,0.0,0,2014-08-28,2014-08-28,2014-08-28,,not observable,Guiuan Centre,POI 5×5,Reliability-qualified DNB-BRDF,1,G2,10.0
294,0,0.95,10.456126,12.194314,85.74592,69.62721273534234,99.1378766680351,100.0,8,2014-08-29,2014-08-29,2014-08-29,1.3070157766342163,observed,Guiuan Centre,POI 5×5,Reliability-qualified DNB-BRDF,1,G2,10.0
295,0,0.95,,,,,,0.0,0,2014-08-30,2014-08-30,2014-08-30,,not observable,Guiuan Centre,POI 5×5,Reliability-qualified DNB-BRDF,1,G2,10.0
296,0,0.95,,,,,,0.0,0,2014-08-31,2014-08-31,2014-08-31,,not observable,Guiuan Centre,POI 5×5,Reliability-qualified DNB-BRDF,1,G2,10.0
297,0,0.95,,,,,,0.0,0,2014-09-01,2014-09-01,2014-09-01,,not observable,Guiuan Centre,POI 5×5,Reliability-qualified DNB-BRDF,1,G2,10.0
298,0,0.95,,,,,,0.0,0,2014-09-02,2014-09-02,2014-09-02,,not observable,Guiuan Centre,POI 5×5,Reliability-qualified DNB-BRDF,1,G2,10.0
299,0,0.95,,,,,,0.0,0,2014-09-03,2014-09-03,2014-09-03,,not observable,Guiuan Centre,POI 5×5,Reliability-qualified DNB-BRDF,1,G2,10.0
300,0,0.95,,,,,,0.0,0,2014-09-04,2014-09-04,2014-09-04,,not observable,Guiuan Centre,POI 5×5,Reliability-qualified DNB-BRDF,1,G2,10.0
301,0,0.95,,,,,,0.0,0,2014-09-05,2014-09-05,2014-09-05,,not observable,Guiuan Centre,POI 5×5,Reliability-qualified DNB-BRDF,1,G2,10.0
302,0,0.95,,,,,,0.0,0,2014-09-06,2014-09-06,2014-09-06,,not observable,Guiuan Centre,POI 5×5,Reliability-qualified DNB-BRDF,1,G2,10.0
303,0,0.95,,,,,,0.0,0,2014-09-07,2014-09-07,2014-09-07,,not observable,Guiuan Centre,POI 5×5,Reliability-qualified DNB-BRDF,1,G2,10.0
304,0,0.95,,,,,,0.0,0,2014-09-08,2014-09-08,2014-09-08,,not observable,Guiuan Centre,POI 5×5,Reliability-qualified DNB-BRDF,1,G2,10.0
305,0,0.95,,,,,,0.0,0,2014-09-09,2014-09-09,2014-09-09,,not observable,Guiuan Centre,POI 5×5,Reliability-qualified DNB-BRDF,1,G2,10.0
306,0,0.95,,,,,,0.0,0,2014-09-10,2014-09-10,2014-09-10,,not observable,Guiuan Centre,POI 5×5,Reliability-qualified DNB-BRDF,1,G2,10.0
307,0,0.95,,,,,,0.0,0,2014-09-11,2014-09-11,2014-09-11,,not observable,Guiuan Centre,POI 5×5,Reliability-qualified DNB-BRDF,1,G2,10.0
308,0,0.95,,,,,,0.0,0,2014-09-12,2014-09-12,2014-09-12,,not observable,Guiuan Centre,POI 5×5,Reliability-qualified DNB-BRDF,1,G2,10.0
309,0,0.95,,,,,,0.0,0,2014-09-13,2014-09-13,2014-09-13,,not observable,Guiuan Centre,POI 5×5,Reliability-qualified DNB-BRDF,1,G2,10.0
310,0,0.95,,,,,,0.0,0,2014-09-14,2014-09-14,2014-09-14,,not observable,Guiuan Centre,POI 5×5,Reliability-qualified DNB-BRDF,1,G2,10.0
311,0,0.95,5.4897065,11.226313,48.900352,39.1277422654813,56.90002898873356,87.5,7,2014-09-15,2014-09-15,2014-09-15,0.7842437880379813,observed,Guiuan Centre,POI 5×5,Reliability-qualified DNB-BRDF,1,G2,10.0
312,0,0.95,,,,,,0.0,0,2014-09-16,2014-09-16,2014-09-16,,not observable,Guiuan Centre,POI 5×5,Reliability-qualified DNB-BRDF,1,G2,10.0
313,0,0.95,,,,,,0.0,0,2014-09-17,2014-09-17,2014-09-17,,not observable,Guiuan Centre,POI 5×5,Reliability-qualified DNB-BRDF,1,G2,10.0
314,0,0.95,,,,,,0.0,0,2014-09-18,2014-09-18,2014-09-18,,not observable,Guiuan Centre,POI 5×5,Reliability-qualified DNB-BRDF,1,G2,10.0
315,0,0.95,,,,,,0.0,0,2014-09-19,2014-09-19,2014-09-19,,not observable,Guiuan Centre,POI 5×5,Reliability-qualified DNB-BRDF,1,G2,10.0
316,0,0.95,,,,,,0.0,0,2014-09-20,2014-09-20,2014-09-20,,not observable,Guiuan Centre,POI 5×5,Reliability-qualified DNB-BRDF,1,G2,10.0
317,0,0.95,,,,,,0.0,0,2014-09-21,2014-09-21,2014-09-21,,not observable,Guiuan Centre,POI 5×5,Reliability-qualified DNB-BRDF,1,G2,10.0
318,0,0.95,,,,,,0.0,0,2014-09-22,2014-09-22,2014-09-22,,not observable,Guiuan Centre,POI 5×5,Reliability-qualified DNB-BRDF,1,G2,10.0
319,0,0.95,,,,,,0.0,0,2014-09-23,2014-09-23,2014-09-23,,not observable,Guiuan Centre,POI 5×5,Reliability-qualified DNB-BRDF,1,G2,10.0
320,0,0.95,,,,,,0.0,0,2014-09-24,2014-09-24,2014-09-24,,not observable,Guiuan Centre,POI 5×5,Reliability-qualified DNB-BRDF,1,G2,10.0
321,0,0.95,6.8344855,8.439716,80.98004,62.80172520218822,97.33913633087016,87.5,7,2014-09-25,2014-09-25,2014-09-25,0.9763550758361816,observed,Guiuan Centre,POI 5×5,Reliability-qualified DNB-BRDF,1,G2,10.0
322,0,0.95,,,,,,0.0,0,2014-09-26,2014-09-26,2014-09-26,,not observable,Guiuan Centre,POI 5×5,Reliability-qualified DNB-BRDF,1,G2,10.0
323,0,0.95,2.0850067,3.2182937,64.786095,48.203861362592264,93.16105850215708,25.0,2,2014-09-27,2014-09-27,2014-09-27,1.0425033569335938,observed,Guiuan Centre,POI 5×5,Reliability-qualified DNB-BRDF,1,G2,10.0
324,0,0.95,,,,,,0.0,0,2014-09-28,2014-09-28,2014-09-28,,not observable,Guiuan Centre,POI 5×5,Reliability-qualified DNB-BRDF,1,G2,10.0
325,0,0.95,18.463247,12.194314,151.40866,122.94652382561861,175.0559420225209,100.0,8,2014-09-29,2014-09-29,2014-09-29,2.307905912399292,observed,Guiuan Centre,POI 5×5,Reliability-qualified DNB-BRDF,1,G2,10.0
326,0,0.95,,,,,,0.0,0,2014-09-30,2014-09-30,2014-09-30,,not observable,Guiuan Centre,POI 5×5,Reliability-qualified DNB-BRDF,1,G2,10.0
327,0,0.95,,,,,,0.0,0,2014-10-01,2014-10-01,2014-10-01,,not observable,Guiuan Centre,POI 5×5,Reliability-qualified DNB-BRDF,1,G2,10.0
328,0,0.95,,,,,,0.0,0,2014-10-02,2014-10-02,2014-10-02,,not observable,Guiuan Centre,POI 5×5,Reliability-qualified DNB-BRDF,1,G2,10.0
329,0,0.95,,,,,,0.0,0,2014-10-03,2014-10-03,2014-10-03,,not observable,Guiuan Centre,POI 5×5,Reliability-qualified DNB-BRDF,1,G2,10.0
330,0,0.95,,,,,,0.0,0,2014-10-04,2014-10-04,2014-10-04,,not observable,Guiuan Centre,POI 5×5,Reliability-qualified DNB-BRDF,1,G2,10.0
331,0,0.95,,,,,,0.0,0,2014-10-05,2014-10-05,2014-10-05,,not observable,Guiuan Centre,POI 5×5,Reliability-qualified DNB-BRDF,1,G2,10.0
332,0,0.95,0.9624227,7.9533525,12.100843,10.070195921269342,12.832881375309638,62.5,5,2014-10-06,2014-10-06,2014-10-06,0.19248454570770263,observed,Guiuan Centre,POI 5×5,Reliability-qualified DNB-BRDF,1,G2,10.0
333,0,0.95,,,,,,0.0,0,2014-10-07,2014-10-07,2014-10-07,,not observable,Guiuan Centre,POI 5×5,Reliability-qualified DNB-BRDF,1,G2,10.0
334,0,0.95,,,,,,0.0,0,2014-10-08,2014-10-08,2014-10-08,,not observable,Guiuan Centre,POI 5×5,Reliability-qualified DNB-BRDF,1,G2,10.0
335,0,0.95,,,,,,0.0,0,2014-10-09,2014-10-09,2014-10-09,,not observable,Guiuan Centre,POI 5×5,Reliability-qualified DNB-BRDF,1,G2,10.0
336,0,0.95,,,,,,0.0,0,2014-10-10,2014-10-10,2014-10-10,,not observable,Guiuan Centre,POI 5×5,Reliability-qualified DNB-BRDF,1,G2,10.0
337,0,0.95,,,,,,0.0,0,2014-10-11,2014-10-11,2014-10-11,,not observable,Guiuan Centre,POI 5×5,Reliability-qualified DNB-BRDF,1,G2,10.0
338,0,0.95,7.342088,12.194314,60.20911,48.89086926828167,69.61268126781788,100.0,8,2014-10-12,2014-10-12,2014-10-12,0.9177610278129578,observed,Guiuan Centre,POI 5×5,Reliability-qualified DNB-BRDF,1,G2,10.0
339,0,0.95,8.811394,9.856939,89.3928,75.12589190317259,105.96262957113396,75.0,6,2014-10-13,2014-10-13,2014-10-13,1.4685656229654949,observed,Guiuan Centre,POI 5×5,Reliability-qualified DNB-BRDF,1,G2,10.0
340,0,0.95,,,,,,0.0,0,2014-10-14,2014-10-14,2014-10-14,,not observable,Guiuan Centre,POI 5×5,Reliability-qualified DNB-BRDF,1,G2,10.0
341,0,0.95,,,,,,0.0,0,2014-10-15,2014-10-15,2014-10-15,,not observable,Guiuan Centre,POI 5×5,Reliability-qualified DNB-BRDF,1,G2,10.0
342,0,0.95,10.70406,12.194314,87.779106,71.27819770883208,101.48861193737218,100.0,8,2014-10-16,2014-10-16,2014-10-16,1.3380074501037598,observed,Guiuan Centre,POI 5×5,Reliability-qualified DNB-BRDF,1,G2,10.0
343,0,0.95,4.6058197,9.36493,49.181572,38.716744727625986,58.26055981256816,62.5,5,2014-10-17,2014-10-17,2014-10-17,0.9211639404296875,observed,Guiuan Centre,POI 5×5,Reliability-qualified DNB-BRDF,1,G2,10.0
344,0,0.95,,,,,,0.0,0,2014-10-18,2014-10-18,2014-10-18,,not observable,Guiuan Centre,POI 5×5,Reliability-qualified DNB-BRDF,1,G2,10.0
345,0,0.95,,,,,,0.0,0,2014-10-19,2014-10-19,2014-10-19,,not observable,Guiuan Centre,POI 5×5,Reliability-qualified DNB-BRDF,1,G2,10.0
346,0,0.95,17.050365,12.194314,139.82225,113.53816029890041,161.65995579361385,100.0,8,2014-10-20,2014-10-20,2014-10-20,2.131295680999756,observed,Guiuan Centre,POI 5×5,Reliability-qualified DNB-BRDF,1,G2,10.0
347,0,0.95,11.203651,12.194314,91.87603,74.6049681558146,106.22539437227222,100.0,8,2014-10-21,2014-10-21,2014-10-21,1.400456428527832,observed,Guiuan Centre,POI 5×5,Reliability-qualified DNB-BRDF,1,G2,10.0
348,0,0.95,2.7045622,4.4572134,60.678318,53.60837543060648,64.8433187970522,25.0,2,2014-10-22,2014-10-22,2014-10-22,1.352281093597412,observed,Guiuan Centre,POI 5×5,Reliability-qualified DNB-BRDF,1,G2,10.0
349,0,0.95,,,,,,0.0,0,2014-10-23,2014-10-23,2014-10-23,,not observable,Guiuan Centre,POI 5×5,Reliability-qualified DNB-BRDF,1,G2,10.0
350,0,0.95,10.938978,8.439716,129.6131,100.51769223138135,155.79676061883026,87.5,7,2014-10-24,2014-10-24,2014-10-24,1.56271117074149,observed,Guiuan Centre,POI 5×5,Reliability-qualified DNB-BRDF,1,G2,10.0
351,0,0.95,15.325147,8.439716,181.58366,140.82195973758064,218.26610484259527,87.5,7,2014-10-25,2014-10-25,2014-10-25,2.1893066678728377,observed,Guiuan Centre,POI 5×5,Reliability-qualified DNB-BRDF,1,G2,10.0
352,0,0.95,,,,,,0.0,0,2014-10-26,2014-10-26,2014-10-26,,not observable,Guiuan Centre,POI 5×5,Reliability-qualified DNB-BRDF,1,G2,10.0
353,0,0.95,5.692723,8.439716,67.45159,52.31012823943817,81.07775204886501,87.5,7,2014-10-27,2014-10-27,2014-10-27,0.8132461139133998,observed,Guiuan Centre,POI 5×5,Reliability-qualified DNB-BRDF,1,G2,10.0
354,0,0.95,5.794251,6.2480865,92.73641,73.49003751394577,102.66686970214423,75.0,6,2014-10-28,2014-10-28,2014-10-28,0.9657084941864014,observed,Guiuan Centre,POI 5×5,Reliability-qualified DNB-BRDF,1,G2,10.0
355,0,0.95,,,,,,0.0,0,2014-10-29,2014-10-29,2014-10-29,,not observable,Guiuan Centre,POI 5×5,Reliability-qualified DNB-BRDF,1,G2,10.0
356,0,0.95,,,,,,0.0,0,2014-10-30,2014-10-30,2014-10-30,,not observable,Guiuan Centre,POI 5×5,Reliability-qualified DNB-BRDF,1,G2,10.0
357,0,0.95,,,,,,0.0,0,2014-10-31,2014-10-31,2014-10-31,,not observable,Guiuan Centre,POI 5×5,Reliability-qualified DNB-BRDF,1,G2,10.0
358,0,0.95,,,,,,0.0,0,2014-11-01,2014-11-01,2014-11-01,,not observable,Guiuan Centre,POI 5×5,Reliability-qualified DNB-BRDF,1,G2,10.0
359,0,0.95,,,,,,0.0,0,2014-11-02,2014-11-02,2014-11-02,,not observable,Guiuan Centre,POI 5×5,Reliability-qualified DNB-BRDF,1,G2,10.0
360,0,0.95,,,,,,0.0,0,2014-11-03,2014-11-03,2014-11-03,,not observable,Guiuan Centre,POI 5×5,Reliability-qualified DNB-BRDF,1,G2,10.0
361,0,0.95,,,,,,0.0,0,2014-11-04,2014-11-04,2014-11-04,,not observable,Guiuan Centre,POI 5×5,Reliability-qualified DNB-BRDF,1,G2,10.0
362,0,0.95,,,,,,0.0,0,2014-11-05,2014-11-05,2014-11-05,,not observable,Guiuan Centre,POI 5×5,Reliability-qualified DNB-BRDF,1,G2,10.0
363,0,0.95,2.7457566,12.194314,22.516695,18.28395728243536,26.03339457174074,100.0,8,2014-11-06,2014-11-06,2014-11-06,0.3432195782661438,observed,Guiuan Centre,POI 5×5,Reliability-qualified DNB-BRDF,1,G2,10.0
